id,item_id,dept_id,cat_id,store_id,state_id,d,sales,date,wm_yr_wk,weekday,wday,month,year,event_name_1,event_type_1,event_name_2,event_type_2,snap_CA,snap_TX,snap_WI,sell_price,is_weekend,quarter,lag_7,lag_28,rolling_mean_7,rolling_std_7,is_festival,snap,predicted_demand,demand_std,safety_stock,reorder_point,current_inventory,stockout_risk,recommended_order,risk_score,risk_level,recommendation
FOODS_1_009_CA_2_validation,FOODS_1_009,FOODS_1,FOODS,CA_2,CA,d_1886,0,2016-03-28,11609,Monday,3,3,2016,,,,,0,0,0,2.24,0,1,0.0,0.0,0.0,0.0,0,0,0.12056109,0.0,0.0,0.8439276218414307,0.14467332,HIGH,0.6992543041706085,82.85714154548606,CRITICAL,Urgent stock replenishment required
FOODS_1_002_CA_3_validation,FOODS_1_002,FOODS_1,FOODS,CA_3,CA,d_1886,0,2016-03-28,11609,Monday,3,3,2016,,,,,0,0,0,9.48,0,1,0.0,1.0,0.7142857142857143,1.1126972805283737,0,0,0.6229904,1.1126972805283737,4.857468476480316,9.218401303476167,0.7475885,HIGH,8.47081278819449,91.89025850936031,CRITICAL,Urgent stock replenishment required
FOODS_1_009_CA_3_validation,FOODS_1_009,FOODS_1,FOODS,CA_3,CA,d_1886,0,2016-03-28,11609,Monday,3,3,2016,,,,,0,0,0,1.98,0,1,0.0,0.0,0.0,0.0,0,0,0.1231853,0.0,0.0,0.8622971177101135,0.14782237,HIGH,0.7144747525453568,82.85714261027466,CRITICAL,Urgent stock replenishment required
FOODS_1_001_WI_1_validation,FOODS_1_001,FOODS_1,FOODS,WI_1,WI,d_1886,1,2016-03-28,11609,Monday,3,3,2016,,,,,0,0,0,2.24,0,1,0.0,0.0,0.5714285714285714,0.9759000729485333,0,0,0.6737767,0.9759000729485333,4.260281680828159,8.976718543773716,0.80853206,HIGH,8.168186484581058,90.9930109176314,CRITICAL,Urgent stock replenishment required
FOODS_1_008_TX_1_validation,FOODS_1_008,FOODS_1,FOODS,TX_1,TX,d_1886,0,2016-03-28,11609,Monday,3,3,2016,,,,,0,0,0,3.54,0,1,0.0,1.0,0.0,0.0,0,0,0.20354798,0.0,0.0,1.4248359203338623,0.24425758,HIGH,1.1805783361196518,82.85714300654513,CRITICAL,Urgent stock replenishment required
FOODS_1_010_CA_2_validation,FOODS_1_010,FOODS_1,FOODS,CA_2,CA,d_1886,0,2016-03-28,11609,Monday,3,3,2016,,,,,0,0,0,5.64,0,1,0.0,0.0,0.14285714285714285,0.3779644730092282,0,0,0.311638,0.3779644730092282,1.6500000000000041,3.8314661026001016,0.37396562,HIGH,3.4575004816055337,90.23962078795927,CRITICAL,Urgent stock replenishment required
FOODS_1_010_CA_4_validation,FOODS_1_010,FOODS_1,FOODS,CA_4,CA,d_1886,0,2016-03-28,11609,Monday,3,3,2016,,,,,0,0,0,5.56,0,1,0.0,0.0,0.0,0.0,0,0,0.09730765,0.0,0.0,0.6811535358428955,0.11676919,HIGH,0.5643843486905098,82.85714145080532,CRITICAL,Urgent stock replenishment required
FOODS_1_004_WI_2_validation,FOODS_1_004,FOODS_1,FOODS,WI_2,WI,d_1886,0,2016-03-28,11609,Monday,3,3,2016,,,,,0,0,0,1.96,0,1,0.0,0.0,0.0,7.389734084383283e-07,0,0,0.33279186,7.389734084383283e-07,3.2259807759590005e-06,2.329546339689272,0.39935026,HIGH,1.930196083961504,82.85716626778776,CRITICAL,Urgent stock replenishment required
FOODS_1_008_CA_3_validation,FOODS_1_008,FOODS_1,FOODS,CA_3,CA,d_1886,0,2016-03-28,11609,Monday,3,3,2016,,,,,0,0,0,3.54,0,1,0.0,0.0,0.0,0.0,0,0,0.12974538,0.0,0.0,0.9082176685333252,0.15569445,HIGH,0.7525232136249542,82.85714313840636,CRITICAL,Urgent stock replenishment required
FOODS_1_004_CA_3_validation,FOODS_1_004,FOODS_1,FOODS,CA_3,CA,d_1886,0,2016-03-28,11609,Monday,3,3,2016,,,,,0,0,0,1.5,0,1,0.0,3.0,0.0,0.0,0,0,1.0848104,0.0,0.0,7.593672752380371,1.3017725,HIGH,6.291900277137756,82.85714281229,CRITICAL,Urgent stock replenishment required
FOODS_1_004_CA_1_validation,FOODS_1_004,FOODS_1,FOODS,CA_1,CA,d_1886,0,2016-03-28,11609,Monday,3,3,2016,,,,,0,0,0,1.96,0,1,0.0,0.0,0.0,0.0,0,0,0.27270588,0.0,0.0,1.9089411497116089,0.32724708,HIGH,1.5816940665245056,82.85714134055198,CRITICAL,Urgent stock replenishment required
FOODS_1_004_CA_4_validation,FOODS_1_004,FOODS_1,FOODS,CA_4,CA,d_1886,0,2016-03-28,11609,Monday,3,3,2016,,,,,0,0,0,1.96,0,1,0.0,0.0,0.0,0.0,0,0,0.27270588,0.0,0.0,1.9089411497116089,0.32724708,HIGH,1.5816940665245056,82.85714134055198,CRITICAL,Urgent stock replenishment required
FOODS_1_010_TX_3_validation,FOODS_1_010,FOODS_1,FOODS,TX_3,TX,d_1886,0,2016-03-28,11609,Monday,3,3,2016,,,,,0,0,0,6.27,0,1,0.0,1.0,0.7142857142857143,0.9511897312113422,0,0,0.66507417,0.9511897312113422,4.1524089393989145,8.807927948035388,0.798089,HIGH,8.009838920630603,90.93896961790202,CRITICAL,Urgent stock replenishment required
FOODS_1_006_TX_1_validation,FOODS_1_006,FOODS_1,FOODS,TX_1,TX,d_1886,1,2016-03-28,11609,Monday,3,3,2016,,,,,0,0,0,2.48,0,1,2.0,1.0,1.2857142857142858,0.951189731211342,0,0,1.0999371,0.951189731211342,4.152408939398913,11.851968627967029,1.3199246,HIGH,10.532044034995227,88.86324597706762,CRITICAL,Urgent stock replenishment required
FOODS_1_001_WI_2_validation,FOODS_1_001,FOODS_1,FOODS,WI_2,WI,d_1886,0,2016-03-28,11609,Monday,3,3,2016,,,,,0,0,0,2.24,0,1,0.0,0.0,0.2857142857142857,0.7559289460184545,0,0,0.5125748,0.7559289460184545,3.3,6.8880236625671385,0.6150898,HIGH,6.272933888435364,91.0701559073545,CRITICAL,Urgent stock replenishment required
FOODS_1_005_CA_1_validation,FOODS_1_005,FOODS_1,FOODS,CA_1,CA,d_1886,1,2016-03-28,11609,Monday,3,3,2016,,,,,0,0,0,3.54,0,1,2.0,2.0,1.4285714285714286,1.397276262011537,0,0,1.2506716,1.397276262011537,6.09979507852515,14.854496692905034,1.500806,HIGH,13.353690718898381,89.89662184432352,CRITICAL,Urgent stock replenishment required
FOODS_1_003_TX_1_validation,FOODS_1_003,FOODS_1,FOODS,TX_1,TX,d_1886,0,2016-03-28,11609,Monday,3,3,2016,,,,,0,0,0,3.23,0,1,1.0,1.0,0.5714285714285714,0.7867957924694432,0,0,0.6103793,0.7867957924694432,3.434748899119119,7.707403909342508,0.73245513,HIGH,6.9749487749507235,90.49673349149458,CRITICAL,Urgent stock replenishment required
FOODS_1_001_CA_3_validation,FOODS_1_001,FOODS_1,FOODS,CA_3,CA,d_1886,0,2016-03-28,11609,Monday,3,3,2016,,,,,0,0,0,2.24,0,1,2.0,1.0,2.4285714285714284,4.27617987059879,0,0,1.174035,4.27617987059879,18.667619023324857,26.88586357593716,1.408842,HIGH,25.47702160835446,94.75991550874484,CRITICAL,Urgent stock replenishment required
FOODS_1_005_TX_3_validation,FOODS_1_005,FOODS_1,FOODS,TX_3,TX,d_1886,0,2016-03-28,11609,Monday,3,3,2016,,,,,0,0,0,3.54,0,1,0.0,1.0,1.4285714285714286,1.511857892036909,0,0,1.1452553,1.511857892036909,6.6,14.616787528991699,1.3743064,HIGH,13.242481088638305,90.59775318189772,CRITICAL,Urgent stock replenishment required
FOODS_1_002_CA_2_validation,FOODS_1_002,FOODS_1,FOODS,CA_2,CA,d_1886,2,2016-03-28,11609,Monday,3,3,2016,,,,,0,0,0,9.48,0,1,1.0,0.0,0.7142857142857143,0.7559289460184545,0,0,0.52002484,0.7559289460184545,3.3,6.94017391204834,0.6240298,HIGH,6.316144096851349,91.00844124217612,CRITICAL,Urgent stock replenishment required
FOODS_1_001_WI_3_validation,FOODS_1_001,FOODS_1,FOODS,WI_3,WI,d_1886,0,2016-03-28,11609,Monday,3,3,2016,,,,,0,0,0,2.24,0,1,0.0,0.0,0.2857142857142857,0.48795003647426666,0,0,0.4904001,0.48795003647426666,2.1301408404140796,5.562941610219988,0.5884802,HIGH,4.974461435678514,89.42142097158914,CRITICAL,Urgent stock replenishment required
FOODS_1_008_CA_2_validation,FOODS_1_008,FOODS_1,FOODS,CA_2,CA,d_1886,1,2016-03-28,11609,Monday,3,3,2016,,,,,0,0,0,3.54,0,1,0.0,0.0,0.5714285714285714,0.9759000729485332,0,0,0.5970591,0.9759000729485332,4.260281680828159,8.439694999462192,0.7164709,HIGH,7.723224102264469,91.51070154498025,CRITICAL,Urgent stock replenishment required
FOODS_1_006_CA_1_validation,FOODS_1_006,FOODS_1,FOODS,CA_1,CA,d_1886,3,2016-03-28,11609,Monday,3,3,2016,,,,,0,0,0,2.48,0,1,0.0,1.0,0.5714285714285714,1.1338934190276813,0,0,0.6667489,1.1338934190276813,4.9499999999999975,9.617242050170896,0.8000987,HIGH,8.817143332958219,91.6805804300365,CRITICAL,Urgent stock replenishment required
FOODS_1_009_WI_3_validation,FOODS_1_009,FOODS_1,FOODS,WI_3,WI,d_1886,0,2016-03-28,11609,Monday,3,3,2016,,,,,0,0,0,2.24,0,1,0.0,0.0,0.0,0.0,0,0,0.12056109,0.0,0.0,0.8439276218414307,0.14467332,HIGH,0.6992543041706085,82.85714154548606,CRITICAL,Urgent stock replenishment required
FOODS_1_008_WI_1_validation,FOODS_1_008,FOODS_1,FOODS,WI_1,WI,d_1886,0,2016-03-28,11609,Monday,3,3,2016,,,,,0,0,0,3.54,0,1,0.0,0.0,0.5714285714285714,1.133893419027682,0,0,0.54956865,1.133893419027682,4.950000000000001,8.796980571746827,0.6594824,HIGH,8.137498152256013,92.50330935583891,CRITICAL,Urgent stock replenishment required
FOODS_1_010_WI_1_validation,FOODS_1_010,FOODS_1,FOODS,WI_1,WI,d_1886,0,2016-03-28,11609,Monday,3,3,2016,,,,,0,0,0,6.77,0,1,2.0,0.0,1.7142857142857142,1.1126972805283728,0,0,1.1505592,1.1126972805283728,4.857468476480312,12.911382546609707,1.380671,HIGH,11.530711522287197,89.30655939177444,CRITICAL,Urgent stock replenishment required
FOODS_1_009_TX_1_validation,FOODS_1_009,FOODS_1,FOODS,TX_1,TX,d_1886,0,2016-03-28,11609,Monday,3,3,2016,,,,,0,0,0,2.24,0,1,0.0,0.0,0.0,0.0,0,0,0.12056109,0.0,0.0,0.8439276218414307,0.14467332,HIGH,0.6992543041706085,82.85714154548606,CRITICAL,Urgent stock replenishment required
FOODS_1_001_CA_4_validation,FOODS_1_001,FOODS_1,FOODS,CA_4,CA,d_1886,2,2016-03-28,11609,Monday,3,3,2016,,,,,0,0,0,2.24,0,1,1.0,0.0,0.42857142857142855,0.5345224838248488,0,0,0.58106107,0.5345224838248488,2.333452377915607,6.400880013108479,0.6972733,HIGH,5.703606699109303,89.1066023332539,CRITICAL,Urgent stock replenishment required
FOODS_1_008_TX_3_validation,FOODS_1_008,FOODS_1,FOODS,TX_3,TX,d_1886,0,2016-03-28,11609,Monday,3,3,2016,,,,,0,0,0,3.54,0,1,0.0,0.0,0.0,0.0,0,0,0.12974538,0.0,0.0,0.9082176685333252,0.15569445,HIGH,0.7525232136249542,82.85714313840636,CRITICAL,Urgent stock replenishment required
FOODS_1_011_CA_2_validation,FOODS_1_011,FOODS_1,FOODS,CA_2,CA,d_1886,1,2016-03-28,11609,Monday,3,3,2016,,,,,0,0,0,2.68,0,1,5.0,10.0,3.7142857142857144,2.5634797778466236,0,0,3.2144861,2.5634797778466236,11.190844472156694,33.69224828075045,3.8573835,HIGH,29.834864791141683,88.55112470540406,CRITICAL,Urgent stock replenishment required
FOODS_1_011_WI_2_validation,FOODS_1_011,FOODS_1,FOODS,WI_2,WI,d_1886,0,2016-03-28,11609,Monday,3,3,2016,,,,,0,0,0,2.68,0,1,0.0,0.0,0.0,0.0,0,0,0.09509308,0.0,0.0,0.6656515598297119,0.1141117,HIGH,0.5515398606657982,82.85714237744655,CRITICAL,Urgent stock replenishment required
FOODS_1_005_TX_1_validation,FOODS_1_005,FOODS_1,FOODS,TX_1,TX,d_1886,0,2016-03-28,11609,Monday,3,3,2016,,,,,0,0,0,3.54,0,1,1.0,0.0,1.4285714285714286,1.7182493859684491,0,0,1.2246046,1.7182493859684491,7.5009999333422215,16.073232179741147,1.4695256,HIGH,14.60370660410333,90.85731134096339,CRITICAL,Urgent stock replenishment required
FOODS_1_002_TX_3_validation,FOODS_1_002,FOODS_1,FOODS,TX_3,TX,d_1886,1,2016-03-28,11609,Monday,3,3,2016,,,,,0,0,0,9.48,0,1,1.0,2.0,0.5714285714285714,0.7867957924694432,0,0,0.6572079,0.7867957924694432,3.434748899119119,8.035204183237772,0.7886495,HIGH,7.2465546838214205,90.18507207244899,CRITICAL,Urgent stock replenishment required
FOODS_1_004_WI_3_validation,FOODS_1_004,FOODS_1,FOODS,WI_3,WI,d_1886,0,2016-03-28,11609,Monday,3,3,2016,,,,,0,0,0,1.96,0,1,0.0,0.0,0.0,4.272243734249905e-07,0,0,0.29603696,4.272243734249905e-07,1.8650435860780626e-06,2.0722605759047923,0.35524437,HIGH,1.7170162075900492,82.8571574228962,CRITICAL,Urgent stock replenishment required
FOODS_1_008_TX_2_validation,FOODS_1_008,FOODS_1,FOODS,TX_2,TX,d_1886,0,2016-03-28,11609,Monday,3,3,2016,,,,,0,0,0,3.54,0,1,0.0,0.0,0.0,0.0,0,0,0.12974538,0.0,0.0,0.9082176685333252,0.15569445,HIGH,0.7525232136249542,82.85714313840636,CRITICAL,Urgent stock replenishment required
FOODS_1_011_CA_4_validation,FOODS_1_011,FOODS_1,FOODS,CA_4,CA,d_1886,0,2016-03-28,11609,Monday,3,3,2016,,,,,0,0,0,2.68,0,1,0.0,0.0,0.42857142857142855,0.7867957924694424,0,0,0.5101849,0.7867957924694424,3.4347488991191155,7.006043206827856,0.6122219,HIGH,6.393821310179449,91.26151697078095,CRITICAL,Urgent stock replenishment required
FOODS_1_001_TX_1_validation,FOODS_1_001,FOODS_1,FOODS,TX_1,TX,d_1886,0,2016-03-28,11609,Monday,3,3,2016,,,,,0,0,0,2.24,0,1,1.0,0.0,0.5714285714285714,0.7867957924694434,0,0,0.62810767,0.7867957924694434,3.4347488991191204,7.831502687113505,0.7537292,HIGH,7.077773462908488,90.37567559741434,CRITICAL,Urgent stock replenishment required
FOODS_1_004_TX_1_validation,FOODS_1_004,FOODS_1,FOODS,TX_1,TX,d_1886,0,2016-03-28,11609,Monday,3,3,2016,,,,,0,0,0,1.96,0,1,0.0,0.0,0.0,0.0,0,0,0.27270588,0.0,0.0,1.9089411497116089,0.32724708,HIGH,1.5816940665245056,82.85714134055198,CRITICAL,Urgent stock replenishment required
FOODS_1_002_CA_1_validation,FOODS_1_002,FOODS_1,FOODS,CA_1,CA,d_1886,0,2016-03-28,11609,Monday,3,3,2016,,,,,0,0,0,9.48,0,1,0.0,1.0,0.2857142857142857,0.48795003647426666,0,0,0.4314887,0.48795003647426666,2.1301408404140796,5.1505616301327075,0.51778644,HIGH,4.6327751868992175,89.94699063099748,CRITICAL,Urgent stock replenishment required
FOODS_1_005_WI_2_validation,FOODS_1_005,FOODS_1,FOODS,WI_2,WI,d_1886,0,2016-03-28,11609,Monday,3,3,2016,,,,,0,0,0,3.54,0,1,0.0,1.0,1.5714285714285714,1.5118578920369063,0,0,1.2731947,1.5118578920369063,6.599999999999989,15.512363052368153,1.5278337,HIGH,13.9845293521881,90.15086421699749,CRITICAL,Urgent stock replenishment required
FOODS_1_006_WI_2_validation,FOODS_1_006,FOODS_1,FOODS,WI_2,WI,d_1886,2,2016-03-28,11609,Monday,3,3,2016,,,,,0,0,0,2.48,0,1,1.0,0.0,1.1428571428571428,0.6900655593423456,0,0,0.90203106,0.6900655593423456,3.012474066278376,9.326691633722223,1.0824373,HIGH,8.244254356882013,88.39419893623935,CRITICAL,Urgent stock replenishment required
FOODS_1_008_CA_4_validation,FOODS_1_008,FOODS_1,FOODS,CA_4,CA,d_1886,0,2016-03-28,11609,Monday,3,3,2016,,,,,0,0,0,3.54,0,1,0.0,0.0,0.14285714285714285,0.37796447300922725,0,0,0.31438103,0.37796447300922725,1.65,3.850667142868042,0.37725726,HIGH,3.4734098851680755,90.20280788489605,CRITICAL,Urgent stock replenishment required
FOODS_1_002_WI_1_validation,FOODS_1_002,FOODS_1,FOODS,WI_1,WI,d_1886,2,2016-03-28,11609,Monday,3,3,2016,,,,,0,0,0,9.48,0,1,2.0,0.0,1.1428571428571428,0.6900655593423556,0,0,0.70599586,0.6900655593423556,3.0124740662784197,7.954444891473733,0.8471951,HIGH,7.10724980261036,89.34941280727872,CRITICAL,Urgent stock replenishment required
FOODS_1_006_CA_4_validation,FOODS_1_006,FOODS_1,FOODS,CA_4,CA,d_1886,1,2016-03-28,11609,Monday,3,3,2016,,,,,0,0,0,2.48,0,1,1.0,3.0,2.142857142857143,1.8644544714716096,0,0,1.6558207,1.8644544714716096,8.139256722821811,19.730001695050817,1.986985,HIGH,17.74301672686539,89.92911912073555,CRITICAL,Urgent stock replenishment required
FOODS_1_002_TX_1_validation,FOODS_1_002,FOODS_1,FOODS,TX_1,TX,d_1886,0,2016-03-28,11609,Monday,3,3,2016,,,,,0,0,0,9.48,0,1,0.0,0.0,0.0,0.0,0,0,0.10654569,0.0,0.0,0.7458198070526123,0.12785482,HIGH,0.6179649829864502,82.85714285714286,CRITICAL,Urgent stock replenishment required
FOODS_1_011_CA_3_validation,FOODS_1_011,FOODS_1,FOODS,CA_3,CA,d_1886,1,2016-03-28,11609,Monday,3,3,2016,,,,,0,0,0,2.68,0,1,1.0,0.0,3.0,3.316624790355399,0,0,1.5893991,3.316624790355399,14.478691239196996,25.604484696228248,1.907279,HIGH,23.697205681640845,92.55099629140999,CRITICAL,Urgent stock replenishment required
FOODS_1_006_CA_3_validation,FOODS_1_006,FOODS_1,FOODS,CA_3,CA,d_1886,0,2016-03-28,11609,Monday,3,3,2016,,,,,0,0,0,2.48,0,1,0.0,2.0,1.1428571428571428,1.4638501094228,0,0,1.0529021,1.4638501094228,6.390422521242239,13.760737119325736,1.2634826,HIGH,12.497254548677542,90.81820574223642,CRITICAL,Urgent stock replenishment required
FOODS_1_011_TX_3_validation,FOODS_1_011,FOODS_1,FOODS,TX_3,TX,d_1886,0,2016-03-28,11609,Monday,3,3,2016,,,,,0,0,0,2.68,0,1,0.0,0.0,0.14285714285714285,0.3779644730092274,0,0,0.35059023,0.3779644730092274,1.6500000000000008,4.104131603240967,0.4207083,HIGH,3.6834233045578006,89.74915184613135,CRITICAL,Urgent stock replenishment required
FOODS_1_003_CA_1_validation,FOODS_1_003,FOODS_1,FOODS,CA_1,CA,d_1886,4,2016-03-28,11609,Monday,3,3,2016,,,,,0,0,0,3.23,0,1,1.0,0.0,0.8571428571428571,0.6900655593423541,0,0,0.65242225,0.6900655593423541,3.012474066278413,7.579429632684663,0.7829067,HIGH,6.796522921583131,89.67063817407296,CRITICAL,Urgent stock replenishment required
FOODS_1_003_WI_2_validation,FOODS_1_003,FOODS_1,FOODS,WI_2,WI,d_1886,0,2016-03-28,11609,Monday,3,3,2016,,,,,0,0,0,3.23,0,1,0.0,0.0,0.0,0.0,0,0,0.086861655,0.0,0.0,0.6080315709114075,0.10423399,HIGH,0.5037975832819939,82.85714219194699,CRITICAL,Urgent stock replenishment required
FOODS_1_006_WI_1_validation,FOODS_1_006,FOODS_1,FOODS,WI_1,WI,d_1886,0,2016-03-28,11609,Monday,3,3,2016,,,,,0,0,0,2.48,0,1,3.0,0.0,1.1428571428571428,1.0690449676496974,0,0,0.96961063,1.0690449676496974,4.6669047558312124,11.45417911648795,1.1635329,HIGH,10.290646263361424,89.84184862753146,CRITICAL,Urgent stock replenishment required
FOODS_1_009_CA_4_validation,FOODS_1_009,FOODS_1,FOODS,CA_4,CA,d_1886,0,2016-03-28,11609,Monday,3,3,2016,,,,,0,0,0,2.24,0,1,0.0,0.0,0.0,0.0,0,0,0.12056109,0.0,0.0,0.8439276218414307,0.14467332,HIGH,0.6992543041706085,82.85714154548606,CRITICAL,Urgent stock replenishment required
FOODS_1_005_WI_1_validation,FOODS_1_005,FOODS_1,FOODS,WI_1,WI,d_1886,2,2016-03-28,11609,Monday,3,3,2016,,,,,0,0,0,3.54,0,1,4.0,4.0,3.0,2.645751311064589,0,0,2.4749432,2.645751311064589,11.549999999999994,28.87460212707519,2.9699318,HIGH,25.904670286178582,89.71438003603951,CRITICAL,Urgent stock replenishment required
FOODS_1_001_TX_3_validation,FOODS_1_001,FOODS_1,FOODS,TX_3,TX,d_1886,0,2016-03-28,11609,Monday,3,3,2016,,,,,0,0,0,2.24,0,1,0.0,0.0,0.2857142857142857,0.487950036474267,0,0,0.4904001,0.487950036474267,2.130140840414081,5.562941610219989,0.5884802,HIGH,4.974461435678515,89.42142097158914,CRITICAL,Urgent stock replenishment required
FOODS_1_011_WI_3_validation,FOODS_1_011,FOODS_1,FOODS,WI_3,WI,d_1886,0,2016-03-28,11609,Monday,3,3,2016,,,,,0,0,0,2.68,0,1,0.0,0.0,0.0,0.0,0,0,0.09509308,0.0,0.0,0.6656515598297119,0.1141117,HIGH,0.5515398606657982,82.85714237744655,CRITICAL,Urgent stock replenishment required
FOODS_1_003_TX_2_validation,FOODS_1_003,FOODS_1,FOODS,TX_2,TX,d_1886,0,2016-03-28,11609,Monday,3,3,2016,,,,,0,0,0,3.23,0,1,1.0,0.0,0.42857142857142855,0.5345224838248488,0,0,0.45965314,0.5345224838248488,2.333452377915607,5.551024351716267,0.55158377,HIGH,4.999440584779011,90.06338772830789,CRITICAL,Urgent stock replenishment required
FOODS_1_010_CA_3_validation,FOODS_1_010,FOODS_1,FOODS,CA_3,CA,d_1886,1,2016-03-28,11609,Monday,3,3,2016,,,,,0,0,0,5.64,0,1,2.0,0.0,0.7142857142857143,0.7559289460184547,0,0,0.53323853,0.7559289460184547,3.300000000000001,7.032669830322266,0.63988626,HIGH,6.3927835702896125,90.90123273989487,CRITICAL,Urgent stock replenishment required
FOODS_1_010_CA_1_validation,FOODS_1_010,FOODS_1,FOODS,CA_1,CA,d_1886,0,2016-03-28,11609,Monday,3,3,2016,,,,,0,0,0,5.64,0,1,0.0,0.0,0.0,0.0,0,0,0.09730765,0.0,0.0,0.6811535358428955,0.11676919,HIGH,0.5643843486905098,82.85714145080532,CRITICAL,Urgent stock replenishment required
FOODS_1_006_TX_2_validation,FOODS_1_006,FOODS_1,FOODS,TX_2,TX,d_1886,3,2016-03-28,11609,Monday,3,3,2016,,,,,0,0,0,2.48,0,1,3.0,1.0,1.1428571428571428,1.3451854182690985,0,0,1.0006073,1.3451854182690985,5.872393038617221,12.876643565045445,1.2007288,HIGH,11.675914790974705,90.67514163915973,CRITICAL,Urgent stock replenishment required
FOODS_1_005_CA_4_validation,FOODS_1_005,FOODS_1,FOODS,CA_4,CA,d_1886,0,2016-03-28,11609,Monday,3,3,2016,,,,,0,0,0,3.54,0,1,3.0,0.0,2.2857142857142856,1.976047040118708,0,0,2.029416,1.976047040118708,8.62641292774697,22.832325517773825,2.4352994,HIGH,20.397026121258932,89.33398442213372,CRITICAL,Urgent stock replenishment required
FOODS_1_006_CA_2_validation,FOODS_1_006,FOODS_1,FOODS,CA_2,CA,d_1886,0,2016-03-28,11609,Monday,3,3,2016,,,,,0,0,0,2.48,0,1,1.0,0.0,0.5714285714285714,1.1338934190276808,0,0,0.58486646,1.1338934190276808,4.949999999999996,9.044065189361568,0.7018398,HIGH,8.342225384712215,92.23977503529144,CRITICAL,Urgent stock replenishment required
FOODS_1_004_TX_3_validation,FOODS_1_004,FOODS_1,FOODS,TX_3,TX,d_1886,0,2016-03-28,11609,Monday,3,3,2016,,,,,0,0,0,1.96,0,1,0.0,0.0,0.0,0.0,0,0,0.27270588,0.0,0.0,1.9089411497116089,0.32724708,HIGH,1.5816940665245056,82.85714134055198,CRITICAL,Urgent stock replenishment required
FOODS_1_011_TX_1_validation,FOODS_1_011,FOODS_1,FOODS,TX_1,TX,d_1886,0,2016-03-28,11609,Monday,3,3,2016,,,,,0,0,0,2.68,0,1,3.0,0.0,1.4285714285714286,1.1338934190276815,0,0,1.1413915,1.1338934190276815,4.949999999999999,12.9397403717041,1.3696699,HIGH,11.570070457458495,89.41501239668824,CRITICAL,Urgent stock replenishment required
FOODS_1_003_CA_3_validation,FOODS_1_003,FOODS_1,FOODS,CA_3,CA,d_1886,0,2016-03-28,11609,Monday,3,3,2016,,,,,0,0,0,3.23,0,1,0.0,2.0,0.42857142857142855,0.5345224838248481,0,0,0.65187186,0.5345224838248481,2.333452377915604,6.896555576920731,0.7822463,HIGH,6.11430928528331,88.65743510782104,CRITICAL,Urgent stock replenishment required
FOODS_1_005_CA_2_validation,FOODS_1_005,FOODS_1,FOODS,CA_2,CA,d_1886,9,2016-03-28,11609,Monday,3,3,2016,,,,,0,0,0,3.54,0,1,5.0,4.0,6.428571428571429,6.023762469230863,0,0,2.8531723,6.023762469230863,26.29667279334023,46.268878909062884,3.423807,HIGH,42.845072003316425,92.6001948037781,CRITICAL,Urgent stock replenishment required
FOODS_1_003_CA_4_validation,FOODS_1_003,FOODS_1,FOODS,CA_4,CA,d_1886,0,2016-03-28,11609,Monday,3,3,2016,,,,,0,0,0,3.23,0,1,2.0,0.0,0.42857142857142855,0.7867957924694432,0,0,0.45491633,0.7867957924694432,3.434748899119119,6.619163285868387,0.5458996,HIGH,6.073263656275492,91.75273964371952,CRITICAL,Urgent stock replenishment required
FOODS_1_005_CA_3_validation,FOODS_1_005,FOODS_1,FOODS,CA_3,CA,d_1886,0,2016-03-28,11609,Monday,3,3,2016,,,,,0,0,0,3.54,0,1,0.0,1.0,4.428571428571429,4.035556254807296,0,0,3.1336913,4.035556254807296,17.617179115851666,39.55301781519249,3.7604296,HIGH,35.79258819444969,90.4926859479774,CRITICAL,Urgent stock replenishment required
FOODS_1_004_CA_2_validation,FOODS_1_004,FOODS_1,FOODS,CA_2,CA,d_1886,0,2016-03-28,11609,Monday,3,3,2016,,,,,0,0,0,1.96,0,1,0.0,0.0,0.0,0.0,0,0,0.27270588,0.0,0.0,1.9089411497116089,0.32724708,HIGH,1.5816940665245056,82.85714134055198,CRITICAL,Urgent stock replenishment required
FOODS_1_001_CA_1_validation,FOODS_1_001,FOODS_1,FOODS,CA_1,CA,d_1886,2,2016-03-28,11609,Monday,3,3,2016,,,,,0,0,0,2.24,0,1,0.0,1.0,0.8571428571428571,0.8997354108424372,0,0,0.86084133,0.8997354108424372,3.9277856356985668,9.953675032366046,1.0330096,HIGH,8.920665384042987,89.6218266623729,CRITICAL,Urgent stock replenishment required
FOODS_1_011_TX_2_validation,FOODS_1_011,FOODS_1,FOODS,TX_2,TX,d_1886,0,2016-03-28,11609,Monday,3,3,2016,,,,,0,0,0,2.68,0,1,0.0,1.0,0.7142857142857143,1.4960264830861913,0,0,0.71522975,1.4960264830861913,6.530888147870855,11.537496157209233,0.8582757,HIGH,10.679220445672826,92.56098810485747,CRITICAL,Urgent stock replenishment required
FOODS_1_002_WI_3_validation,FOODS_1_002,FOODS_1,FOODS,WI_3,WI,d_1886,1,2016-03-28,11609,Monday,3,3,2016,,,,,0,0,0,9.48,0,1,0.0,0.0,0.2857142857142857,0.4879500364742666,0,0,0.3540678,0.4879500364742666,2.1301408404140796,4.608615457418474,0.42488137,HIGH,4.183734088542971,90.78071553590844,CRITICAL,Urgent stock replenishment required
FOODS_1_003_TX_3_validation,FOODS_1_003,FOODS_1,FOODS,TX_3,TX,d_1886,0,2016-03-28,11609,Monday,3,3,2016,,,,,0,0,0,3.23,0,1,0.0,0.0,0.42857142857142855,0.7867957924694432,0,0,0.45965314,0.7867957924694432,3.434748899119119,6.652320872919779,0.55158377,HIGH,6.100737105982523,91.70840106070891,CRITICAL,Urgent stock replenishment required
FOODS_1_010_TX_2_validation,FOODS_1_010,FOODS_1,FOODS,TX_2,TX,d_1886,0,2016-03-28,11609,Monday,3,3,2016,,,,,0,0,0,6.27,0,1,0.0,0.0,0.2857142857142857,0.4879500364742644,0,0,0.37037605,0.4879500364742644,2.13014084041407,4.722773134115242,0.44445127,HIGH,4.278321861627601,90.5891886002925,CRITICAL,Urgent stock replenishment required
FOODS_1_004_TX_2_validation,FOODS_1_004,FOODS_1,FOODS,TX_2,TX,d_1886,0,2016-03-28,11609,Monday,3,3,2016,,,,,0,0,0,1.96,0,1,0.0,0.0,0.0,0.0,0,0,0.27270588,0.0,0.0,1.9089411497116089,0.32724708,HIGH,1.5816940665245056,82.85714134055198,CRITICAL,Urgent stock replenishment required
FOODS_1_006_WI_3_validation,FOODS_1_006,FOODS_1,FOODS,WI_3,WI,d_1886,1,2016-03-28,11609,Monday,3,3,2016,,,,,0,0,0,2.48,0,1,1.0,0.0,1.0,0.816496580927726,0,0,0.8845848,0.816496580927726,3.564407384124323,9.756500756469293,1.0615017,HIGH,8.694999015059992,89.12005679182215,CRITICAL,Urgent stock replenishment required
FOODS_1_003_WI_1_validation,FOODS_1_003,FOODS_1,FOODS,WI_1,WI,d_1886,2,2016-03-28,11609,Monday,3,3,2016,,,,,0,0,0,3.23,0,1,0.0,1.0,2.0,1.8257418583505534,0,0,1.5413884,1.8257418583505534,7.97025721040419,18.75997583833388,1.8496661,HIGH,16.910309719712053,90.14035980343725,CRITICAL,Urgent stock replenishment required
FOODS_1_006_TX_3_validation,FOODS_1_006,FOODS_1,FOODS,TX_3,TX,d_1886,0,2016-03-28,11609,Monday,3,3,2016,,,,,0,0,0,2.48,0,1,0.0,0.0,0.14285714285714285,0.37796447300922725,0,0,0.34015453,0.37796447300922725,1.65,4.031081581115723,0.40818545,HIGH,3.622896128892899,89.87404635681308,CRITICAL,Urgent stock replenishment required
FOODS_1_009_WI_2_validation,FOODS_1_009,FOODS_1,FOODS,WI_2,WI,d_1886,0,2016-03-28,11609,Monday,3,3,2016,,,,,0,0,0,2.24,0,1,0.0,0.0,0.0,0.0,0,0,0.12056109,0.0,0.0,0.8439276218414307,0.14467332,HIGH,0.6992543041706085,82.85714154548606,CRITICAL,Urgent stock replenishment required
FOODS_1_010_WI_2_validation,FOODS_1_010,FOODS_1,FOODS,WI_2,WI,d_1886,0,2016-03-28,11609,Monday,3,3,2016,,,,,0,0,0,6.77,0,1,0.0,0.0,0.2857142857142857,0.48795003647426666,0,0,0.37037605,0.48795003647426666,2.1301408404140796,4.7227731341152515,0.44445127,HIGH,4.278321861627611,90.58918860029252,CRITICAL,Urgent stock replenishment required
FOODS_1_009_TX_2_validation,FOODS_1_009,FOODS_1,FOODS,TX_2,TX,d_1886,0,2016-03-28,11609,Monday,3,3,2016,,,,,0,0,0,2.24,0,1,0.0,0.0,0.0,0.0,0,0,0.12056109,0.0,0.0,0.8439276218414307,0.14467332,HIGH,0.6992543041706085,82.85714154548606,CRITICAL,Urgent stock replenishment required
FOODS_1_001_CA_2_validation,FOODS_1_001,FOODS_1,FOODS,CA_2,CA,d_1886,0,2016-03-28,11609,Monday,3,3,2016,,,,,0,0,0,2.24,0,1,1.0,0.0,0.5714285714285714,0.7867957924694435,0,0,0.62810767,0.7867957924694435,3.434748899119121,7.831502687113506,0.7537292,HIGH,7.077773462908489,90.37567559741434,CRITICAL,Urgent stock replenishment required
FOODS_1_010_WI_3_validation,FOODS_1_010,FOODS_1,FOODS,WI_3,WI,d_1886,0,2016-03-28,11609,Monday,3,3,2016,,,,,0,0,0,6.77,0,1,0.0,0.0,0.14285714285714285,0.37796447300922725,0,0,0.31334114,0.37796447300922725,1.65,3.843387985229492,0.37600937,HIGH,3.4673786103725432,90.21672086445633,CRITICAL,Urgent stock replenishment required
FOODS_1_003_WI_3_validation,FOODS_1_003,FOODS_1,FOODS,WI_3,WI,d_1886,0,2016-03-28,11609,Monday,3,3,2016,,,,,0,0,0,3.23,0,1,0.0,0.0,0.0,0.0,0,0,0.086861655,0.0,0.0,0.6080315709114075,0.10423399,HIGH,0.5037975832819939,82.85714219194699,CRITICAL,Urgent stock replenishment required
FOODS_1_005_TX_2_validation,FOODS_1_005,FOODS_1,FOODS,TX_2,TX,d_1886,1,2016-03-28,11609,Monday,3,3,2016,,,,,0,0,0,3.54,0,1,3.0,0.0,3.2857142857142856,1.6035674514745464,0,0,2.5695004,1.6035674514745464,7.000357133746821,24.98686073482104,3.0834007,HIGH,21.90346000850268,87.65991150692487,CRITICAL,Urgent stock replenishment required
FOODS_1_010_TX_1_validation,FOODS_1_010,FOODS_1,FOODS,TX_1,TX,d_1886,1,2016-03-28,11609,Monday,3,3,2016,,,,,0,0,0,6.27,0,1,0.0,0.0,0.8571428571428571,1.2149857925879117,0,0,0.5723626,1.2149857925879117,5.304007918546126,9.310546309659408,0.68683517,HIGH,8.623711139867233,92.6230411519504,CRITICAL,Urgent stock replenishment required
FOODS_1_005_WI_3_validation,FOODS_1_005,FOODS_1,FOODS,WI_3,WI,d_1886,0,2016-03-28,11609,Monday,3,3,2016,,,,,0,0,0,3.54,0,1,1.0,2.0,1.5714285714285714,1.2724180205607043,0,0,1.4036086,1.2724180205607043,5.554727716099147,15.379987878452663,1.6843303,HIGH,13.695657534252529,89.0485587016627,CRITICAL,Urgent stock replenishment required
FOODS_1_008_CA_1_validation,FOODS_1_008,FOODS_1,FOODS,CA_1,CA,d_1886,0,2016-03-28,11609,Monday,3,3,2016,,,,,0,0,0,3.54,0,1,0.0,1.0,0.7142857142857143,0.9511897312113419,0,0,0.75669974,0.9511897312113419,4.152408939398913,9.449307304419666,0.90803975,HIGH,8.541267555750995,90.3904093769502,CRITICAL,Urgent stock replenishment required
FOODS_1_004_WI_1_validation,FOODS_1_004,FOODS_1,FOODS,WI_1,WI,d_1886,0,2016-03-28,11609,Monday,3,3,2016,,,,,0,0,0,1.96,0,1,0.0,0.0,0.0,0.0,0,0,0.27270588,0.0,0.0,1.9089411497116089,0.32724708,HIGH,1.5816940665245056,82.85714134055198,CRITICAL,Urgent stock replenishment required
FOODS_1_008_WI_2_validation,FOODS_1_008,FOODS_1,FOODS,WI_2,WI,d_1886,0,2016-03-28,11609,Monday,3,3,2016,,,,,0,0,0,3.54,0,1,0.0,0.0,0.0,0.0,0,0,0.12974538,0.0,0.0,0.9082176685333252,0.15569445,HIGH,0.7525232136249542,82.85714313840636,CRITICAL,Urgent stock replenishment required
FOODS_1_009_CA_1_validation,FOODS_1_009,FOODS_1,FOODS,CA_1,CA,d_1886,0,2016-03-28,11609,Monday,3,3,2016,,,,,0,0,0,2.24,0,1,0.0,0.0,0.0,0.0,0,0,0.12056109,0.0,0.0,0.8439276218414307,0.14467332,HIGH,0.6992543041706085,82.85714154548606,CRITICAL,Urgent stock replenishment required
FOODS_1_009_WI_1_validation,FOODS_1_009,FOODS_1,FOODS,WI_1,WI,d_1886,0,2016-03-28,11609,Monday,3,3,2016,,,,,0,0,0,2.24,0,1,0.0,0.0,0.0,0.0,0,0,0.12056109,0.0,0.0,0.8439276218414307,0.14467332,HIGH,0.6992543041706085,82.85714154548606,CRITICAL,Urgent stock replenishment required
FOODS_1_008_WI_3_validation,FOODS_1_008,FOODS_1,FOODS,WI_3,WI,d_1886,0,2016-03-28,11609,Monday,3,3,2016,,,,,0,0,0,3.54,0,1,0.0,0.0,0.2857142857142857,0.48795003647426666,0,0,0.37570843,0.48795003647426666,2.1301408404140796,4.760099946859392,0.45085013,HIGH,4.30924981773189,90.52855750592038,CRITICAL,Urgent stock replenishment required
FOODS_1_011_WI_1_validation,FOODS_1_011,FOODS_1,FOODS,WI_1,WI,d_1886,0,2016-03-28,11609,Monday,3,3,2016,,,,,0,0,0,2.68,0,1,5.0,1.0,0.8571428571428571,1.8644544714716087,0,0,0.76488554,1.8644544714716087,8.139256722821807,13.493455655469512,0.9178627,HIGH,12.575592942132568,93.19771942211932,CRITICAL,Urgent stock replenishment required
FOODS_1_001_TX_2_validation,FOODS_1_001,FOODS_1,FOODS,TX_2,TX,d_1886,0,2016-03-28,11609,Monday,3,3,2016,,,,,0,0,0,2.24,0,1,1.0,1.0,0.5714285714285714,0.5345224838248482,0,0,0.69181997,0.5345224838248482,2.3334523779156044,7.176191959977372,0.830184,HIGH,6.3460079771282505,88.43141338081291,CRITICAL,Urgent stock replenishment required
FOODS_1_002_CA_4_validation,FOODS_1_002,FOODS_1,FOODS,CA_4,CA,d_1886,0,2016-03-28,11609,Monday,3,3,2016,,,,,0,0,0,9.48,0,1,0.0,1.0,0.14285714285714285,0.37796447300922725,0,0,0.37572008,0.37796447300922725,1.65,4.280040645599366,0.4508641,HIGH,3.8291765391826633,89.46589194473492,CRITICAL,Urgent stock replenishment required
FOODS_1_009_TX_3_validation,FOODS_1_009,FOODS_1,FOODS,TX_3,TX,d_1886,0,2016-03-28,11609,Monday,3,3,2016,,,,,0,0,0,2.24,0,1,0.0,0.0,0.0,0.0,0,0,0.12056109,0.0,0.0,0.8439276218414307,0.14467332,HIGH,0.6992543041706085,82.85714154548606,CRITICAL,Urgent stock replenishment required
FOODS_1_002_TX_2_validation,FOODS_1_002,FOODS_1,FOODS,TX_2,TX,d_1886,0,2016-03-28,11609,Monday,3,3,2016,,,,,0,0,0,9.48,0,1,0.0,0.0,0.14285714285714285,0.3779644730092273,0,0,0.31334114,0.3779644730092273,1.6500000000000004,3.8433879852294925,0.37600937,HIGH,3.4673786103725437,90.21672086445633,CRITICAL,Urgent stock replenishment required
FOODS_1_003_CA_2_validation,FOODS_1_003,FOODS_1,FOODS,CA_2,CA,d_1886,0,2016-03-28,11609,Monday,3,3,2016,,,,,0,0,0,3.23,0,1,0.0,1.0,1.1428571428571428,1.0690449676496974,0,0,1.0183728,1.0690449676496974,4.6669047558312124,11.79551441311881,1.2220473,HIGH,10.573467084169835,89.63972840735262,CRITICAL,Urgent stock replenishment required
FOODS_1_011_CA_1_validation,FOODS_1_011,FOODS_1,FOODS,CA_1,CA,d_1886,2,2016-03-28,11609,Monday,3,3,2016,,,,,0,0,0,2.68,0,1,0.0,0.0,0.0,0.0,0,0,0.09509308,0.0,0.0,0.6656515598297119,0.1141117,HIGH,0.5515398606657982,82.85714237744655,CRITICAL,Urgent stock replenishment required
FOODS_1_002_WI_2_validation,FOODS_1_002,FOODS_1,FOODS,WI_2,WI,d_1886,0,2016-03-28,11609,Monday,3,3,2016,,,,,0,0,0,9.48,0,1,0.0,0.0,0.0,0.0,0,0,0.10654569,0.0,0.0,0.7458198070526123,0.12785482,HIGH,0.6179649829864502,82.85714285714286,CRITICAL,Urgent stock replenishment required
FOODS_1_004_CA_4_validation,FOODS_1_004,FOODS_1,FOODS,CA_4,CA,d_1887,0,2016-03-29,11609,Tuesday,4,3,2016,,,,,0,0,0,1.96,0,1,0.0,0.0,0.0,0.0,0,0,0.27270588,0.0,0.0,1.9089411497116089,0.32724708,HIGH,1.5816940665245056,82.85714134055198,CRITICAL,Urgent stock replenishment required
FOODS_1_009_WI_1_validation,FOODS_1_009,FOODS_1,FOODS,WI_1,WI,d_1887,0,2016-03-29,11609,Tuesday,4,3,2016,,,,,0,0,0,2.24,0,1,0.0,0.0,0.0,0.0,0,0,0.12056109,0.0,0.0,0.8439276218414307,0.14467332,HIGH,0.6992543041706085,82.85714154548606,CRITICAL,Urgent stock replenishment required
FOODS_1_001_CA_1_validation,FOODS_1_001,FOODS_1,FOODS,CA_1,CA,d_1887,1,2016-03-29,11609,Tuesday,4,3,2016,,,,,0,0,0,2.24,0,1,2.0,0.0,1.1428571428571428,0.8997354108424377,0,0,0.9855977,0.8997354108424377,3.927785635698569,10.826969862688316,1.1827173,HIGH,9.644252539385093,89.076192708552,CRITICAL,Urgent stock replenishment required
FOODS_1_011_WI_3_validation,FOODS_1_011,FOODS_1,FOODS,WI_3,WI,d_1887,0,2016-03-29,11609,Tuesday,4,3,2016,,,,,0,0,0,2.68,0,1,0.0,1.0,0.0,0.0,0,0,0.17710717,0.0,0.0,1.2397501468658447,0.21252862,HIGH,1.027221530675888,82.8571412774388,CRITICAL,Urgent stock replenishment required
FOODS_1_010_WI_1_validation,FOODS_1_010,FOODS_1,FOODS,WI_1,WI,d_1887,0,2016-03-29,11609,Tuesday,4,3,2016,,,,,0,0,0,6.77,0,1,2.0,2.0,1.4285714285714286,1.2724180205607032,0,0,0.96707875,1.2724180205607032,5.5547277160991415,12.324278993259785,1.1604946,HIGH,11.16378442729604,90.5836717377266,CRITICAL,Urgent stock replenishment required
FOODS_1_003_WI_2_validation,FOODS_1_003,FOODS_1,FOODS,WI_2,WI,d_1887,1,2016-03-29,11609,Tuesday,4,3,2016,,,,,0,0,0,3.23,0,1,0.0,1.0,0.0,0.0,0,0,0.16887568,0.0,0.0,1.1821297407150269,0.20265083,HIGH,0.9794789105653763,82.85714138051594,CRITICAL,Urgent stock replenishment required
FOODS_1_004_CA_1_validation,FOODS_1_004,FOODS_1,FOODS,CA_1,CA,d_1887,0,2016-03-29,11609,Tuesday,4,3,2016,,,,,0,0,0,1.96,0,1,0.0,0.0,0.0,0.0,0,0,0.27270588,0.0,0.0,1.9089411497116089,0.32724708,HIGH,1.5816940665245056,82.85714134055198,CRITICAL,Urgent stock replenishment required
FOODS_1_004_TX_3_validation,FOODS_1_004,FOODS_1,FOODS,TX_3,TX,d_1887,0,2016-03-29,11609,Tuesday,4,3,2016,,,,,0,0,0,1.96,0,1,0.0,0.0,0.0,0.0,0,0,0.27270588,0.0,0.0,1.9089411497116089,0.32724708,HIGH,1.5816940665245056,82.85714134055198,CRITICAL,Urgent stock replenishment required
FOODS_1_011_CA_1_validation,FOODS_1_011,FOODS_1,FOODS,CA_1,CA,d_1887,3,2016-03-29,11609,Tuesday,4,3,2016,,,,,0,0,0,2.68,0,1,0.0,0.0,0.2857142857142857,0.7559289460184545,0,0,0.4610019,0.7559289460184545,3.3,6.527013349533081,0.55320233,HIGH,5.973811018466949,91.5244185749106,CRITICAL,Urgent stock replenishment required
FOODS_1_005_TX_2_validation,FOODS_1_005,FOODS_1,FOODS,TX_2,TX,d_1887,1,2016-03-29,11609,Tuesday,4,3,2016,,,,,0,0,0,3.54,0,1,1.0,0.0,3.0,1.8257418583505538,0,0,2.524045,1.8257418583505538,7.970257210404191,25.638573097855364,3.0288541,HIGH,22.609718966156755,88.18633891933725,CRITICAL,Urgent stock replenishment required
FOODS_1_006_CA_3_validation,FOODS_1_006,FOODS_1,FOODS,CA_3,CA,d_1887,1,2016-03-29,11609,Tuesday,4,3,2016,,,,,0,0,0,2.48,0,1,0.0,1.0,1.1428571428571428,1.4638501094228,0,0,0.9660069,1.4638501094228,6.390422521242239,13.152470765718558,1.1592083,HIGH,11.993262467989066,91.18638377246253,CRITICAL,Urgent stock replenishment required
FOODS_1_011_WI_2_validation,FOODS_1_011,FOODS_1,FOODS,WI_2,WI,d_1887,0,2016-03-29,11609,Tuesday,4,3,2016,,,,,0,0,0,2.68,0,1,0.0,0.0,0.0,0.0,0,0,0.09509308,0.0,0.0,0.6656515598297119,0.1141117,HIGH,0.5515398606657982,82.85714237744655,CRITICAL,Urgent stock replenishment required
FOODS_1_004_WI_2_validation,FOODS_1_004,FOODS_1,FOODS,WI_2,WI,d_1887,0,2016-03-29,11609,Tuesday,4,3,2016,,,,,0,0,0,1.96,0,1,0.0,0.0,0.0,7.389734084383283e-07,0,0,0.33279186,7.389734084383283e-07,3.2259807759590005e-06,2.329546339689272,0.39935026,HIGH,1.930196083961504,82.85716626778776,CRITICAL,Urgent stock replenishment required
FOODS_1_002_TX_3_validation,FOODS_1_002,FOODS_1,FOODS,TX_3,TX,d_1887,0,2016-03-29,11609,Tuesday,4,3,2016,,,,,0,0,0,9.48,0,1,0.0,2.0,0.5714285714285714,0.7867957924694432,0,0,0.6572079,0.7867957924694432,3.434748899119119,8.035204183237772,0.7886495,HIGH,7.2465546838214205,90.18507207244899,CRITICAL,Urgent stock replenishment required
FOODS_1_008_WI_3_validation,FOODS_1_008,FOODS_1,FOODS,WI_3,WI,d_1887,0,2016-03-29,11609,Tuesday,4,3,2016,,,,,0,0,0,3.54,0,1,1.0,0.0,0.2857142857142857,0.48795003647426666,0,0,0.37570843,0.48795003647426666,2.1301408404140796,4.760099946859392,0.45085013,HIGH,4.30924981773189,90.52855750592038,CRITICAL,Urgent stock replenishment required
FOODS_1_010_CA_2_validation,FOODS_1_010,FOODS_1,FOODS,CA_2,CA,d_1887,0,2016-03-29,11609,Tuesday,4,3,2016,,,,,0,0,0,5.64,0,1,0.0,0.0,0.14285714285714285,0.3779644730092282,0,0,0.311638,0.3779644730092282,1.6500000000000041,3.8314661026001016,0.37396562,HIGH,3.4575004816055337,90.23962078795927,CRITICAL,Urgent stock replenishment required
FOODS_1_006_TX_1_validation,FOODS_1_006,FOODS_1,FOODS,TX_1,TX,d_1887,0,2016-03-29,11609,Tuesday,4,3,2016,,,,,0,0,0,2.48,0,1,2.0,0.0,1.1428571428571428,0.8997354108424375,0,0,0.95897526,0.8997354108424375,3.927785635698568,10.640612364519368,1.1507703,HIGH,9.48984205793215,89.18511202960076,CRITICAL,Urgent stock replenishment required
FOODS_1_009_TX_3_validation,FOODS_1_009,FOODS_1,FOODS,TX_3,TX,d_1887,0,2016-03-29,11609,Tuesday,4,3,2016,,,,,0,0,0,2.24,0,1,0.0,0.0,0.0,0.0,0,0,0.12056109,0.0,0.0,0.8439276218414307,0.14467332,HIGH,0.6992543041706085,82.85714154548606,CRITICAL,Urgent stock replenishment required
FOODS_1_009_CA_4_validation,FOODS_1_009,FOODS_1,FOODS,CA_4,CA,d_1887,0,2016-03-29,11609,Tuesday,4,3,2016,,,,,0,0,0,2.24,0,1,0.0,0.0,0.0,0.0,0,0,0.12056109,0.0,0.0,0.8439276218414307,0.14467332,HIGH,0.6992543041706085,82.85714154548606,CRITICAL,Urgent stock replenishment required
FOODS_1_009_WI_3_validation,FOODS_1_009,FOODS_1,FOODS,WI_3,WI,d_1887,0,2016-03-29,11609,Tuesday,4,3,2016,,,,,0,0,0,2.24,0,1,0.0,0.0,0.0,0.0,0,0,0.12056109,0.0,0.0,0.8439276218414307,0.14467332,HIGH,0.6992543041706085,82.85714154548606,CRITICAL,Urgent stock replenishment required
FOODS_1_005_CA_4_validation,FOODS_1_005,FOODS_1,FOODS,CA_4,CA,d_1887,0,2016-03-29,11609,Tuesday,4,3,2016,,,,,0,0,0,3.54,0,1,1.0,1.0,1.8571428571428572,2.1157009420498154,0,0,1.7146431,2.1157009420498154,9.236070593060665,21.2385720807926,2.057572,HIGH,19.18100019282263,90.31209876001614,CRITICAL,Urgent stock replenishment required
FOODS_1_006_CA_1_validation,FOODS_1_006,FOODS_1,FOODS,CA_1,CA,d_1887,0,2016-03-29,11609,Tuesday,4,3,2016,,,,,0,0,0,2.48,0,1,0.0,0.0,1.0,1.4142135623730947,0,0,0.8166049,1.4142135623730947,6.173734688177002,11.889968895330323,0.97992593,HIGH,10.910042964830293,91.75838104265446,CRITICAL,Urgent stock replenishment required
FOODS_1_011_TX_2_validation,FOODS_1_011,FOODS_1,FOODS,TX_2,TX,d_1887,0,2016-03-29,11609,Tuesday,4,3,2016,,,,,0,0,0,2.68,0,1,0.0,0.0,0.7142857142857143,1.4960264830861913,0,0,0.62594354,1.4960264830861913,6.530888147870855,10.912492819349126,0.7511323,HIGH,10.161360509912328,93.116766976424,CRITICAL,Urgent stock replenishment required
FOODS_1_004_TX_1_validation,FOODS_1_004,FOODS_1,FOODS,TX_1,TX,d_1887,0,2016-03-29,11609,Tuesday,4,3,2016,,,,,0,0,0,1.96,0,1,0.0,0.0,0.0,0.0,0,0,0.27270588,0.0,0.0,1.9089411497116089,0.32724708,HIGH,1.5816940665245056,82.85714134055198,CRITICAL,Urgent stock replenishment required
FOODS_1_002_CA_3_validation,FOODS_1_002,FOODS_1,FOODS,CA_3,CA,d_1887,1,2016-03-29,11609,Tuesday,4,3,2016,,,,,0,0,0,9.48,0,1,0.0,0.0,0.7142857142857143,1.1126972805283737,0,0,0.54243314,1.1126972805283737,4.857468476480316,8.654500355905366,0.6509198,HIGH,8.00358056086905,92.47882872184339,CRITICAL,Urgent stock replenishment required
FOODS_1_002_CA_1_validation,FOODS_1_002,FOODS_1,FOODS,CA_1,CA,d_1887,1,2016-03-29,11609,Tuesday,4,3,2016,,,,,0,0,0,9.48,0,1,1.0,0.0,0.2857142857142857,0.48795003647426666,0,0,0.3540678,0.48795003647426666,2.1301408404140796,4.608615457418474,0.42488137,HIGH,4.183734088542971,90.78071553590844,CRITICAL,Urgent stock replenishment required
FOODS_1_010_TX_3_validation,FOODS_1_010,FOODS_1,FOODS,TX_3,TX,d_1887,0,2016-03-29,11609,Tuesday,4,3,2016,,,,,0,0,0,6.27,0,1,0.0,0.0,0.7142857142857143,0.9511897312113422,0,0,0.5845169,0.9511897312113422,4.1524089393989145,8.244027000464587,0.7014203,HIGH,7.542606693305164,91.49177571689302,CRITICAL,Urgent stock replenishment required
FOODS_1_009_WI_2_validation,FOODS_1_009,FOODS_1,FOODS,WI_2,WI,d_1887,0,2016-03-29,11609,Tuesday,4,3,2016,,,,,0,0,0,2.24,0,1,0.0,0.0,0.0,0.0,0,0,0.12056109,0.0,0.0,0.8439276218414307,0.14467332,HIGH,0.6992543041706085,82.85714154548606,CRITICAL,Urgent stock replenishment required
FOODS_1_009_TX_2_validation,FOODS_1_009,FOODS_1,FOODS,TX_2,TX,d_1887,0,2016-03-29,11609,Tuesday,4,3,2016,,,,,0,0,0,2.24,0,1,0.0,0.0,0.0,0.0,0,0,0.12056109,0.0,0.0,0.8439276218414307,0.14467332,HIGH,0.6992543041706085,82.85714154548606,CRITICAL,Urgent stock replenishment required
FOODS_1_010_TX_2_validation,FOODS_1_010,FOODS_1,FOODS,TX_2,TX,d_1887,1,2016-03-29,11609,Tuesday,4,3,2016,,,,,0,0,0,6.27,0,1,0.0,0.0,0.2857142857142857,0.4879500364742644,0,0,0.37037605,0.4879500364742644,2.13014084041407,4.722773134115242,0.44445127,HIGH,4.278321861627601,90.5891886002925,CRITICAL,Urgent stock replenishment required
FOODS_1_006_WI_1_validation,FOODS_1_006,FOODS_1,FOODS,WI_1,WI,d_1887,0,2016-03-29,11609,Tuesday,4,3,2016,,,,,0,0,0,2.48,0,1,1.0,0.0,0.7142857142857143,0.7559289460184541,0,0,0.6418632,0.7559289460184541,3.299999999999998,7.793042469024656,0.7702359,HIGH,7.022806572914122,90.11636470387496,CRITICAL,Urgent stock replenishment required
FOODS_1_001_TX_2_validation,FOODS_1_001,FOODS_1,FOODS,TX_2,TX,d_1887,0,2016-03-29,11609,Tuesday,4,3,2016,,,,,0,0,0,2.24,0,1,0.0,1.0,0.42857142857142855,0.5345224838248482,0,0,0.6353734,0.5345224838248482,2.3334523779156044,6.781066094041092,0.76244813,HIGH,6.018617962002976,88.75622031308436,CRITICAL,Urgent stock replenishment required
FOODS_1_005_WI_3_validation,FOODS_1_005,FOODS_1,FOODS,WI_3,WI,d_1887,0,2016-03-29,11609,Tuesday,4,3,2016,,,,,0,0,0,3.54,0,1,4.0,3.0,1.4285714285714286,1.3972762620115444,0,0,1.3735753,1.3972762620115444,6.099795078525182,15.714822506198523,1.6482905,HIGH,14.066531991252539,89.51123683200471,CRITICAL,Urgent stock replenishment required
FOODS_1_002_WI_3_validation,FOODS_1_002,FOODS_1,FOODS,WI_3,WI,d_1887,0,2016-03-29,11609,Tuesday,4,3,2016,,,,,0,0,0,9.48,0,1,1.0,0.0,0.42857142857142855,0.5345224838248488,0,0,0.41082597,0.5345224838248488,2.333452377915607,5.209234152436482,0.49299118,HIGH,4.716242973208653,90.536206190746,CRITICAL,Urgent stock replenishment required
FOODS_1_006_CA_4_validation,FOODS_1_006,FOODS_1,FOODS,CA_4,CA,d_1887,0,2016-03-29,11609,Tuesday,4,3,2016,,,,,0,0,0,2.48,0,1,0.0,0.0,2.142857142857143,1.8644544714716096,0,0,1.5168015,1.8644544714716096,8.139256722821811,18.75686670054398,1.8201618,HIGH,16.936704881085973,90.2960241253662,CRITICAL,Urgent stock replenishment required
FOODS_1_005_TX_3_validation,FOODS_1_005,FOODS_1,FOODS,TX_3,TX,d_1887,1,2016-03-29,11609,Tuesday,4,3,2016,,,,,0,0,0,3.54,0,1,0.0,1.0,1.4285714285714286,1.511857892036909,0,0,1.1452553,1.511857892036909,6.6,14.616787528991699,1.3743064,HIGH,13.242481088638305,90.59775318189772,CRITICAL,Urgent stock replenishment required
FOODS_1_005_CA_3_validation,FOODS_1_005,FOODS_1,FOODS,CA_3,CA,d_1887,0,2016-03-29,11609,Tuesday,4,3,2016,,,,,0,0,0,3.54,0,1,1.0,0.0,4.428571428571429,4.035556254807296,0,0,3.0589747,4.035556254807296,17.617179115851666,39.03000183924034,3.67077,HIGH,35.35923190935448,90.59500446603795,CRITICAL,Urgent stock replenishment required
FOODS_1_002_CA_2_validation,FOODS_1_002,FOODS_1,FOODS,CA_2,CA,d_1887,1,2016-03-29,11609,Tuesday,4,3,2016,,,,,0,0,0,9.48,0,1,1.0,0.0,0.8571428571428571,0.8997354108424375,0,0,0.5881217,0.8997354108424375,3.927785635698568,8.044637442339193,0.70574605,HIGH,7.33889138768984,91.22712415931899,CRITICAL,Urgent stock replenishment required
FOODS_1_004_CA_2_validation,FOODS_1_004,FOODS_1,FOODS,CA_2,CA,d_1887,0,2016-03-29,11609,Tuesday,4,3,2016,,,,,0,0,0,1.96,0,1,0.0,0.0,0.0,0.0,0,0,0.27270588,0.0,0.0,1.9089411497116089,0.32724708,HIGH,1.5816940665245056,82.85714134055198,CRITICAL,Urgent stock replenishment required
FOODS_1_011_CA_2_validation,FOODS_1_011,FOODS_1,FOODS,CA_2,CA,d_1887,0,2016-03-29,11609,Tuesday,4,3,2016,,,,,0,0,0,2.68,0,1,0.0,1.0,3.142857142857143,2.672612419124244,0,0,1.7772679,2.672612419124244,11.667261889578034,24.108137896658114,2.1327217,HIGH,21.975416234136752,91.15351972987925,CRITICAL,Urgent stock replenishment required
FOODS_1_002_TX_1_validation,FOODS_1_002,FOODS_1,FOODS,TX_1,TX,d_1887,0,2016-03-29,11609,Tuesday,4,3,2016,,,,,0,0,0,9.48,0,1,0.0,0.0,0.0,0.0,0,0,0.10654569,0.0,0.0,0.7458198070526123,0.12785482,HIGH,0.6179649829864502,82.85714285714286,CRITICAL,Urgent stock replenishment required
FOODS_1_010_TX_1_validation,FOODS_1_010,FOODS_1,FOODS,TX_1,TX,d_1887,0,2016-03-29,11609,Tuesday,4,3,2016,,,,,0,0,0,6.27,0,1,0.0,0.0,1.0,1.1547005383792515,0,0,0.6842366,1.1547005383792515,5.0408332644514235,9.830489426713386,0.82108396,HIGH,9.009405463796059,91.64757798644172,CRITICAL,Urgent stock replenishment required
FOODS_1_006_CA_2_validation,FOODS_1_006,FOODS_1,FOODS,CA_2,CA,d_1887,0,2016-03-29,11609,Tuesday,4,3,2016,,,,,0,0,0,2.48,0,1,3.0,0.0,0.42857142857142855,1.1338934190276808,0,0,0.52919716,1.1338934190276808,4.949999999999996,8.654380035400386,0.6350366,HIGH,8.019343447685237,92.66225211837754,CRITICAL,Urgent stock replenishment required
FOODS_1_003_WI_3_validation,FOODS_1_003,FOODS_1,FOODS,WI_3,WI,d_1887,0,2016-03-29,11609,Tuesday,4,3,2016,,,,,0,0,0,3.23,0,1,0.0,0.0,0.0,0.0,0,0,0.086861655,0.0,0.0,0.6080315709114075,0.10423399,HIGH,0.5037975832819939,82.85714219194699,CRITICAL,Urgent stock replenishment required
FOODS_1_011_CA_3_validation,FOODS_1_011,FOODS_1,FOODS,CA_3,CA,d_1887,1,2016-03-29,11609,Tuesday,4,3,2016,,,,,0,0,0,2.68,0,1,0.0,11.0,3.0,3.316624790355399,0,0,2.9959145,3.316624790355399,14.478691239196996,35.45009245379661,3.5950975,HIGH,31.854994911987525,89.85870757179349,CRITICAL,Urgent stock replenishment required
FOODS_1_003_CA_3_validation,FOODS_1_003,FOODS_1,FOODS,CA_3,CA,d_1887,0,2016-03-29,11609,Tuesday,4,3,2016,,,,,0,0,0,3.23,0,1,0.0,2.0,0.42857142857142855,0.5345224838248481,0,0,0.65187186,0.5345224838248481,2.333452377915604,6.896555576920731,0.7822463,HIGH,6.11430928528331,88.65743510782104,CRITICAL,Urgent stock replenishment required
FOODS_1_002_WI_2_validation,FOODS_1_002,FOODS_1,FOODS,WI_2,WI,d_1887,1,2016-03-29,11609,Tuesday,4,3,2016,,,,,0,0,0,9.48,0,1,0.0,0.0,0.0,0.0,0,0,0.10654569,0.0,0.0,0.7458198070526123,0.12785482,HIGH,0.6179649829864502,82.85714285714286,CRITICAL,Urgent stock replenishment required
FOODS_1_002_CA_4_validation,FOODS_1_002,FOODS_1,FOODS,CA_4,CA,d_1887,0,2016-03-29,11609,Tuesday,4,3,2016,,,,,0,0,0,9.48,0,1,0.0,0.0,0.14285714285714285,0.37796447300922725,0,0,0.31334114,0.37796447300922725,1.65,3.843387985229492,0.37600937,HIGH,3.4673786103725432,90.21672086445633,CRITICAL,Urgent stock replenishment required
FOODS_1_008_TX_2_validation,FOODS_1_008,FOODS_1,FOODS,TX_2,TX,d_1887,0,2016-03-29,11609,Tuesday,4,3,2016,,,,,0,0,0,3.54,0,1,0.0,0.0,0.0,0.0,0,0,0.12974538,0.0,0.0,0.9082176685333252,0.15569445,HIGH,0.7525232136249542,82.85714313840636,CRITICAL,Urgent stock replenishment required
FOODS_1_011_TX_3_validation,FOODS_1_011,FOODS_1,FOODS,TX_3,TX,d_1887,0,2016-03-29,11609,Tuesday,4,3,2016,,,,,0,0,0,2.68,0,1,1.0,1.0,0.14285714285714285,0.3779644730092274,0,0,0.41296917,0.3779644730092274,1.6500000000000008,4.54078426361084,0.49556303,HIGH,4.04522123336792,89.08640002533731,CRITICAL,Urgent stock replenishment required
FOODS_1_004_WI_1_validation,FOODS_1_004,FOODS_1,FOODS,WI_1,WI,d_1887,0,2016-03-29,11609,Tuesday,4,3,2016,,,,,0,0,0,1.96,0,1,0.0,0.0,0.0,0.0,0,0,0.27270588,0.0,0.0,1.9089411497116089,0.32724708,HIGH,1.5816940665245056,82.85714134055198,CRITICAL,Urgent stock replenishment required
FOODS_1_008_CA_1_validation,FOODS_1_008,FOODS_1,FOODS,CA_1,CA,d_1887,0,2016-03-29,11609,Tuesday,4,3,2016,,,,,0,0,0,3.54,0,1,0.0,0.0,0.7142857142857143,0.9511897312113419,0,0,0.67614245,0.9511897312113419,4.152408939398913,8.885405880011707,0.81137097,HIGH,8.074034911193042,90.8684985269621,CRITICAL,Urgent stock replenishment required
FOODS_1_005_TX_1_validation,FOODS_1_005,FOODS_1,FOODS,TX_1,TX,d_1887,1,2016-03-29,11609,Tuesday,4,3,2016,,,,,0,0,0,3.54,0,1,1.0,0.0,1.2857142857142858,1.799470821684875,0,0,1.0805871,1.799470821684875,7.855571271397136,15.419681073643229,1.2967046,HIGH,14.122976423717997,91.59058709624233,CRITICAL,Urgent stock replenishment required
FOODS_1_003_CA_2_validation,FOODS_1_003,FOODS_1,FOODS,CA_2,CA,d_1887,6,2016-03-29,11609,Tuesday,4,3,2016,,,,,0,0,0,3.23,0,1,2.0,0.0,1.1428571428571428,1.0690449676496974,0,0,0.95897526,1.0690449676496974,4.6669047558312124,11.379731484652012,1.1507703,HIGH,10.228961178064793,89.8875442874968,CRITICAL,Urgent stock replenishment required
FOODS_1_004_TX_2_validation,FOODS_1_004,FOODS_1,FOODS,TX_2,TX,d_1887,0,2016-03-29,11609,Tuesday,4,3,2016,,,,,0,0,0,1.96,0,1,0.0,0.0,0.0,0.0,0,0,0.27270588,0.0,0.0,1.9089411497116089,0.32724708,HIGH,1.5816940665245056,82.85714134055198,CRITICAL,Urgent stock replenishment required
FOODS_1_004_WI_3_validation,FOODS_1_004,FOODS_1,FOODS,WI_3,WI,d_1887,0,2016-03-29,11609,Tuesday,4,3,2016,,,,,0,0,0,1.96,0,1,0.0,0.0,0.0,4.272243734249905e-07,0,0,0.29603696,4.272243734249905e-07,1.8650435860780626e-06,2.0722605759047923,0.35524437,HIGH,1.7170162075900492,82.8571574228962,CRITICAL,Urgent stock replenishment required
FOODS_1_006_TX_3_validation,FOODS_1_006,FOODS_1,FOODS,TX_3,TX,d_1887,0,2016-03-29,11609,Tuesday,4,3,2016,,,,,0,0,0,2.48,0,1,0.0,0.0,0.14285714285714285,0.37796447300922725,0,0,0.34015453,0.37796447300922725,1.65,4.031081581115723,0.40818545,HIGH,3.622896128892899,89.87404635681308,CRITICAL,Urgent stock replenishment required
FOODS_1_008_WI_2_validation,FOODS_1_008,FOODS_1,FOODS,WI_2,WI,d_1887,0,2016-03-29,11609,Tuesday,4,3,2016,,,,,0,0,0,3.54,0,1,0.0,0.0,0.0,0.0,0,0,0.12974538,0.0,0.0,0.9082176685333252,0.15569445,HIGH,0.7525232136249542,82.85714313840636,CRITICAL,Urgent stock replenishment required
FOODS_1_001_TX_3_validation,FOODS_1_001,FOODS_1,FOODS,TX_3,TX,d_1887,0,2016-03-29,11609,Tuesday,4,3,2016,,,,,0,0,0,2.24,0,1,0.0,1.0,0.2857142857142857,0.487950036474267,0,0,0.53900474,0.487950036474267,2.130140840414081,5.903173982503924,0.6468057,HIGH,5.25636827886394,89.043085879613,CRITICAL,Urgent stock replenishment required
FOODS_1_001_CA_4_validation,FOODS_1_001,FOODS_1,FOODS,CA_4,CA,d_1887,0,2016-03-29,11609,Tuesday,4,3,2016,,,,,0,0,0,2.24,0,1,0.0,0.0,0.5714285714285714,0.7867957924694432,0,0,0.62810767,0.7867957924694432,3.434748899119119,7.831502687113504,0.7537292,HIGH,7.077773462908487,90.37567559741434,CRITICAL,Urgent stock replenishment required
FOODS_1_005_CA_2_validation,FOODS_1_005,FOODS_1,FOODS,CA_2,CA,d_1887,0,2016-03-29,11609,Tuesday,4,3,2016,,,,,0,0,0,3.54,0,1,2.0,0.0,7.0,6.055300708194985,0,0,3.3662708,6.055300708194985,26.434352649535423,49.998248828734646,4.039525,HIGH,45.95872379669119,91.92066696999618,CRITICAL,Urgent stock replenishment required
FOODS_1_003_CA_4_validation,FOODS_1_003,FOODS_1,FOODS,CA_4,CA,d_1887,1,2016-03-29,11609,Tuesday,4,3,2016,,,,,0,0,0,3.23,0,1,0.0,0.0,0.14285714285714285,0.37796447300922725,0,0,0.31420454,0.37796447300922725,1.65,3.8494318962097167,0.37704548,HIGH,3.4723864138126372,90.20516552667598,CRITICAL,Urgent stock replenishment required
FOODS_1_005_WI_2_validation,FOODS_1_005,FOODS_1,FOODS,WI_2,WI,d_1887,1,2016-03-29,11609,Tuesday,4,3,2016,,,,,0,0,0,3.54,0,1,3.0,3.0,1.5714285714285714,1.5118578920369063,0,0,1.4844955,1.5118578920369063,6.599999999999989,16.991469001770007,1.7813947,HIGH,15.210074281692492,89.51594638525988,CRITICAL,Urgent stock replenishment required
FOODS_1_011_CA_4_validation,FOODS_1_011,FOODS_1,FOODS,CA_4,CA,d_1887,3,2016-03-29,11609,Tuesday,4,3,2016,,,,,0,0,0,2.68,0,1,2.0,2.0,0.42857142857142855,0.7867957924694424,0,0,0.67693347,0.7867957924694424,3.4347488991191155,8.173283349650122,0.8123202,HIGH,7.360963176863409,90.06127478962924,CRITICAL,Urgent stock replenishment required
FOODS_1_004_CA_3_validation,FOODS_1_004,FOODS_1,FOODS,CA_3,CA,d_1887,0,2016-03-29,11609,Tuesday,4,3,2016,,,,,0,0,0,1.5,0,1,0.0,0.0,0.0,0.0,0,0,0.36345458,0.0,0.0,2.544182062149048,0.4361455,HIGH,2.108036547899246,82.85714215430819,CRITICAL,Urgent stock replenishment required
FOODS_1_006_WI_2_validation,FOODS_1_006,FOODS_1,FOODS,WI_2,WI,d_1887,0,2016-03-29,11609,Tuesday,4,3,2016,,,,,0,0,0,2.48,0,1,1.0,6.0,1.2857142857142858,0.7559289460184464,0,0,1.3394201,0.7559289460184464,3.2999999999999647,12.675940322875942,1.6073042,HIGH,11.068636107444728,87.32003958293687,CRITICAL,Urgent stock replenishment required
FOODS_1_010_CA_4_validation,FOODS_1_010,FOODS_1,FOODS,CA_4,CA,d_1887,0,2016-03-29,11609,Tuesday,4,3,2016,,,,,0,0,0,5.56,0,1,0.0,0.0,0.0,0.0,0,0,0.09730765,0.0,0.0,0.6811535358428955,0.11676919,HIGH,0.5643843486905098,82.85714145080532,CRITICAL,Urgent stock replenishment required
FOODS_1_003_TX_2_validation,FOODS_1_003,FOODS_1,FOODS,TX_2,TX,d_1887,2,2016-03-29,11609,Tuesday,4,3,2016,,,,,0,0,0,3.23,0,1,0.0,0.0,0.2857142857142857,0.4879500364742667,0,0,0.3830633,0.4879500364742667,2.1301408404140796,4.811583816412004,0.45967597,HIGH,4.3519078487186755,90.44647281991838,CRITICAL,Urgent stock replenishment required
FOODS_1_008_CA_4_validation,FOODS_1_008,FOODS_1,FOODS,CA_4,CA,d_1887,0,2016-03-29,11609,Tuesday,4,3,2016,,,,,0,0,0,3.54,0,1,0.0,2.0,0.14285714285714285,0.37796447300922725,0,0,0.41818205,0.37796447300922725,1.65,4.577274227142334,0.5018185,HIGH,4.075455749034882,89.03673991975907,CRITICAL,Urgent stock replenishment required
FOODS_1_001_CA_2_validation,FOODS_1_001,FOODS_1,FOODS,CA_2,CA,d_1887,0,2016-03-29,11609,Tuesday,4,3,2016,,,,,0,0,0,2.24,0,1,0.0,1.0,0.42857142857142855,0.7867957924694435,0,0,0.6353734,0.7867957924694435,3.434748899119121,7.88236261524461,0.76244813,HIGH,7.119914483206493,90.32716243523826,CRITICAL,Urgent stock replenishment required
FOODS_1_008_CA_3_validation,FOODS_1_008,FOODS_1,FOODS,CA_3,CA,d_1887,0,2016-03-29,11609,Tuesday,4,3,2016,,,,,0,0,0,3.54,0,1,0.0,0.0,0.0,0.0,0,0,0.12974538,0.0,0.0,0.9082176685333252,0.15569445,HIGH,0.7525232136249542,82.85714313840636,CRITICAL,Urgent stock replenishment required
FOODS_1_008_TX_3_validation,FOODS_1_008,FOODS_1,FOODS,TX_3,TX,d_1887,0,2016-03-29,11609,Tuesday,4,3,2016,,,,,0,0,0,3.54,0,1,0.0,0.0,0.0,0.0,0,0,0.12974538,0.0,0.0,0.9082176685333252,0.15569445,HIGH,0.7525232136249542,82.85714313840636,CRITICAL,Urgent stock replenishment required
FOODS_1_006_TX_2_validation,FOODS_1_006,FOODS_1,FOODS,TX_2,TX,d_1887,0,2016-03-29,11609,Tuesday,4,3,2016,,,,,0,0,0,2.48,0,1,0.0,0.0,1.1428571428571428,1.3451854182690985,0,0,0.9100969,1.3451854182690985,5.872393038617221,12.243070986615269,1.0921164,HIGH,11.150954630719273,91.07971882961431,CRITICAL,Urgent stock replenishment required
FOODS_1_001_WI_3_validation,FOODS_1_001,FOODS_1,FOODS,WI_3,WI,d_1887,0,2016-03-29,11609,Tuesday,4,3,2016,,,,,0,0,0,2.24,0,1,0.0,1.0,0.2857142857142857,0.48795003647426666,0,0,0.53900474,0.48795003647426666,2.1301408404140796,5.903173982503923,0.6468057,HIGH,5.256368278863939,89.04308587961299,CRITICAL,Urgent stock replenishment required
FOODS_1_003_CA_1_validation,FOODS_1_003,FOODS_1,FOODS,CA_1,CA,d_1887,0,2016-03-29,11609,Tuesday,4,3,2016,,,,,0,0,0,3.23,0,1,2.0,0.0,1.2857142857142858,1.3801311186847085,0,0,1.0139289,1.3801311186847085,6.024948132556828,13.122450364154728,1.2167147,HIGH,11.905735624355229,90.72799129708979,CRITICAL,Urgent stock replenishment required
FOODS_1_002_WI_1_validation,FOODS_1_002,FOODS_1,FOODS,WI_1,WI,d_1887,1,2016-03-29,11609,Tuesday,4,3,2016,,,,,0,0,0,9.48,0,1,0.0,1.0,1.1428571428571428,0.6900655593423556,0,0,0.78432405,0.6900655593423556,3.0124740662784197,8.502742296716653,0.9411889,HIGH,7.5615534248561485,88.9307609355167,CRITICAL,Urgent stock replenishment required
FOODS_1_010_WI_2_validation,FOODS_1_010,FOODS_1,FOODS,WI_2,WI,d_1887,0,2016-03-29,11609,Tuesday,4,3,2016,,,,,0,0,0,6.77,0,1,0.0,0.0,0.2857142857142857,0.48795003647426666,0,0,0.37037605,0.48795003647426666,2.1301408404140796,4.7227731341152515,0.44445127,HIGH,4.278321861627611,90.58918860029252,CRITICAL,Urgent stock replenishment required
FOODS_1_008_CA_2_validation,FOODS_1_008,FOODS_1,FOODS,CA_2,CA,d_1887,0,2016-03-29,11609,Tuesday,4,3,2016,,,,,0,0,0,3.54,0,1,0.0,0.0,0.7142857142857143,0.9511897312113419,0,0,0.67614245,0.9511897312113419,4.152408939398913,8.885405880011707,0.81137097,HIGH,8.074034911193042,90.8684985269621,CRITICAL,Urgent stock replenishment required
FOODS_1_002_TX_2_validation,FOODS_1_002,FOODS_1,FOODS,TX_2,TX,d_1887,0,2016-03-29,11609,Tuesday,4,3,2016,,,,,0,0,0,9.48,0,1,0.0,0.0,0.14285714285714285,0.3779644730092273,0,0,0.31334114,0.3779644730092273,1.6500000000000004,3.8433879852294925,0.37600937,HIGH,3.4673786103725437,90.21672086445633,CRITICAL,Urgent stock replenishment required
FOODS_1_001_WI_2_validation,FOODS_1_001,FOODS_1,FOODS,WI_2,WI,d_1887,0,2016-03-29,11609,Tuesday,4,3,2016,,,,,0,0,0,2.24,0,1,0.0,0.0,0.2857142857142857,0.7559289460184545,0,0,0.5125748,0.7559289460184545,3.3,6.8880236625671385,0.6150898,HIGH,6.272933888435364,91.0701559073545,CRITICAL,Urgent stock replenishment required
FOODS_1_006_WI_3_validation,FOODS_1_006,FOODS_1,FOODS,WI_3,WI,d_1887,0,2016-03-29,11609,Tuesday,4,3,2016,,,,,0,0,0,2.48,0,1,1.0,1.0,1.0,0.816496580927726,0,0,0.96541166,0.816496580927726,3.564407384124323,10.322289025512262,1.158494,HIGH,9.163795029845758,88.77677235346535,CRITICAL,Urgent stock replenishment required
FOODS_1_005_CA_1_validation,FOODS_1_005,FOODS_1,FOODS,CA_1,CA,d_1887,1,2016-03-29,11609,Tuesday,4,3,2016,,,,,0,0,0,3.54,0,1,3.0,0.0,1.2857142857142858,1.3801311186847016,0,0,1.0294701,1.3801311186847016,6.024948132556797,13.231238854450108,1.2353642,HIGH,11.995874655765416,90.66327641519979,CRITICAL,Urgent stock replenishment required
FOODS_1_005_WI_1_validation,FOODS_1_005,FOODS_1,FOODS,WI_1,WI,d_1887,0,2016-03-29,11609,Tuesday,4,3,2016,,,,,0,0,0,3.54,0,1,1.0,0.0,2.7142857142857144,2.6276913640612163,0,0,2.0132785,2.6276913640612163,11.471159488037808,25.564108401612025,2.4159343,HIGH,23.148174077347498,90.54950680731669,CRITICAL,Urgent stock replenishment required
FOODS_1_010_CA_3_validation,FOODS_1_010,FOODS_1,FOODS,CA_3,CA,d_1887,0,2016-03-29,11609,Tuesday,4,3,2016,,,,,0,0,0,5.64,0,1,1.0,0.0,0.5714285714285714,0.5345224838248492,0,0,0.48249418,0.5345224838248492,2.333452377915609,5.710911665559042,0.578993,HIGH,5.131918643117178,89.86163582368795,CRITICAL,Urgent stock replenishment required
FOODS_1_009_TX_1_validation,FOODS_1_009,FOODS_1,FOODS,TX_1,TX,d_1887,0,2016-03-29,11609,Tuesday,4,3,2016,,,,,0,0,0,2.24,0,1,0.0,0.0,0.0,0.0,0,0,0.12056109,0.0,0.0,0.8439276218414307,0.14467332,HIGH,0.6992543041706085,82.85714154548606,CRITICAL,Urgent stock replenishment required
FOODS_1_001_CA_3_validation,FOODS_1_001,FOODS_1,FOODS,CA_3,CA,d_1887,0,2016-03-29,11609,Tuesday,4,3,2016,,,,,0,0,0,2.24,0,1,0.0,2.0,2.142857142857143,4.375255094603872,0,0,1.1056355,4.375255094603872,19.10013088960387,26.839579436967153,1.3267627,HIGH,25.51281676072814,95.0566934949375,CRITICAL,Urgent stock replenishment required
FOODS_1_011_WI_1_validation,FOODS_1_011,FOODS_1,FOODS,WI_1,WI,d_1887,3,2016-03-29,11609,Tuesday,4,3,2016,,,,,0,0,0,2.68,0,1,0.0,0.0,0.14285714285714285,0.37796447300922537,0,0,0.35059023,0.37796447300922537,1.6499999999999917,4.104131603240958,0.4207083,HIGH,3.6834233045577918,89.74915184613133,CRITICAL,Urgent stock replenishment required
FOODS_1_003_WI_1_validation,FOODS_1_003,FOODS_1,FOODS,WI_1,WI,d_1887,0,2016-03-29,11609,Tuesday,4,3,2016,,,,,0,0,0,3.23,0,1,4.0,1.0,2.2857142857142856,1.6035674514745457,0,0,1.78191,1.6035674514745457,7.000357133746817,19.47372673213549,2.138292,HIGH,17.335434657931998,89.01960521673087,CRITICAL,Urgent stock replenishment required
FOODS_1_008_TX_1_validation,FOODS_1_008,FOODS_1,FOODS,TX_1,TX,d_1887,0,2016-03-29,11609,Tuesday,4,3,2016,,,,,0,0,0,3.54,0,1,0.0,0.0,0.0,0.0,0,0,0.12974538,0.0,0.0,0.9082176685333252,0.15569445,HIGH,0.7525232136249542,82.85714313840636,CRITICAL,Urgent stock replenishment required
FOODS_1_009_CA_3_validation,FOODS_1_009,FOODS_1,FOODS,CA_3,CA,d_1887,0,2016-03-29,11609,Tuesday,4,3,2016,,,,,0,0,0,1.98,0,1,0.0,0.0,0.0,0.0,0,0,0.1231853,0.0,0.0,0.8622971177101135,0.14782237,HIGH,0.7144747525453568,82.85714261027466,CRITICAL,Urgent stock replenishment required
FOODS_1_001_TX_1_validation,FOODS_1_001,FOODS_1,FOODS,TX_1,TX,d_1887,0,2016-03-29,11609,Tuesday,4,3,2016,,,,,0,0,0,2.24,0,1,0.0,0.0,0.42857142857142855,0.7867957924694434,0,0,0.58106107,0.7867957924694434,3.4347488991191204,7.5021765343119915,0.6972733,HIGH,6.8049032203128155,90.70571972266816,CRITICAL,Urgent stock replenishment required
FOODS_1_008_WI_1_validation,FOODS_1_008,FOODS_1,FOODS,WI_1,WI,d_1887,0,2016-03-29,11609,Tuesday,4,3,2016,,,,,0,0,0,3.54,0,1,0.0,0.0,0.5714285714285714,1.133893419027682,0,0,0.54956865,1.133893419027682,4.950000000000001,8.796980571746827,0.6594824,HIGH,8.137498152256013,92.50330935583891,CRITICAL,Urgent stock replenishment required
FOODS_1_003_TX_1_validation,FOODS_1_003,FOODS_1,FOODS,TX_1,TX,d_1887,0,2016-03-29,11609,Tuesday,4,3,2016,,,,,0,0,0,3.23,0,1,0.0,2.0,0.42857142857142855,0.7867957924694432,0,0,0.65187186,0.7867957924694432,3.434748899119119,7.9978520981242465,0.7822463,HIGH,7.215605806486826,90.21929535530067,CRITICAL,Urgent stock replenishment required
FOODS_1_011_TX_1_validation,FOODS_1_011,FOODS_1,FOODS,TX_1,TX,d_1887,1,2016-03-29,11609,Tuesday,4,3,2016,,,,,0,0,0,2.68,0,1,2.0,3.0,1.0,0.9999999999999999,0,0,1.1862043,0.9999999999999999,4.365489663256574,12.668920220507552,1.4234452,HIGH,11.245474995745589,88.7642735135565,CRITICAL,Urgent stock replenishment required
FOODS_1_009_CA_2_validation,FOODS_1_009,FOODS_1,FOODS,CA_2,CA,d_1887,0,2016-03-29,11609,Tuesday,4,3,2016,,,,,0,0,0,2.24,0,1,0.0,0.0,0.0,0.0,0,0,0.12056109,0.0,0.0,0.8439276218414307,0.14467332,HIGH,0.6992543041706085,82.85714154548606,CRITICAL,Urgent stock replenishment required
FOODS_1_010_WI_3_validation,FOODS_1_010,FOODS_1,FOODS,WI_3,WI,d_1887,0,2016-03-29,11609,Tuesday,4,3,2016,,,,,0,0,0,6.77,0,1,0.0,0.0,0.14285714285714285,0.37796447300922725,0,0,0.31334114,0.37796447300922725,1.65,3.843387985229492,0.37600937,HIGH,3.4673786103725432,90.21672086445633,CRITICAL,Urgent stock replenishment required
FOODS_1_010_CA_1_validation,FOODS_1_010,FOODS_1,FOODS,CA_1,CA,d_1887,0,2016-03-29,11609,Tuesday,4,3,2016,,,,,0,0,0,5.64,0,1,0.0,0.0,0.0,0.0,0,0,0.09730765,0.0,0.0,0.6811535358428955,0.11676919,HIGH,0.5643843486905098,82.85714145080532,CRITICAL,Urgent stock replenishment required
FOODS_1_001_WI_1_validation,FOODS_1_001,FOODS_1,FOODS,WI_1,WI,d_1887,1,2016-03-29,11609,Tuesday,4,3,2016,,,,,0,0,0,2.24,0,1,0.0,0.0,0.7142857142857143,0.9511897312113419,0,0,0.7372806,0.9511897312113419,4.152408939398913,9.31337295154491,0.8847368,HIGH,8.428636175192981,90.50036135184334,CRITICAL,Urgent stock replenishment required
FOODS_1_003_TX_3_validation,FOODS_1_003,FOODS_1,FOODS,TX_3,TX,d_1887,0,2016-03-29,11609,Tuesday,4,3,2016,,,,,0,0,0,3.23,0,1,0.0,0.0,0.42857142857142855,0.7867957924694432,0,0,0.45965314,0.7867957924694432,3.434748899119119,6.652320872919779,0.55158377,HIGH,6.100737105982523,91.70840106070891,CRITICAL,Urgent stock replenishment required
FOODS_1_009_CA_1_validation,FOODS_1_009,FOODS_1,FOODS,CA_1,CA,d_1887,0,2016-03-29,11609,Tuesday,4,3,2016,,,,,0,0,0,2.24,0,1,0.0,0.0,0.0,0.0,0,0,0.12056109,0.0,0.0,0.8439276218414307,0.14467332,HIGH,0.6992543041706085,82.85714154548606,CRITICAL,Urgent stock replenishment required
FOODS_1_003_CA_4_validation,FOODS_1_003,FOODS_1,FOODS,CA_4,CA,d_1888,0,2016-03-30,11609,Wednesday,5,3,2016,,,,,0,0,0,3.23,0,1,1.0,0.0,0.2857142857142857,0.48795003647426666,0,0,0.3830633,0.48795003647426666,2.1301408404140796,4.811583816412004,0.45967597,HIGH,4.3519078487186755,90.44647281991838,CRITICAL,Urgent stock replenishment required
FOODS_1_011_TX_1_validation,FOODS_1_011,FOODS_1,FOODS,TX_1,TX,d_1888,1,2016-03-30,11609,Wednesday,5,3,2016,,,,,0,0,0,2.68,0,1,0.0,0.0,0.8571428571428571,0.8997354108424372,0,0,0.74121624,0.8997354108424372,3.9277856356985668,9.116299391496906,0.88945955,HIGH,8.226839841116199,90.2431950489654,CRITICAL,Urgent stock replenishment required
FOODS_1_005_WI_3_validation,FOODS_1_005,FOODS_1,FOODS,WI_3,WI,d_1888,1,2016-03-30,11609,Wednesday,5,3,2016,,,,,0,0,0,3.54,0,1,1.0,4.0,0.8571428571428571,0.8997354108424381,0,0,1.0383635,0.8997354108424381,3.9277856356985708,11.19632983278109,1.2460362,HIGH,9.950293660867944,88.87103014538792,CRITICAL,Urgent stock replenishment required
FOODS_1_003_TX_2_validation,FOODS_1_003,FOODS_1,FOODS,TX_2,TX,d_1888,4,2016-03-30,11609,Wednesday,5,3,2016,,,,,0,0,0,3.23,0,1,1.0,0.0,0.5714285714285714,0.7867957924694432,0,0,0.520916,0.7867957924694432,3.434748899119119,7.081160794871073,0.6250992,HIGH,6.456061612742166,91.17236283376492,CRITICAL,Urgent stock replenishment required
FOODS_1_004_CA_3_validation,FOODS_1_004,FOODS_1,FOODS,CA_3,CA,d_1888,0,2016-03-30,11609,Wednesday,5,3,2016,,,,,0,0,0,1.5,0,1,0.0,2.0,0.0,0.0,0,0,0.90563697,0.0,0.0,6.33945894241333,1.0867645,HIGH,5.252694487571716,82.85714183633627,CRITICAL,Urgent stock replenishment required
FOODS_1_005_WI_2_validation,FOODS_1_005,FOODS_1,FOODS,WI_2,WI,d_1888,0,2016-03-30,11609,Wednesday,5,3,2016,,,,,0,0,0,3.54,0,1,0.0,4.0,1.2857142857142858,1.380131118684705,0,0,1.303161,1.380131118684705,6.024948132556812,15.147075665515796,1.5637933,HIGH,13.58328236393346,89.67593919701275,CRITICAL,Urgent stock replenishment required
FOODS_1_008_WI_2_validation,FOODS_1_008,FOODS_1,FOODS,WI_2,WI,d_1888,0,2016-03-30,11609,Wednesday,5,3,2016,,,,,0,0,0,3.54,0,1,0.0,0.0,0.0,0.0,0,0,0.12974538,0.0,0.0,0.9082176685333252,0.15569445,HIGH,0.7525232136249542,82.85714313840636,CRITICAL,Urgent stock replenishment required
FOODS_1_001_TX_3_validation,FOODS_1_001,FOODS_1,FOODS,TX_3,TX,d_1888,0,2016-03-30,11609,Wednesday,5,3,2016,,,,,0,0,0,2.24,0,1,0.0,0.0,0.2857142857142857,0.487950036474267,0,0,0.4904001,0.487950036474267,2.130140840414081,5.562941610219989,0.5884802,HIGH,4.974461435678515,89.42142097158914,CRITICAL,Urgent stock replenishment required
FOODS_1_001_CA_4_validation,FOODS_1_001,FOODS_1,FOODS,CA_4,CA,d_1888,0,2016-03-30,11609,Wednesday,5,3,2016,,,,,0,0,0,2.24,0,1,1.0,0.0,0.5714285714285714,0.7867957924694432,0,0,0.62810767,0.7867957924694432,3.434748899119119,7.831502687113504,0.7537292,HIGH,7.077773462908487,90.37567559741434,CRITICAL,Urgent stock replenishment required
FOODS_1_009_CA_3_validation,FOODS_1_009,FOODS_1,FOODS,CA_3,CA,d_1888,0,2016-03-30,11609,Wednesday,5,3,2016,,,,,0,0,0,1.98,0,1,0.0,1.0,0.0,0.0,0,0,0.19528562,0.0,0.0,1.3669993877410889,0.23434275,HIGH,1.1326566338539124,82.85714273256417,CRITICAL,Urgent stock replenishment required
FOODS_1_006_WI_1_validation,FOODS_1_006,FOODS_1,FOODS,WI_1,WI,d_1888,0,2016-03-30,11609,Wednesday,5,3,2016,,,,,0,0,0,2.48,0,1,1.0,3.0,0.5714285714285714,0.7867957924694428,0,0,0.8029139,0.7867957924694428,3.4347488991191173,9.055146466868141,0.96349674,HIGH,8.09164972223542,89.35967796702066,CRITICAL,Urgent stock replenishment required
FOODS_1_002_TX_2_validation,FOODS_1_002,FOODS_1,FOODS,TX_2,TX,d_1888,0,2016-03-30,11609,Wednesday,5,3,2016,,,,,0,0,0,9.48,0,1,0.0,0.0,0.14285714285714285,0.3779644730092273,0,0,0.31334114,0.3779644730092273,1.6500000000000004,3.8433879852294925,0.37600937,HIGH,3.4673786103725437,90.21672086445633,CRITICAL,Urgent stock replenishment required
FOODS_1_011_CA_4_validation,FOODS_1_011,FOODS_1,FOODS,CA_4,CA,d_1888,0,2016-03-30,11609,Wednesday,5,3,2016,,,,,0,0,0,2.68,0,1,1.0,0.0,0.5714285714285714,1.133893419027681,0,0,0.57940054,1.133893419027681,4.9499999999999975,9.005803775787351,0.6952807,HIGH,8.310523104667661,92.2796377932529,CRITICAL,Urgent stock replenishment required
FOODS_1_005_CA_2_validation,FOODS_1_005,FOODS_1,FOODS,CA_2,CA,d_1888,0,2016-03-30,11609,Wednesday,5,3,2016,,,,,0,0,0,3.54,0,1,2.0,0.0,6.714285714285714,6.369570517030845,0,0,3.454642,6.369570517030845,27.80629425148199,51.98878936866949,4.1455708,HIGH,47.843218613664604,92.02602944721932,CRITICAL,Urgent stock replenishment required
FOODS_1_001_WI_2_validation,FOODS_1_001,FOODS_1,FOODS,WI_2,WI,d_1888,0,2016-03-30,11609,Wednesday,5,3,2016,,,,,0,0,0,2.24,0,1,0.0,0.0,0.2857142857142857,0.7559289460184545,0,0,0.5125748,0.7559289460184545,3.3,6.8880236625671385,0.6150898,HIGH,6.272933888435364,91.0701559073545,CRITICAL,Urgent stock replenishment required
FOODS_1_004_CA_1_validation,FOODS_1_004,FOODS_1,FOODS,CA_1,CA,d_1888,0,2016-03-30,11609,Wednesday,5,3,2016,,,,,0,0,0,1.96,0,1,0.0,0.0,0.0,0.0,0,0,0.27270588,0.0,0.0,1.9089411497116089,0.32724708,HIGH,1.5816940665245056,82.85714134055198,CRITICAL,Urgent stock replenishment required
FOODS_1_009_TX_2_validation,FOODS_1_009,FOODS_1,FOODS,TX_2,TX,d_1888,0,2016-03-30,11609,Wednesday,5,3,2016,,,,,0,0,0,2.24,0,1,0.0,0.0,0.0,0.0,0,0,0.12056109,0.0,0.0,0.8439276218414307,0.14467332,HIGH,0.6992543041706085,82.85714154548606,CRITICAL,Urgent stock replenishment required
FOODS_1_009_WI_1_validation,FOODS_1_009,FOODS_1,FOODS,WI_1,WI,d_1888,0,2016-03-30,11609,Wednesday,5,3,2016,,,,,0,0,0,2.24,0,1,0.0,0.0,0.0,0.0,0,0,0.12056109,0.0,0.0,0.8439276218414307,0.14467332,HIGH,0.6992543041706085,82.85714154548606,CRITICAL,Urgent stock replenishment required
FOODS_1_009_WI_3_validation,FOODS_1_009,FOODS_1,FOODS,WI_3,WI,d_1888,0,2016-03-30,11609,Wednesday,5,3,2016,,,,,0,0,0,2.24,0,1,0.0,0.0,0.0,0.0,0,0,0.12056109,0.0,0.0,0.8439276218414307,0.14467332,HIGH,0.6992543041706085,82.85714154548606,CRITICAL,Urgent stock replenishment required
FOODS_1_006_CA_3_validation,FOODS_1_006,FOODS_1,FOODS,CA_3,CA,d_1888,0,2016-03-30,11609,Wednesday,5,3,2016,,,,,0,0,0,2.48,0,1,1.0,1.0,1.2857142857142858,1.3801311186847087,0,0,1.0684919,1.3801311186847087,6.024948132556829,13.504391682666693,1.2821903,HIGH,12.222201359790716,90.50538259696876,CRITICAL,Urgent stock replenishment required
FOODS_1_010_WI_3_validation,FOODS_1_010,FOODS_1,FOODS,WI_3,WI,d_1888,0,2016-03-30,11609,Wednesday,5,3,2016,,,,,0,0,0,6.77,0,1,0.0,1.0,0.14285714285714285,0.37796447300922725,0,0,0.37572008,0.37796447300922725,1.65,4.280040645599366,0.4508641,HIGH,3.8291765391826633,89.46589194473492,CRITICAL,Urgent stock replenishment required
FOODS_1_004_CA_4_validation,FOODS_1_004,FOODS_1,FOODS,CA_4,CA,d_1888,0,2016-03-30,11609,Wednesday,5,3,2016,,,,,0,0,0,1.96,0,1,0.0,0.0,0.0,0.0,0,0,0.27270588,0.0,0.0,1.9089411497116089,0.32724708,HIGH,1.5816940665245056,82.85714134055198,CRITICAL,Urgent stock replenishment required
FOODS_1_004_TX_3_validation,FOODS_1_004,FOODS_1,FOODS,TX_3,TX,d_1888,0,2016-03-30,11609,Wednesday,5,3,2016,,,,,0,0,0,1.96,0,1,0.0,0.0,0.0,0.0,0,0,0.27270588,0.0,0.0,1.9089411497116089,0.32724708,HIGH,1.5816940665245056,82.85714134055198,CRITICAL,Urgent stock replenishment required
FOODS_1_004_TX_2_validation,FOODS_1_004,FOODS_1,FOODS,TX_2,TX,d_1888,0,2016-03-30,11609,Wednesday,5,3,2016,,,,,0,0,0,1.96,0,1,0.0,0.0,0.0,0.0,0,0,0.27270588,0.0,0.0,1.9089411497116089,0.32724708,HIGH,1.5816940665245056,82.85714134055198,CRITICAL,Urgent stock replenishment required
FOODS_1_003_WI_2_validation,FOODS_1_003,FOODS_1,FOODS,WI_2,WI,d_1888,0,2016-03-30,11609,Wednesday,5,3,2016,,,,,0,0,0,3.23,0,1,0.0,0.0,0.14285714285714285,0.37796447300922725,0,0,0.31420454,0.37796447300922725,1.65,3.8494318962097167,0.37704548,HIGH,3.4723864138126372,90.20516552667598,CRITICAL,Urgent stock replenishment required
FOODS_1_001_CA_1_validation,FOODS_1_001,FOODS_1,FOODS,CA_1,CA,d_1888,1,2016-03-30,11609,Wednesday,5,3,2016,,,,,0,0,0,2.24,0,1,2.0,1.0,1.0,0.8164965809277263,0,0,0.98321605,0.8164965809277263,3.564407384124324,10.446919476714656,1.1798593,HIGH,9.267060196128414,88.70615128970742,CRITICAL,Urgent stock replenishment required
FOODS_1_011_WI_3_validation,FOODS_1_011,FOODS_1,FOODS,WI_3,WI,d_1888,0,2016-03-30,11609,Wednesday,5,3,2016,,,,,0,0,0,2.68,0,1,0.0,0.0,0.0,0.0,0,0,0.09509308,0.0,0.0,0.6656515598297119,0.1141117,HIGH,0.5515398606657982,82.85714237744655,CRITICAL,Urgent stock replenishment required
FOODS_1_010_WI_1_validation,FOODS_1_010,FOODS_1,FOODS,WI_1,WI,d_1888,0,2016-03-30,11609,Wednesday,5,3,2016,,,,,0,0,0,6.77,0,1,1.0,0.0,1.1428571428571428,1.3451854182690983,0,0,0.7341379,1.3451854182690983,5.87239303861722,11.011358168469515,0.88096553,HIGH,10.13039263759717,91.9994834661273,CRITICAL,Urgent stock replenishment required
FOODS_1_011_CA_1_validation,FOODS_1_011,FOODS_1,FOODS,CA_1,CA,d_1888,4,2016-03-30,11609,Wednesday,5,3,2016,,,,,0,0,0,2.68,0,1,0.0,1.0,0.7142857142857143,1.2535663410560174,0,0,0.72934425,1.2535663410560174,5.4724309040864085,10.577840526278791,0.87521315,HIGH,9.702627380069075,91.72597522116727,CRITICAL,Urgent stock replenishment required
FOODS_1_010_CA_1_validation,FOODS_1_010,FOODS_1,FOODS,CA_1,CA,d_1888,0,2016-03-30,11609,Wednesday,5,3,2016,,,,,0,0,0,5.64,0,1,0.0,0.0,0.0,0.0,0,0,0.09730765,0.0,0.0,0.6811535358428955,0.11676919,HIGH,0.5643843486905098,82.85714145080532,CRITICAL,Urgent stock replenishment required
FOODS_1_001_TX_2_validation,FOODS_1_001,FOODS_1,FOODS,TX_2,TX,d_1888,0,2016-03-30,11609,Wednesday,5,3,2016,,,,,0,0,0,2.24,0,1,0.0,0.0,0.42857142857142855,0.5345224838248482,0,0,0.58106107,0.5345224838248482,2.3334523779156044,6.400880013108475,0.6972733,HIGH,5.703606699109299,89.1066023332539,CRITICAL,Urgent stock replenishment required
FOODS_1_011_WI_1_validation,FOODS_1_011,FOODS_1,FOODS,WI_1,WI,d_1888,0,2016-03-30,11609,Wednesday,5,3,2016,,,,,0,0,0,2.68,0,1,0.0,0.0,0.5714285714285714,1.1338934190276813,0,0,0.5720153,1.1338934190276813,4.9499999999999975,8.954106998443601,0.68641835,HIGH,8.26768864393234,92.33403895407355,CRITICAL,Urgent stock replenishment required
FOODS_1_003_TX_3_validation,FOODS_1_003,FOODS_1,FOODS,TX_3,TX,d_1888,0,2016-03-30,11609,Wednesday,5,3,2016,,,,,0,0,0,3.23,0,1,1.0,0.0,0.42857142857142855,0.7867957924694432,0,0,0.45965314,0.7867957924694432,3.434748899119119,6.652320872919779,0.55158377,HIGH,6.100737105982523,91.70840106070891,CRITICAL,Urgent stock replenishment required
FOODS_1_006_WI_2_validation,FOODS_1_006,FOODS_1,FOODS,WI_2,WI,d_1888,0,2016-03-30,11609,Wednesday,5,3,2016,,,,,0,0,0,2.48,0,1,2.0,3.0,1.1428571428571428,0.8997354108424306,0,0,1.2751108,0.8997354108424306,3.927785635698538,12.853561163652639,1.5301331,HIGH,11.32342803548644,88.09564829011654,CRITICAL,Urgent stock replenishment required
FOODS_1_006_WI_3_validation,FOODS_1_006,FOODS_1,FOODS,WI_3,WI,d_1888,1,2016-03-30,11609,Wednesday,5,3,2016,,,,,0,0,0,2.48,0,1,0.0,0.0,0.8571428571428571,0.8997354108424375,0,0,0.7395442,0.8997354108424375,3.927785635698568,9.104594946611654,0.8874531,HIGH,8.21714186738802,90.25269015889712,CRITICAL,Urgent stock replenishment required
FOODS_1_009_TX_1_validation,FOODS_1_009,FOODS_1,FOODS,TX_1,TX,d_1888,0,2016-03-30,11609,Wednesday,5,3,2016,,,,,0,0,0,2.24,0,1,0.0,0.0,0.0,0.0,0,0,0.12056109,0.0,0.0,0.8439276218414307,0.14467332,HIGH,0.6992543041706085,82.85714154548606,CRITICAL,Urgent stock replenishment required
FOODS_1_002_CA_2_validation,FOODS_1_002,FOODS_1,FOODS,CA_2,CA,d_1888,0,2016-03-30,11609,Wednesday,5,3,2016,,,,,0,0,0,9.48,0,1,2.0,7.0,0.8571428571428571,0.8997354108424375,0,0,0.92237824,0.8997354108424375,3.927785635698568,10.384433508623372,1.106854,HIGH,9.277579546678792,89.34121961467196,CRITICAL,Urgent stock replenishment required
FOODS_1_011_CA_2_validation,FOODS_1_011,FOODS_1,FOODS,CA_2,CA,d_1888,3,2016-03-30,11609,Wednesday,5,3,2016,,,,,0,0,0,2.68,0,1,3.0,3.0,3.142857142857143,2.672612419124244,0,0,2.1215034,2.672612419124244,11.667261889578034,26.517784884573153,2.545804,HIGH,23.971980860830477,90.39963543401505,CRITICAL,Urgent stock replenishment required
FOODS_1_010_TX_1_validation,FOODS_1_010,FOODS_1,FOODS,TX_1,TX,d_1888,1,2016-03-30,11609,Wednesday,5,3,2016,,,,,0,0,0,6.27,0,1,0.0,0.0,1.0,1.1547005383792515,0,0,0.6842366,1.1547005383792515,5.0408332644514235,9.830489426713386,0.82108396,HIGH,9.009405463796059,91.64757798644172,CRITICAL,Urgent stock replenishment required
FOODS_1_002_TX_1_validation,FOODS_1_002,FOODS_1,FOODS,TX_1,TX,d_1888,0,2016-03-30,11609,Wednesday,5,3,2016,,,,,0,0,0,9.48,0,1,0.0,0.0,0.0,0.0,0,0,0.10654569,0.0,0.0,0.7458198070526123,0.12785482,HIGH,0.6179649829864502,82.85714285714286,CRITICAL,Urgent stock replenishment required
FOODS_1_003_WI_3_validation,FOODS_1_003,FOODS_1,FOODS,WI_3,WI,d_1888,0,2016-03-30,11609,Wednesday,5,3,2016,,,,,0,0,0,3.23,0,1,0.0,0.0,0.0,0.0,0,0,0.086861655,0.0,0.0,0.6080315709114075,0.10423399,HIGH,0.5037975832819939,82.85714219194699,CRITICAL,Urgent stock replenishment required
FOODS_1_003_CA_2_validation,FOODS_1_003,FOODS_1,FOODS,CA_2,CA,d_1888,1,2016-03-30,11609,Wednesday,5,3,2016,,,,,0,0,0,3.23,0,1,1.0,3.0,1.7142857142857142,2.1380899352993947,0,0,1.524954,2.1380899352993947,9.333809511662425,20.00848736047834,1.8299448,HIGH,18.17854251146406,90.85415695826727,CRITICAL,Urgent stock replenishment required
FOODS_1_011_CA_3_validation,FOODS_1_011,FOODS_1,FOODS,CA_3,CA,d_1888,2,2016-03-30,11609,Wednesday,5,3,2016,,,,,0,0,0,2.68,0,1,10.0,1.0,3.142857142857143,3.184785258515421,0,0,1.8526897,3.184785258515421,13.903147125740988,26.87197532703493,2.2232277,HIGH,24.648747587700825,91.72659355228942,CRITICAL,Urgent stock replenishment required
FOODS_1_003_TX_1_validation,FOODS_1_003,FOODS_1,FOODS,TX_1,TX,d_1888,0,2016-03-30,11609,Wednesday,5,3,2016,,,,,0,0,0,3.23,0,1,0.0,1.0,0.42857142857142855,0.7867957924694432,0,0,0.53971654,0.7867957924694432,3.434748899119119,7.212764751093607,0.6476599,HIGH,6.565104853289347,91.0206429828997,CRITICAL,Urgent stock replenishment required
FOODS_1_008_TX_1_validation,FOODS_1_008,FOODS_1,FOODS,TX_1,TX,d_1888,0,2016-03-30,11609,Wednesday,5,3,2016,,,,,0,0,0,3.54,0,1,0.0,0.0,0.0,0.0,0,0,0.12974538,0.0,0.0,0.9082176685333252,0.15569445,HIGH,0.7525232136249542,82.85714313840636,CRITICAL,Urgent stock replenishment required
FOODS_1_003_CA_3_validation,FOODS_1_003,FOODS_1,FOODS,CA_3,CA,d_1888,1,2016-03-30,11609,Wednesday,5,3,2016,,,,,0,0,0,3.23,0,1,0.0,2.0,0.42857142857142855,0.5345224838248481,0,0,0.65187186,0.5345224838248481,2.333452377915604,6.896555576920731,0.7822463,HIGH,6.11430928528331,88.65743510782104,CRITICAL,Urgent stock replenishment required
FOODS_1_002_WI_2_validation,FOODS_1_002,FOODS_1,FOODS,WI_2,WI,d_1888,0,2016-03-30,11609,Wednesday,5,3,2016,,,,,0,0,0,9.48,0,1,0.0,1.0,0.14285714285714285,0.37796447300922725,0,0,0.37572008,0.37796447300922725,1.65,4.280040645599366,0.4508641,HIGH,3.8291765391826633,89.46589194473492,CRITICAL,Urgent stock replenishment required
FOODS_1_008_TX_2_validation,FOODS_1_008,FOODS_1,FOODS,TX_2,TX,d_1888,0,2016-03-30,11609,Wednesday,5,3,2016,,,,,0,0,0,3.54,0,1,0.0,0.0,0.0,0.0,0,0,0.12974538,0.0,0.0,0.9082176685333252,0.15569445,HIGH,0.7525232136249542,82.85714313840636,CRITICAL,Urgent stock replenishment required
FOODS_1_009_CA_1_validation,FOODS_1_009,FOODS_1,FOODS,CA_1,CA,d_1888,0,2016-03-30,11609,Wednesday,5,3,2016,,,,,0,0,0,2.24,0,1,0.0,0.0,0.0,0.0,0,0,0.12056109,0.0,0.0,0.8439276218414307,0.14467332,HIGH,0.6992543041706085,82.85714154548606,CRITICAL,Urgent stock replenishment required
FOODS_1_011_TX_3_validation,FOODS_1_011,FOODS_1,FOODS,TX_3,TX,d_1888,0,2016-03-30,11609,Wednesday,5,3,2016,,,,,0,0,0,2.68,0,1,0.0,1.0,0.0,0.0,0,0,0.17710717,0.0,0.0,1.2397501468658447,0.21252862,HIGH,1.027221530675888,82.8571412774388,CRITICAL,Urgent stock replenishment required
FOODS_1_004_WI_1_validation,FOODS_1_004,FOODS_1,FOODS,WI_1,WI,d_1888,0,2016-03-30,11609,Wednesday,5,3,2016,,,,,0,0,0,1.96,0,1,0.0,0.0,0.0,0.0,0,0,0.27270588,0.0,0.0,1.9089411497116089,0.32724708,HIGH,1.5816940665245056,82.85714134055198,CRITICAL,Urgent stock replenishment required
FOODS_1_004_CA_2_validation,FOODS_1_004,FOODS_1,FOODS,CA_2,CA,d_1888,0,2016-03-30,11609,Wednesday,5,3,2016,,,,,0,0,0,1.96,0,1,0.0,0.0,0.0,0.0,0,0,0.27270588,0.0,0.0,1.9089411497116089,0.32724708,HIGH,1.5816940665245056,82.85714134055198,CRITICAL,Urgent stock replenishment required
FOODS_1_005_TX_1_validation,FOODS_1_005,FOODS_1,FOODS,TX_1,TX,d_1888,1,2016-03-30,11609,Wednesday,5,3,2016,,,,,0,0,0,3.54,0,1,0.0,2.0,1.2857142857142858,1.799470821684875,0,0,1.1511326,1.799470821684875,7.855571271397136,15.913499356724284,1.3813591,HIGH,14.532140256382487,91.3195767355965,CRITICAL,Urgent stock replenishment required
FOODS_1_008_CA_1_validation,FOODS_1_008,FOODS_1,FOODS,CA_1,CA,d_1888,0,2016-03-30,11609,Wednesday,5,3,2016,,,,,0,0,0,3.54,0,1,2.0,0.0,0.7142857142857143,0.9511897312113419,0,0,0.6799312,0.9511897312113419,4.152408939398913,8.911927562750964,0.8159175,HIGH,8.096010070838123,90.8446574978558,CRITICAL,Urgent stock replenishment required
FOODS_1_008_WI_1_validation,FOODS_1_008,FOODS_1,FOODS,WI_1,WI,d_1888,1,2016-03-30,11609,Wednesday,5,3,2016,,,,,0,0,0,3.54,0,1,1.0,0.0,0.5714285714285714,1.133893419027682,0,0,0.556954,1.133893419027682,4.950000000000001,8.848678302764894,0.66834486,HIGH,8.180333447456361,92.44695272626535,CRITICAL,Urgent stock replenishment required
FOODS_1_008_CA_2_validation,FOODS_1_008,FOODS_1,FOODS,CA_2,CA,d_1888,2,2016-03-30,11609,Wednesday,5,3,2016,,,,,0,0,0,3.54,0,1,0.0,0.0,0.7142857142857143,0.9511897312113419,0,0,0.67614245,0.9511897312113419,4.152408939398913,8.885405880011707,0.81137097,HIGH,8.074034911193042,90.8684985269621,CRITICAL,Urgent stock replenishment required
FOODS_1_005_CA_3_validation,FOODS_1_005,FOODS_1,FOODS,CA_3,CA,d_1888,4,2016-03-30,11609,Wednesday,5,3,2016,,,,,0,0,0,3.54,0,1,5.0,2.0,4.285714285714286,4.191828786034631,0,0,2.8417168,4.191828786034631,18.29938523557554,38.191402600077495,3.4100602,HIGH,34.78134243276487,91.071131366865,CRITICAL,Urgent stock replenishment required
FOODS_1_006_CA_4_validation,FOODS_1_006,FOODS_1,FOODS,CA_4,CA,d_1888,0,2016-03-30,11609,Wednesday,5,3,2016,,,,,0,0,0,2.48,0,1,3.0,1.0,2.142857142857143,1.8644544714716096,0,0,1.5427285,1.8644544714716096,8.139256722821811,18.93835664500199,1.8512744,HIGH,17.087082273854833,90.22473593749896,CRITICAL,Urgent stock replenishment required
FOODS_1_001_CA_2_validation,FOODS_1_001,FOODS_1,FOODS,CA_2,CA,d_1888,0,2016-03-30,11609,Wednesday,5,3,2016,,,,,0,0,0,2.24,0,1,0.0,2.0,0.42857142857142855,0.7867957924694435,0,0,0.7184103,0.7867957924694435,3.434748899119121,8.463620912211162,0.86209244,HIGH,7.6015284768512075,89.8141416740896,CRITICAL,Urgent stock replenishment required
FOODS_1_002_CA_4_validation,FOODS_1_002,FOODS_1,FOODS,CA_4,CA,d_1888,0,2016-03-30,11609,Wednesday,5,3,2016,,,,,0,0,0,9.48,0,1,0.0,0.0,0.14285714285714285,0.37796447300922725,0,0,0.31334114,0.37796447300922725,1.65,3.843387985229492,0.37600937,HIGH,3.4673786103725432,90.21672086445633,CRITICAL,Urgent stock replenishment required
FOODS_1_008_CA_3_validation,FOODS_1_008,FOODS_1,FOODS,CA_3,CA,d_1888,0,2016-03-30,11609,Wednesday,5,3,2016,,,,,0,0,0,3.54,0,1,0.0,0.0,0.0,0.0,0,0,0.12974538,0.0,0.0,0.9082176685333252,0.15569445,HIGH,0.7525232136249542,82.85714313840636,CRITICAL,Urgent stock replenishment required
FOODS_1_009_WI_2_validation,FOODS_1_009,FOODS_1,FOODS,WI_2,WI,d_1888,0,2016-03-30,11609,Wednesday,5,3,2016,,,,,0,0,0,2.24,0,1,0.0,0.0,0.0,0.0,0,0,0.12056109,0.0,0.0,0.8439276218414307,0.14467332,HIGH,0.6992543041706085,82.85714154548606,CRITICAL,Urgent stock replenishment required
FOODS_1_008_TX_3_validation,FOODS_1_008,FOODS_1,FOODS,TX_3,TX,d_1888,0,2016-03-30,11609,Wednesday,5,3,2016,,,,,0,0,0,3.54,0,1,0.0,0.0,0.0,0.0,0,0,0.12974538,0.0,0.0,0.9082176685333252,0.15569445,HIGH,0.7525232136249542,82.85714313840636,CRITICAL,Urgent stock replenishment required
FOODS_1_001_WI_3_validation,FOODS_1_001,FOODS_1,FOODS,WI_3,WI,d_1888,1,2016-03-30,11609,Wednesday,5,3,2016,,,,,0,0,0,2.24,0,1,1.0,2.0,0.2857142857142857,0.48795003647426666,0,0,0.6221798,0.48795003647426666,2.1301408404140796,6.485399305227312,0.74661577,HIGH,5.738783537748369,88.48774404874096,CRITICAL,Urgent stock replenishment required
FOODS_1_006_TX_2_validation,FOODS_1_006,FOODS_1,FOODS,TX_2,TX,d_1888,1,2016-03-30,11609,Wednesday,5,3,2016,,,,,0,0,0,2.48,0,1,0.0,0.0,1.1428571428571428,1.3451854182690985,0,0,0.9100969,1.3451854182690985,5.872393038617221,12.243070986615269,1.0921164,HIGH,11.150954630719273,91.07971882961431,CRITICAL,Urgent stock replenishment required
FOODS_1_003_CA_1_validation,FOODS_1_003,FOODS_1,FOODS,CA_1,CA,d_1888,0,2016-03-30,11609,Wednesday,5,3,2016,,,,,0,0,0,3.23,0,1,1.0,3.0,1.0,1.4142135623730951,0,0,1.1136299,1.4142135623730951,6.173734688177003,13.969144367589845,1.3363559,HIGH,12.632788442983522,90.4335162595439,CRITICAL,Urgent stock replenishment required
FOODS_1_005_TX_3_validation,FOODS_1_005,FOODS_1,FOODS,TX_3,TX,d_1888,1,2016-03-30,11609,Wednesday,5,3,2016,,,,,0,0,0,3.54,0,1,1.0,1.0,1.5714285714285714,1.397276262011544,0,0,1.3110516,1.397276262011544,6.09979507852518,15.277156566867465,1.573262,HIGH,13.7038945906254,89.70186651320901,CRITICAL,Urgent stock replenishment required
FOODS_1_001_TX_1_validation,FOODS_1_001,FOODS_1,FOODS,TX_1,TX,d_1888,0,2016-03-30,11609,Wednesday,5,3,2016,,,,,0,0,0,2.24,0,1,1.0,0.0,0.42857142857142855,0.7867957924694434,0,0,0.58106107,0.7867957924694434,3.4347488991191204,7.5021765343119915,0.6972733,HIGH,6.8049032203128155,90.70571972266816,CRITICAL,Urgent stock replenishment required
FOODS_1_010_WI_2_validation,FOODS_1_010,FOODS_1,FOODS,WI_2,WI,d_1888,0,2016-03-30,11609,Wednesday,5,3,2016,,,,,0,0,0,6.77,0,1,1.0,1.0,0.2857142857142857,0.48795003647426666,0,0,0.45004895,0.48795003647426666,2.1301408404140796,5.28048354327968,0.5400588,HIGH,4.7404247516422595,89.77255042628174,CRITICAL,Urgent stock replenishment required
FOODS_1_006_TX_3_validation,FOODS_1_006,FOODS_1,FOODS,TX_3,TX,d_1888,3,2016-03-30,11609,Wednesday,5,3,2016,,,,,0,0,0,2.48,0,1,0.0,0.0,0.14285714285714285,0.37796447300922725,0,0,0.34015453,0.37796447300922725,1.65,4.031081581115723,0.40818545,HIGH,3.622896128892899,89.87404635681308,CRITICAL,Urgent stock replenishment required
FOODS_1_010_CA_4_validation,FOODS_1_010,FOODS_1,FOODS,CA_4,CA,d_1888,0,2016-03-30,11609,Wednesday,5,3,2016,,,,,0,0,0,5.56,0,1,0.0,0.0,0.0,0.0,0,0,0.09730765,0.0,0.0,0.6811535358428955,0.11676919,HIGH,0.5643843486905098,82.85714145080532,CRITICAL,Urgent stock replenishment required
FOODS_1_010_CA_3_validation,FOODS_1_010,FOODS_1,FOODS,CA_3,CA,d_1888,3,2016-03-30,11609,Wednesday,5,3,2016,,,,,0,0,0,5.64,0,1,1.0,0.0,0.42857142857142855,0.5345224838248491,0,0,0.43510816,0.5345224838248491,2.3334523779156084,5.379209433198201,0.52212983,HIGH,4.8570795994999285,90.29355818578269,CRITICAL,Urgent stock replenishment required
FOODS_1_004_WI_3_validation,FOODS_1_004,FOODS_1,FOODS,WI_3,WI,d_1888,0,2016-03-30,11609,Wednesday,5,3,2016,,,,,0,0,0,1.96,0,1,0.0,0.0,0.0,4.272243734249905e-07,0,0,0.29603696,4.272243734249905e-07,1.8650435860780626e-06,2.0722605759047923,0.35524437,HIGH,1.7170162075900492,82.8571574228962,CRITICAL,Urgent stock replenishment required
FOODS_1_006_CA_2_validation,FOODS_1_006,FOODS_1,FOODS,CA_2,CA,d_1888,0,2016-03-30,11609,Wednesday,5,3,2016,,,,,0,0,0,2.48,0,1,0.0,0.0,0.0,0.0,0,0,0.08049291,0.0,0.0,0.5634503960609436,0.0965915,HIGH,0.4668588936328888,82.85714179929207,CRITICAL,Urgent stock replenishment required
FOODS_1_002_WI_3_validation,FOODS_1_002,FOODS_1,FOODS,WI_3,WI,d_1888,0,2016-03-30,11609,Wednesday,5,3,2016,,,,,0,0,0,9.48,0,1,0.0,0.0,0.2857142857142857,0.48795003647426666,0,0,0.3540678,0.48795003647426666,2.1301408404140796,4.608615457418474,0.42488137,HIGH,4.183734088542971,90.78071553590844,CRITICAL,Urgent stock replenishment required
FOODS_1_005_CA_1_validation,FOODS_1_005,FOODS_1,FOODS,CA_1,CA,d_1888,0,2016-03-30,11609,Wednesday,5,3,2016,,,,,0,0,0,3.54,0,1,0.0,0.0,1.0,1.1547005383792432,0,0,0.84882736,1.1547005383792432,5.040833264451388,10.982624798875216,1.0185928,HIGH,9.96403196440256,90.7254153435436,CRITICAL,Urgent stock replenishment required
FOODS_1_002_WI_1_validation,FOODS_1_002,FOODS_1,FOODS,WI_1,WI,d_1888,0,2016-03-30,11609,Wednesday,5,3,2016,,,,,0,0,0,9.48,0,1,1.0,1.0,1.2857142857142858,0.48795003647426827,0,0,0.80564326,0.48795003647426827,2.1301408404140862,7.769643842580834,0.96677196,HIGH,6.80287188232235,87.55706207586792,CRITICAL,Urgent stock replenishment required
FOODS_1_009_CA_2_validation,FOODS_1_009,FOODS_1,FOODS,CA_2,CA,d_1888,0,2016-03-30,11609,Wednesday,5,3,2016,,,,,0,0,0,2.24,0,1,0.0,0.0,0.0,0.0,0,0,0.12056109,0.0,0.0,0.8439276218414307,0.14467332,HIGH,0.6992543041706085,82.85714154548606,CRITICAL,Urgent stock replenishment required
FOODS_1_008_CA_4_validation,FOODS_1_008,FOODS_1,FOODS,CA_4,CA,d_1888,1,2016-03-30,11609,Wednesday,5,3,2016,,,,,0,0,0,3.54,0,1,0.0,1.0,0.14285714285714285,0.37796447300922725,0,0,0.37676004,0.37796447300922725,1.65,4.287320280075074,0.45211205,HIGH,3.835208231210709,89.45467053241826,CRITICAL,Urgent stock replenishment required
FOODS_1_003_WI_1_validation,FOODS_1_003,FOODS_1,FOODS,WI_1,WI,d_1888,2,2016-03-30,11609,Wednesday,5,3,2016,,,,,0,0,0,3.23,0,1,1.0,0.0,1.7142857142857142,1.6035674514745462,0,0,1.3244357,1.6035674514745462,7.00035713374682,16.27140663325854,1.5893229,HIGH,14.682083708644587,90.23241837392597,CRITICAL,Urgent stock replenishment required
FOODS_1_004_TX_1_validation,FOODS_1_004,FOODS_1,FOODS,TX_1,TX,d_1888,0,2016-03-30,11609,Wednesday,5,3,2016,,,,,0,0,0,1.96,0,1,0.0,0.0,0.0,0.0,0,0,0.27270588,0.0,0.0,1.9089411497116089,0.32724708,HIGH,1.5816940665245056,82.85714134055198,CRITICAL,Urgent stock replenishment required
FOODS_1_010_CA_2_validation,FOODS_1_010,FOODS_1,FOODS,CA_2,CA,d_1888,0,2016-03-30,11609,Wednesday,5,3,2016,,,,,0,0,0,5.64,0,1,0.0,2.0,0.14285714285714285,0.3779644730092282,0,0,0.415439,0.3779644730092282,1.6500000000000041,4.5580729484558145,0.49852684,HIGH,4.059546107053761,89.06277176693837,CRITICAL,Urgent stock replenishment required
FOODS_1_002_TX_3_validation,FOODS_1_002,FOODS_1,FOODS,TX_3,TX,d_1888,0,2016-03-30,11609,Wednesday,5,3,2016,,,,,0,0,0,9.48,0,1,0.0,0.0,0.5714285714285714,0.7867957924694432,0,0,0.4582122,0.7867957924694432,3.434748899119119,6.642234336512308,0.54985464,HIGH,6.092379700319986,91.72184225464953,CRITICAL,Urgent stock replenishment required
FOODS_1_011_TX_2_validation,FOODS_1_011,FOODS_1,FOODS,TX_2,TX,d_1888,0,2016-03-30,11609,Wednesday,5,3,2016,,,,,0,0,0,2.68,0,1,0.0,0.0,0.7142857142857143,1.4960264830861913,0,0,0.62594354,1.4960264830861913,6.530888147870855,10.912492819349126,0.7511323,HIGH,10.161360509912328,93.116766976424,CRITICAL,Urgent stock replenishment required
FOODS_1_006_CA_1_validation,FOODS_1_006,FOODS_1,FOODS,CA_1,CA,d_1888,2,2016-03-30,11609,Wednesday,5,3,2016,,,,,0,0,0,2.48,0,1,0.0,3.0,1.0,1.4142135623730947,0,0,1.0899025,1.4142135623730947,6.173734688177002,13.803052448644532,1.307883,HIGH,12.495169424428834,90.52468264478605,CRITICAL,Urgent stock replenishment required
FOODS_1_006_TX_1_validation,FOODS_1_006,FOODS_1,FOODS,TX_1,TX,d_1888,0,2016-03-30,11609,Wednesday,5,3,2016,,,,,0,0,0,2.48,0,1,0.0,0.0,0.8571428571428571,0.8997354108424375,0,0,0.7395442,0.8997354108424375,3.927785635698568,9.104594946611654,0.8874531,HIGH,8.21714186738802,90.25269015889712,CRITICAL,Urgent stock replenishment required
FOODS_1_002_CA_3_validation,FOODS_1_002,FOODS_1,FOODS,CA_3,CA,d_1888,0,2016-03-30,11609,Wednesday,5,3,2016,,,,,0,0,0,9.48,0,1,0.0,0.0,0.8571428571428571,1.0690449676496976,0,0,0.57600343,1.0690449676496976,4.666904755831214,8.698928662538979,0.69120413,HIGH,8.007724531889412,92.05414646488407,CRITICAL,Urgent stock replenishment required
FOODS_1_009_CA_4_validation,FOODS_1_009,FOODS_1,FOODS,CA_4,CA,d_1888,0,2016-03-30,11609,Wednesday,5,3,2016,,,,,0,0,0,2.24,0,1,0.0,0.0,0.0,0.0,0,0,0.12056109,0.0,0.0,0.8439276218414307,0.14467332,HIGH,0.6992543041706085,82.85714154548606,CRITICAL,Urgent stock replenishment required
FOODS_1_001_WI_1_validation,FOODS_1_001,FOODS_1,FOODS,WI_1,WI,d_1888,0,2016-03-30,11609,Wednesday,5,3,2016,,,,,0,0,0,2.24,0,1,0.0,0.0,0.8571428571428571,0.8997354108424375,0,0,0.7771141,0.8997354108424375,3.927785635698568,9.367584467638265,0.93253696,HIGH,8.435047507990133,90.04506484174526,CRITICAL,Urgent stock replenishment required
FOODS_1_010_TX_2_validation,FOODS_1_010,FOODS_1,FOODS,TX_2,TX,d_1888,0,2016-03-30,11609,Wednesday,5,3,2016,,,,,0,0,0,6.27,0,1,1.0,0.0,0.42857142857142855,0.5345224838248466,0,0,0.43510816,0.5345224838248466,2.3334523779155973,5.37920943319819,0.52212983,HIGH,4.857079599499917,90.29355818578266,CRITICAL,Urgent stock replenishment required
FOODS_1_009_TX_3_validation,FOODS_1_009,FOODS_1,FOODS,TX_3,TX,d_1888,0,2016-03-30,11609,Wednesday,5,3,2016,,,,,0,0,0,2.24,0,1,0.0,0.0,0.0,0.0,0,0,0.12056109,0.0,0.0,0.8439276218414307,0.14467332,HIGH,0.6992543041706085,82.85714154548606,CRITICAL,Urgent stock replenishment required
FOODS_1_005_TX_2_validation,FOODS_1_005,FOODS_1,FOODS,TX_2,TX,d_1888,1,2016-03-30,11609,Wednesday,5,3,2016,,,,,0,0,0,3.54,0,1,2.0,1.0,3.0,1.8257418583505538,0,0,2.5157359,1.8257418583505538,7.970257210404191,25.580408501297747,3.0188832,HIGH,22.561525272995745,88.19845575120956,CRITICAL,Urgent stock replenishment required
FOODS_1_004_WI_2_validation,FOODS_1_004,FOODS_1,FOODS,WI_2,WI,d_1888,0,2016-03-30,11609,Wednesday,5,3,2016,,,,,0,0,0,1.96,0,1,0.0,0.0,0.0,7.389734084383283e-07,0,0,0.33279186,7.389734084383283e-07,3.2259807759590005e-06,2.329546339689272,0.39935026,HIGH,1.930196083961504,82.85716626778776,CRITICAL,Urgent stock replenishment required
FOODS_1_005_CA_4_validation,FOODS_1_005,FOODS_1,FOODS,CA_4,CA,d_1888,0,2016-03-30,11609,Wednesday,5,3,2016,,,,,0,0,0,3.54,0,1,1.0,0.0,1.7142857142857142,2.214669705568283,0,0,1.4840468,2.214669705568283,9.668117707185822,20.0564453057576,1.7808563,HIGH,18.275589054040985,91.12077826071511,CRITICAL,Urgent stock replenishment required
FOODS_1_001_CA_3_validation,FOODS_1_001,FOODS_1,FOODS,CA_3,CA,d_1888,1,2016-03-30,11609,Wednesday,5,3,2016,,,,,0,0,0,2.24,0,1,1.0,0.0,2.142857142857143,4.375255094603872,0,0,0.9948324,4.375255094603872,19.10013088960387,26.063957545945424,1.1937989,HIGH,24.87015864629485,95.41973279558121,CRITICAL,Urgent stock replenishment required
FOODS_1_002_CA_1_validation,FOODS_1_002,FOODS_1,FOODS,CA_1,CA,d_1888,0,2016-03-30,11609,Wednesday,5,3,2016,,,,,0,0,0,9.48,0,1,0.0,0.0,0.2857142857142857,0.48795003647426666,0,0,0.3540678,0.48795003647426666,2.1301408404140796,4.608615457418474,0.42488137,HIGH,4.183734088542971,90.78071553590844,CRITICAL,Urgent stock replenishment required
FOODS_1_011_WI_2_validation,FOODS_1_011,FOODS_1,FOODS,WI_2,WI,d_1888,0,2016-03-30,11609,Wednesday,5,3,2016,,,,,0,0,0,2.68,0,1,0.0,0.0,0.0,0.0,0,0,0.09509308,0.0,0.0,0.6656515598297119,0.1141117,HIGH,0.5515398606657982,82.85714237744655,CRITICAL,Urgent stock replenishment required
FOODS_1_010_TX_3_validation,FOODS_1_010,FOODS_1,FOODS,TX_3,TX,d_1888,0,2016-03-30,11609,Wednesday,5,3,2016,,,,,0,0,0,6.27,0,1,0.0,0.0,0.7142857142857143,0.9511897312113422,0,0,0.5845169,0.9511897312113422,4.1524089393989145,8.244027000464587,0.7014203,HIGH,7.542606693305164,91.49177571689302,CRITICAL,Urgent stock replenishment required
FOODS_1_008_WI_3_validation,FOODS_1_008,FOODS_1,FOODS,WI_3,WI,d_1888,0,2016-03-30,11609,Wednesday,5,3,2016,,,,,0,0,0,3.54,0,1,1.0,0.0,0.14285714285714285,0.3779644730092273,0,0,0.31438103,0.3779644730092273,1.6500000000000004,3.8506671428680423,0.37725726,HIGH,3.473409885168076,90.20280788489605,CRITICAL,Urgent stock replenishment required
FOODS_1_005_WI_1_validation,FOODS_1_005,FOODS_1,FOODS,WI_1,WI,d_1888,1,2016-03-30,11609,Wednesday,5,3,2016,,,,,0,0,0,3.54,0,1,0.0,2.0,2.5714285714285716,2.7602622373694152,0,0,1.9356426,2.7602622373694152,12.049896265113649,25.599394823158082,2.3227713,HIGH,23.276623512351808,90.92646007121616,CRITICAL,Urgent stock replenishment required
FOODS_1_011_CA_2_validation,FOODS_1_011,FOODS_1,FOODS,CA_2,CA,d_1889,0,2016-03-31,11609,Thursday,6,3,2016,,,,,0,0,0,2.68,0,1,4.0,1.0,3.142857142857143,2.672612419124244,0,0,1.9182227,2.672612419124244,11.667261889578034,25.094820788503817,2.3018672,HIGH,22.79295354187601,90.82732143804623,CRITICAL,Urgent stock replenishment required
FOODS_1_008_WI_2_validation,FOODS_1_008,FOODS_1,FOODS,WI_2,WI,d_1889,0,2016-03-31,11609,Thursday,6,3,2016,,,,,0,0,0,3.54,0,1,0.0,1.0,0.0,0.0,0,0,0.20354798,0.0,0.0,1.4248359203338623,0.24425758,HIGH,1.1805783361196518,82.85714300654513,CRITICAL,Urgent stock replenishment required
FOODS_1_010_TX_1_validation,FOODS_1_010,FOODS_1,FOODS,TX_1,TX,d_1889,0,2016-03-31,11609,Thursday,6,3,2016,,,,,0,0,0,6.27,0,1,3.0,0.0,1.1428571428571428,1.0690449676496976,0,0,0.7811233,1.0690449676496976,4.666904755831214,10.134767838716957,0.93734795,HIGH,9.19741989016578,90.75116506398587,CRITICAL,Urgent stock replenishment required
FOODS_1_003_CA_1_validation,FOODS_1_003,FOODS_1,FOODS,CA_1,CA,d_1889,1,2016-03-31,11609,Thursday,6,3,2016,,,,,0,0,0,3.23,0,1,0.0,1.0,0.8571428571428571,1.4638501094227998,0,0,0.7713895,1.4638501094227998,6.390422521242238,11.790148912080861,0.9256674,HIGH,10.864481506952382,92.14880649912753,CRITICAL,Urgent stock replenishment required
FOODS_1_002_WI_2_validation,FOODS_1_002,FOODS_1,FOODS,WI_2,WI,d_1889,0,2016-03-31,11609,Thursday,6,3,2016,,,,,0,0,0,9.48,0,1,0.0,3.0,0.14285714285714285,0.37796447300922725,0,0,0.4988901,0.37796447300922725,1.65,5.142230653762818,0.59866816,HIGH,4.543562495708466,88.35781203987267,CRITICAL,Urgent stock replenishment required
FOODS_1_006_TX_1_validation,FOODS_1_006,FOODS_1,FOODS,TX_1,TX,d_1889,0,2016-03-31,11609,Thursday,6,3,2016,,,,,0,0,0,2.48,0,1,2.0,3.0,0.8571428571428571,0.8997354108424375,0,0,1.061362,0.8997354108424375,3.927785635698568,11.357319594133626,1.2736344,HIGH,10.083685160387288,88.78578327227662,CRITICAL,Urgent stock replenishment required
FOODS_1_005_WI_3_validation,FOODS_1_005,FOODS_1,FOODS,WI_3,WI,d_1889,0,2016-03-31,11609,Thursday,6,3,2016,,,,,0,0,0,3.54,0,1,0.0,1.0,0.8571428571428571,0.8997354108424381,0,0,0.8212571,0.8997354108424381,3.9277856356985708,9.676585436571374,0.98550856,HIGH,8.691076875437036,89.81553392367374,CRITICAL,Urgent stock replenishment required
FOODS_1_002_WI_3_validation,FOODS_1_002,FOODS_1,FOODS,WI_3,WI,d_1889,0,2016-03-31,11609,Thursday,6,3,2016,,,,,0,0,0,9.48,0,1,0.0,1.0,0.2857142857142857,0.48795003647426666,0,0,0.4314887,0.48795003647426666,2.1301408404140796,5.1505616301327075,0.51778644,HIGH,4.6327751868992175,89.94699063099748,CRITICAL,Urgent stock replenishment required
FOODS_1_004_WI_2_validation,FOODS_1_004,FOODS_1,FOODS,WI_2,WI,d_1889,0,2016-03-31,11609,Thursday,6,3,2016,,,,,0,0,0,1.96,0,1,0.0,0.0,0.0,7.389734084383283e-07,0,0,0.33279186,7.389734084383283e-07,3.2259807759590005e-06,2.329546339689272,0.39935026,HIGH,1.930196083961504,82.85716626778776,CRITICAL,Urgent stock replenishment required
FOODS_1_006_CA_1_validation,FOODS_1_006,FOODS_1,FOODS,CA_1,CA,d_1889,3,2016-03-31,11609,Thursday,6,3,2016,,,,,0,0,0,2.48,0,1,0.0,3.0,1.2857142857142858,1.380131118684708,0,0,1.2260934,1.380131118684708,6.024948132556825,14.60760213188544,1.4713122,HIGH,13.136289966625124,89.92776396853841,CRITICAL,Urgent stock replenishment required
FOODS_1_011_TX_3_validation,FOODS_1_011,FOODS_1,FOODS,TX_3,TX,d_1889,0,2016-03-31,11609,Thursday,6,3,2016,,,,,0,0,0,2.68,0,1,0.0,0.0,0.0,0.0,0,0,0.09509308,0.0,0.0,0.6656515598297119,0.1141117,HIGH,0.5515398606657982,82.85714237744655,CRITICAL,Urgent stock replenishment required
FOODS_1_001_TX_1_validation,FOODS_1_001,FOODS_1,FOODS,TX_1,TX,d_1889,0,2016-03-31,11609,Thursday,6,3,2016,,,,,0,0,0,2.24,0,1,0.0,0.0,0.2857142857142857,0.7559289460184548,0,0,0.5125748,0.7559289460184548,3.3000000000000016,6.88802366256714,0.6150898,HIGH,6.272933888435365,91.0701559073545,CRITICAL,Urgent stock replenishment required
FOODS_1_011_TX_1_validation,FOODS_1_011,FOODS_1,FOODS,TX_1,TX,d_1889,1,2016-03-31,11609,Thursday,6,3,2016,,,,,0,0,0,2.68,0,1,2.0,0.0,1.0,0.8164965809277259,0,0,0.8845848,0.8164965809277259,3.5644073841243227,9.756500756469293,1.0615017,HIGH,8.694999015059992,89.12005679182215,CRITICAL,Urgent stock replenishment required
FOODS_1_009_CA_2_validation,FOODS_1_009,FOODS_1,FOODS,CA_2,CA,d_1889,0,2016-03-31,11609,Thursday,6,3,2016,,,,,0,0,0,2.24,0,1,0.0,0.0,0.0,0.0,0,0,0.12056109,0.0,0.0,0.8439276218414307,0.14467332,HIGH,0.6992543041706085,82.85714154548606,CRITICAL,Urgent stock replenishment required
FOODS_1_002_WI_1_validation,FOODS_1_002,FOODS_1,FOODS,WI_1,WI,d_1889,1,2016-03-31,11609,Thursday,6,3,2016,,,,,0,0,0,9.48,0,1,1.0,1.0,1.1428571428571428,0.6900655593423556,0,0,0.78432405,0.6900655593423556,3.0124740662784197,8.502742296716653,0.9411889,HIGH,7.5615534248561485,88.9307609355167,CRITICAL,Urgent stock replenishment required
FOODS_1_003_CA_2_validation,FOODS_1_003,FOODS_1,FOODS,CA_2,CA,d_1889,0,2016-03-31,11609,Thursday,6,3,2016,,,,,0,0,0,3.23,0,1,1.0,0.0,1.7142857142857142,2.1380899352993947,0,0,1.375014,2.1380899352993947,9.333809511662425,18.958906786442697,1.6500168,HIGH,17.308890001774728,91.29687801488703,CRITICAL,Urgent stock replenishment required
FOODS_1_001_CA_1_validation,FOODS_1_001,FOODS_1,FOODS,CA_1,CA,d_1889,0,2016-03-31,11609,Thursday,6,3,2016,,,,,0,0,0,2.24,0,1,0.0,0.0,0.8571428571428571,0.6900655593423543,0,0,0.7275552,0.6900655593423543,3.012474066278414,8.105360514184909,0.8730663,HIGH,7.232294208070712,89.22853209815561,CRITICAL,Urgent stock replenishment required
FOODS_1_011_WI_2_validation,FOODS_1_011,FOODS_1,FOODS,WI_2,WI,d_1889,0,2016-03-31,11609,Thursday,6,3,2016,,,,,0,0,0,2.68,0,1,0.0,0.0,0.0,0.0,0,0,0.09509308,0.0,0.0,0.6656515598297119,0.1141117,HIGH,0.5515398606657982,82.85714237744655,CRITICAL,Urgent stock replenishment required
FOODS_1_009_TX_3_validation,FOODS_1_009,FOODS_1,FOODS,TX_3,TX,d_1889,0,2016-03-31,11609,Thursday,6,3,2016,,,,,0,0,0,2.24,0,1,0.0,0.0,0.0,0.0,0,0,0.12056109,0.0,0.0,0.8439276218414307,0.14467332,HIGH,0.6992543041706085,82.85714154548606,CRITICAL,Urgent stock replenishment required
FOODS_1_004_CA_1_validation,FOODS_1_004,FOODS_1,FOODS,CA_1,CA,d_1889,0,2016-03-31,11609,Thursday,6,3,2016,,,,,0,0,0,1.96,0,1,0.0,0.0,0.0,0.0,0,0,0.27270588,0.0,0.0,1.9089411497116089,0.32724708,HIGH,1.5816940665245056,82.85714134055198,CRITICAL,Urgent stock replenishment required
FOODS_1_004_CA_2_validation,FOODS_1_004,FOODS_1,FOODS,CA_2,CA,d_1889,0,2016-03-31,11609,Thursday,6,3,2016,,,,,0,0,0,1.96,0,1,0.0,0.0,0.0,0.0,0,0,0.27270588,0.0,0.0,1.9089411497116089,0.32724708,HIGH,1.5816940665245056,82.85714134055198,CRITICAL,Urgent stock replenishment required
FOODS_1_010_CA_1_validation,FOODS_1_010,FOODS_1,FOODS,CA_1,CA,d_1889,0,2016-03-31,11609,Thursday,6,3,2016,,,,,0,0,0,5.64,0,1,0.0,0.0,0.0,0.0,0,0,0.09730765,0.0,0.0,0.6811535358428955,0.11676919,HIGH,0.5643843486905098,82.85714145080532,CRITICAL,Urgent stock replenishment required
FOODS_1_008_CA_4_validation,FOODS_1_008,FOODS_1,FOODS,CA_4,CA,d_1889,0,2016-03-31,11609,Thursday,6,3,2016,,,,,0,0,0,3.54,0,1,0.0,1.0,0.2857142857142857,0.4879500364742666,0,0,0.45290267,0.4879500364742666,2.1301408404140796,5.300459443929705,0.54348326,HIGH,4.756976186636003,89.74648777067581,CRITICAL,Urgent stock replenishment required
FOODS_1_001_TX_3_validation,FOODS_1_001,FOODS_1,FOODS,TX_3,TX,d_1889,0,2016-03-31,11609,Thursday,6,3,2016,,,,,0,0,0,2.24,0,1,1.0,0.0,0.2857142857142857,0.487950036474267,0,0,0.4904001,0.487950036474267,2.130140840414081,5.562941610219989,0.5884802,HIGH,4.974461435678515,89.42142097158914,CRITICAL,Urgent stock replenishment required
FOODS_1_009_TX_1_validation,FOODS_1_009,FOODS_1,FOODS,TX_1,TX,d_1889,0,2016-03-31,11609,Thursday,6,3,2016,,,,,0,0,0,2.24,0,1,0.0,0.0,0.0,0.0,0,0,0.12056109,0.0,0.0,0.8439276218414307,0.14467332,HIGH,0.6992543041706085,82.85714154548606,CRITICAL,Urgent stock replenishment required
FOODS_1_008_CA_3_validation,FOODS_1_008,FOODS_1,FOODS,CA_3,CA,d_1889,0,2016-03-31,11609,Thursday,6,3,2016,,,,,0,0,0,3.54,0,1,0.0,0.0,0.0,0.0,0,0,0.12974538,0.0,0.0,0.9082176685333252,0.15569445,HIGH,0.7525232136249542,82.85714313840636,CRITICAL,Urgent stock replenishment required
FOODS_1_009_WI_2_validation,FOODS_1_009,FOODS_1,FOODS,WI_2,WI,d_1889,0,2016-03-31,11609,Thursday,6,3,2016,,,,,0,0,0,2.24,0,1,0.0,0.0,0.0,0.0,0,0,0.12056109,0.0,0.0,0.8439276218414307,0.14467332,HIGH,0.6992543041706085,82.85714154548606,CRITICAL,Urgent stock replenishment required
FOODS_1_005_WI_2_validation,FOODS_1_005,FOODS_1,FOODS,WI_2,WI,d_1889,0,2016-03-31,11609,Thursday,6,3,2016,,,,,0,0,0,3.54,0,1,1.0,1.0,1.2857142857142858,1.380131118684705,0,0,1.0753446,1.380131118684705,6.024948132556812,13.552360070270435,1.2904135,HIGH,12.261946571391956,90.47831158419974,CRITICAL,Urgent stock replenishment required
FOODS_1_011_CA_4_validation,FOODS_1_011,FOODS_1,FOODS,CA_4,CA,d_1889,0,2016-03-31,11609,Thursday,6,3,2016,,,,,0,0,0,2.68,0,1,0.0,1.0,0.42857142857142855,1.133893419027681,0,0,0.6109843,1.133893419027681,4.9499999999999975,9.226890277862546,0.73318124,HIGH,8.493709039688108,92.05386412870314,CRITICAL,Urgent stock replenishment required
FOODS_1_003_WI_1_validation,FOODS_1_003,FOODS_1,FOODS,WI_1,WI,d_1889,0,2016-03-31,11609,Thursday,6,3,2016,,,,,0,0,0,3.23,0,1,5.0,3.0,1.8571428571428572,1.573591584938886,0,0,1.6454124,1.573591584938886,6.869497798238237,18.38738491371675,1.974495,HIGH,16.41288986042543,89.26168640860739,CRITICAL,Urgent stock replenishment required
FOODS_1_006_WI_3_validation,FOODS_1_006,FOODS_1,FOODS,WI_3,WI,d_1889,1,2016-03-31,11609,Thursday,6,3,2016,,,,,0,0,0,2.48,0,1,2.0,1.0,1.0,0.816496580927726,0,0,0.96541166,0.816496580927726,3.564407384124323,10.322289025512262,1.158494,HIGH,9.163795029845758,88.77677235346535,CRITICAL,Urgent stock replenishment required
FOODS_1_002_TX_2_validation,FOODS_1_002,FOODS_1,FOODS,TX_2,TX,d_1889,0,2016-03-31,11609,Thursday,6,3,2016,,,,,0,0,0,9.48,0,1,0.0,0.0,0.14285714285714285,0.3779644730092273,0,0,0.31334114,0.3779644730092273,1.6500000000000004,3.8433879852294925,0.37600937,HIGH,3.4673786103725437,90.21672086445633,CRITICAL,Urgent stock replenishment required
FOODS_1_010_TX_2_validation,FOODS_1_010,FOODS_1,FOODS,TX_2,TX,d_1889,1,2016-03-31,11609,Thursday,6,3,2016,,,,,0,0,0,6.27,0,1,1.0,1.0,0.2857142857142857,0.4879500364742644,0,0,0.45004895,0.4879500364742644,2.13014084041407,5.28048354327967,0.5400588,HIGH,4.74042475164225,89.77255042628171,CRITICAL,Urgent stock replenishment required
FOODS_1_010_TX_3_validation,FOODS_1_010,FOODS_1,FOODS,TX_3,TX,d_1889,0,2016-03-31,11609,Thursday,6,3,2016,,,,,0,0,0,6.27,0,1,2.0,0.0,0.7142857142857143,0.9511897312113422,0,0,0.5734484,0.9511897312113422,4.1524089393989145,8.166548114813953,0.6881381,HIGH,7.478409987486987,91.57369652817331,CRITICAL,Urgent stock replenishment required
FOODS_1_008_TX_3_validation,FOODS_1_008,FOODS_1,FOODS,TX_3,TX,d_1889,0,2016-03-31,11609,Thursday,6,3,2016,,,,,0,0,0,3.54,0,1,0.0,0.0,0.0,0.0,0,0,0.12974538,0.0,0.0,0.9082176685333252,0.15569445,HIGH,0.7525232136249542,82.85714313840636,CRITICAL,Urgent stock replenishment required
FOODS_1_003_CA_4_validation,FOODS_1_003,FOODS_1,FOODS,CA_4,CA,d_1889,0,2016-03-31,11609,Thursday,6,3,2016,,,,,0,0,0,3.23,0,1,0.0,0.0,0.14285714285714285,0.3779644730092273,0,0,0.31420454,0.3779644730092273,1.6500000000000004,3.849431896209717,0.37704548,HIGH,3.4723864138126377,90.20516552667598,CRITICAL,Urgent stock replenishment required
FOODS_1_005_CA_1_validation,FOODS_1_005,FOODS_1,FOODS,CA_1,CA,d_1889,0,2016-03-31,11609,Thursday,6,3,2016,,,,,0,0,0,3.54,0,1,0.0,0.0,1.0,1.1547005383792432,0,0,0.84882736,1.1547005383792432,5.040833264451388,10.982624798875216,1.0185928,HIGH,9.96403196440256,90.7254153435436,CRITICAL,Urgent stock replenishment required
FOODS_1_011_CA_3_validation,FOODS_1_011,FOODS_1,FOODS,CA_3,CA,d_1889,2,2016-03-31,11609,Thursday,6,3,2016,,,,,0,0,0,2.68,0,1,3.0,2.0,2.0,0.999999999999997,0,0,1.6764462,0.999999999999997,4.365489663256562,16.10061329759494,2.0117354,HIGH,14.088877858294403,87.5052247879213,CRITICAL,Urgent stock replenishment required
FOODS_1_001_CA_3_validation,FOODS_1_001,FOODS_1,FOODS,CA_3,CA,d_1889,0,2016-03-31,11609,Thursday,6,3,2016,,,,,0,0,0,2.24,0,1,1.0,0.0,2.142857142857143,4.375255094603872,0,0,0.9948324,4.375255094603872,19.10013088960387,26.063957545945424,1.1937989,HIGH,24.87015864629485,95.41973279558121,CRITICAL,Urgent stock replenishment required
FOODS_1_003_TX_1_validation,FOODS_1_003,FOODS_1,FOODS,TX_1,TX,d_1889,0,2016-03-31,11609,Thursday,6,3,2016,,,,,0,0,0,3.23,0,1,0.0,0.0,0.42857142857142855,0.7867957924694432,0,0,0.45965314,0.7867957924694432,3.434748899119119,6.652320872919779,0.55158377,HIGH,6.100737105982523,91.70840106070891,CRITICAL,Urgent stock replenishment required
FOODS_1_001_WI_3_validation,FOODS_1_001,FOODS_1,FOODS,WI_3,WI,d_1889,1,2016-03-31,11609,Thursday,6,3,2016,,,,,0,0,0,2.24,0,1,0.0,0.0,0.2857142857142857,0.48795003647426666,0,0,0.4904001,0.48795003647426666,2.1301408404140796,5.562941610219988,0.5884802,HIGH,4.974461435678514,89.42142097158914,CRITICAL,Urgent stock replenishment required
FOODS_1_001_WI_1_validation,FOODS_1_001,FOODS_1,FOODS,WI_1,WI,d_1889,1,2016-03-31,11609,Thursday,6,3,2016,,,,,0,0,0,2.24,0,1,0.0,1.0,0.8571428571428571,0.8997354108424375,0,0,0.86084133,0.8997354108424375,3.927785635698568,9.953675032366048,1.0330096,HIGH,8.920665384042989,89.6218266623729,CRITICAL,Urgent stock replenishment required
FOODS_1_001_CA_4_validation,FOODS_1_001,FOODS_1,FOODS,CA_4,CA,d_1889,0,2016-03-31,11609,Thursday,6,3,2016,,,,,0,0,0,2.24,0,1,0.0,0.0,0.42857142857142855,0.7867957924694432,0,0,0.58106107,0.7867957924694432,3.434748899119119,7.502176534311991,0.6972733,HIGH,6.804903220312815,90.70571972266816,CRITICAL,Urgent stock replenishment required
FOODS_1_003_CA_3_validation,FOODS_1_003,FOODS_1,FOODS,CA_3,CA,d_1889,2,2016-03-31,11609,Thursday,6,3,2016,,,,,0,0,0,3.23,0,1,0.0,0.0,0.5714285714285714,0.5345224838248482,0,0,0.520916,0.5345224838248482,2.3334523779156044,5.979864273667557,0.6250992,HIGH,5.354765091538651,89.5465991614301,CRITICAL,Urgent stock replenishment required
FOODS_1_004_CA_3_validation,FOODS_1_004,FOODS_1,FOODS,CA_3,CA,d_1889,0,2016-03-31,11609,Thursday,6,3,2016,,,,,0,0,0,1.5,0,1,0.0,0.0,0.0,0.0,0,0,0.36345458,0.0,0.0,2.544182062149048,0.4361455,HIGH,2.108036547899246,82.85714215430819,CRITICAL,Urgent stock replenishment required
FOODS_1_010_WI_2_validation,FOODS_1_010,FOODS_1,FOODS,WI_2,WI,d_1889,0,2016-03-31,11609,Thursday,6,3,2016,,,,,0,0,0,6.77,0,1,0.0,0.0,0.14285714285714285,0.3779644730092273,0,0,0.31334114,0.3779644730092273,1.6500000000000004,3.8433879852294925,0.37600937,HIGH,3.4673786103725437,90.21672086445633,CRITICAL,Urgent stock replenishment required
FOODS_1_006_TX_2_validation,FOODS_1_006,FOODS_1,FOODS,TX_2,TX,d_1889,1,2016-03-31,11609,Thursday,6,3,2016,,,,,0,0,0,2.48,0,1,0.0,1.0,1.2857142857142858,1.2535663410560174,0,0,1.0687549,1.2535663410560174,5.4724309040864085,12.953715045626936,1.282506,HIGH,11.671209056552229,90.0993191176637,CRITICAL,Urgent stock replenishment required
FOODS_1_006_CA_4_validation,FOODS_1_006,FOODS_1,FOODS,CA_4,CA,d_1889,3,2016-03-31,11609,Thursday,6,3,2016,,,,,0,0,0,2.48,0,1,3.0,1.0,1.7142857142857142,1.9760470401187082,0,0,1.335761,1.9760470401187082,8.626412927746971,17.976739465832907,1.6029133,HIGH,16.373826205373007,91.08340384246854,CRITICAL,Urgent stock replenishment required
FOODS_1_009_CA_3_validation,FOODS_1_009,FOODS_1,FOODS,CA_3,CA,d_1889,0,2016-03-31,11609,Thursday,6,3,2016,,,,,0,0,0,1.98,0,1,0.0,0.0,0.0,0.0,0,0,0.1231853,0.0,0.0,0.8622971177101135,0.14782237,HIGH,0.7144747525453568,82.85714261027466,CRITICAL,Urgent stock replenishment required
FOODS_1_003_WI_3_validation,FOODS_1_003,FOODS_1,FOODS,WI_3,WI,d_1889,0,2016-03-31,11609,Thursday,6,3,2016,,,,,0,0,0,3.23,0,1,0.0,0.0,0.0,0.0,0,0,0.086861655,0.0,0.0,0.6080315709114075,0.10423399,HIGH,0.5037975832819939,82.85714219194699,CRITICAL,Urgent stock replenishment required
FOODS_1_011_WI_1_validation,FOODS_1_011,FOODS_1,FOODS,WI_1,WI,d_1889,0,2016-03-31,11609,Thursday,6,3,2016,,,,,0,0,0,2.68,0,1,1.0,2.0,0.5714285714285714,1.1338934190276813,0,0,0.79090613,1.1338934190276813,4.9499999999999975,10.486343097686765,0.9490874,HIGH,9.53725571632385,90.94930069976178,CRITICAL,Urgent stock replenishment required
FOODS_1_010_CA_4_validation,FOODS_1_010,FOODS_1,FOODS,CA_4,CA,d_1889,0,2016-03-31,11609,Thursday,6,3,2016,,,,,0,0,0,5.56,0,1,0.0,0.0,0.0,0.0,0,0,0.09730765,0.0,0.0,0.6811535358428955,0.11676919,HIGH,0.5643843486905098,82.85714145080532,CRITICAL,Urgent stock replenishment required
FOODS_1_003_TX_3_validation,FOODS_1_003,FOODS_1,FOODS,TX_3,TX,d_1889,0,2016-03-31,11609,Thursday,6,3,2016,,,,,0,0,0,3.23,0,1,0.0,0.0,0.2857142857142857,0.7559289460184545,0,0,0.41047022,0.7559289460184545,3.3,6.173291492462158,0.4925643,HIGH,5.68072720170021,92.02104272310179,CRITICAL,Urgent stock replenishment required
FOODS_1_001_WI_2_validation,FOODS_1_001,FOODS_1,FOODS,WI_2,WI,d_1889,0,2016-03-31,11609,Thursday,6,3,2016,,,,,0,0,0,2.24,0,1,0.0,0.0,0.2857142857142857,0.7559289460184545,0,0,0.5125748,0.7559289460184545,3.3,6.8880236625671385,0.6150898,HIGH,6.272933888435364,91.0701559073545,CRITICAL,Urgent stock replenishment required
FOODS_1_002_CA_3_validation,FOODS_1_002,FOODS_1,FOODS,CA_3,CA,d_1889,0,2016-03-31,11609,Thursday,6,3,2016,,,,,0,0,0,9.48,0,1,0.0,1.0,0.8571428571428571,1.0690449676496976,0,0,0.6648053,1.0690449676496976,4.666904755831214,9.320541688204262,0.7977664,HIGH,8.522775300741646,91.44077228395169,CRITICAL,Urgent stock replenishment required
FOODS_1_003_WI_2_validation,FOODS_1_003,FOODS_1,FOODS,WI_2,WI,d_1889,0,2016-03-31,11609,Thursday,6,3,2016,,,,,0,0,0,3.23,0,1,0.0,0.0,0.14285714285714285,0.37796447300922725,0,0,0.31420454,0.37796447300922725,1.65,3.8494318962097167,0.37704548,HIGH,3.4723864138126372,90.20516552667598,CRITICAL,Urgent stock replenishment required
FOODS_1_005_TX_2_validation,FOODS_1_005,FOODS_1,FOODS,TX_2,TX,d_1889,5,2016-03-31,11609,Thursday,6,3,2016,,,,,0,0,0,3.54,0,1,4.0,0.0,2.857142857142857,1.9518001458970664,0,0,2.3312058,1.9518001458970664,8.520563361656318,24.83900475264753,2.7974472,HIGH,22.041557548057686,88.73768400768284,CRITICAL,Urgent stock replenishment required
FOODS_1_010_CA_2_validation,FOODS_1_010,FOODS_1,FOODS,CA_2,CA,d_1889,0,2016-03-31,11609,Thursday,6,3,2016,,,,,0,0,0,5.64,0,1,1.0,3.0,0.14285714285714285,0.3779644730092282,0,0,0.4988901,0.3779644730092282,1.6500000000000041,5.142230653762821,0.59866816,HIGH,4.5435624957084695,88.35781203987267,CRITICAL,Urgent stock replenishment required
FOODS_1_006_WI_2_validation,FOODS_1_006,FOODS_1,FOODS,WI_2,WI,d_1889,0,2016-03-31,11609,Thursday,6,3,2016,,,,,0,0,0,2.48,0,1,2.0,0.0,0.8571428571428571,0.8997354108424309,0,0,0.7469296,0.8997354108424309,3.9277856356985392,9.156292677629692,0.8963155,HIGH,8.25997716258834,90.21093420013544,CRITICAL,Urgent stock replenishment required
FOODS_1_004_TX_3_validation,FOODS_1_004,FOODS_1,FOODS,TX_3,TX,d_1889,0,2016-03-31,11609,Thursday,6,3,2016,,,,,0,0,0,1.96,0,1,0.0,0.0,0.0,0.0,0,0,0.27270588,0.0,0.0,1.9089411497116089,0.32724708,HIGH,1.5816940665245056,82.85714134055198,CRITICAL,Urgent stock replenishment required
FOODS_1_008_WI_1_validation,FOODS_1_008,FOODS_1,FOODS,WI_1,WI,d_1889,0,2016-03-31,11609,Thursday,6,3,2016,,,,,0,0,0,3.54,0,1,0.0,1.0,0.5714285714285714,1.133893419027682,0,0,0.633361,1.133893419027682,4.950000000000001,9.383526992797853,0.7600332,HIGH,8.623493802547456,91.90034631078757,CRITICAL,Urgent stock replenishment required
FOODS_1_010_CA_3_validation,FOODS_1_010,FOODS_1,FOODS,CA_3,CA,d_1889,1,2016-03-31,11609,Thursday,6,3,2016,,,,,0,0,0,5.64,0,1,0.0,2.0,0.7142857142857143,1.112697280528374,0,0,0.7614287,1.112697280528374,4.857468476480317,10.187469353860688,0.91371447,HIGH,9.273754885381532,91.03099664164496,CRITICAL,Urgent stock replenishment required
FOODS_1_006_WI_1_validation,FOODS_1_006,FOODS_1,FOODS,WI_1,WI,d_1889,0,2016-03-31,11609,Thursday,6,3,2016,,,,,0,0,0,2.48,0,1,2.0,0.0,0.42857142857142855,0.7867957924694428,0,0,0.5182513,0.7867957924694428,3.4347488991191173,7.062507878916481,0.6219016,HIGH,6.44060630716584,91.1943238519112,CRITICAL,Urgent stock replenishment required
FOODS_1_004_CA_4_validation,FOODS_1_004,FOODS_1,FOODS,CA_4,CA,d_1889,0,2016-03-31,11609,Thursday,6,3,2016,,,,,0,0,0,1.96,0,1,0.0,0.0,0.0,0.0,0,0,0.27270588,0.0,0.0,1.9089411497116089,0.32724708,HIGH,1.5816940665245056,82.85714134055198,CRITICAL,Urgent stock replenishment required
FOODS_1_008_CA_2_validation,FOODS_1_008,FOODS_1,FOODS,CA_2,CA,d_1889,1,2016-03-31,11609,Thursday,6,3,2016,,,,,0,0,0,3.54,0,1,2.0,0.0,1.0,1.0,0,0,0.89056146,1.0,4.365489663256574,10.599419774187972,1.0686738,HIGH,9.530745925082137,89.91761934263324,CRITICAL,Urgent stock replenishment required
FOODS_1_008_CA_1_validation,FOODS_1_008,FOODS_1,FOODS,CA_1,CA,d_1889,0,2016-03-31,11609,Thursday,6,3,2016,,,,,0,0,0,3.54,0,1,0.0,0.0,0.42857142857142855,0.7867957924694432,0,0,0.4522982,0.7867957924694432,3.434748899119119,6.600836288111429,0.54275787,HIGH,6.058078419344644,91.77743781126144,CRITICAL,Urgent stock replenishment required
FOODS_1_010_WI_3_validation,FOODS_1_010,FOODS_1,FOODS,WI_3,WI,d_1889,1,2016-03-31,11609,Thursday,6,3,2016,,,,,0,0,0,6.77,0,1,0.0,3.0,0.14285714285714285,0.37796447300922725,0,0,0.4988901,0.37796447300922725,1.65,5.142230653762818,0.59866816,HIGH,4.543562495708466,88.35781203987267,CRITICAL,Urgent stock replenishment required
FOODS_1_006_CA_2_validation,FOODS_1_006,FOODS_1,FOODS,CA_2,CA,d_1889,0,2016-03-31,11609,Thursday,6,3,2016,,,,,0,0,0,2.48,0,1,0.0,1.0,0.0,0.0,0,0,0.16417898,0.0,0.0,1.1492528915405273,0.1970148,HIGH,0.9522380977869034,82.85714178282088,CRITICAL,Urgent stock replenishment required
FOODS_1_001_CA_2_validation,FOODS_1_001,FOODS_1,FOODS,CA_2,CA,d_1889,0,2016-03-31,11609,Thursday,6,3,2016,,,,,0,0,0,2.24,0,1,0.0,2.0,0.42857142857142855,0.7867957924694435,0,0,0.7184103,0.7867957924694435,3.434748899119121,8.463620912211162,0.86209244,HIGH,7.6015284768512075,89.8141416740896,CRITICAL,Urgent stock replenishment required
FOODS_1_005_CA_4_validation,FOODS_1_005,FOODS_1,FOODS,CA_4,CA,d_1889,2,2016-03-31,11609,Thursday,6,3,2016,,,,,0,0,0,3.54,0,1,3.0,0.0,1.5714285714285714,2.29906813420444,0,0,1.3563173,2.29906813420444,10.036558174992061,19.530778908634638,1.6275808,HIGH,17.903198146725153,91.66658549808311,CRITICAL,Urgent stock replenishment required
FOODS_1_006_CA_3_validation,FOODS_1_006,FOODS_1,FOODS,CA_3,CA,d_1889,0,2016-03-31,11609,Thursday,6,3,2016,,,,,0,0,0,2.48,0,1,1.0,4.0,1.1428571428571428,1.4638501094228,0,0,1.2709558,1.4638501094228,6.390422521242239,15.287112889894583,1.5251471,HIGH,13.761965809473136,90.0233151190397,CRITICAL,Urgent stock replenishment required
FOODS_1_004_WI_3_validation,FOODS_1_004,FOODS_1,FOODS,WI_3,WI,d_1889,0,2016-03-31,11609,Thursday,6,3,2016,,,,,0,0,0,1.96,0,1,0.0,0.0,0.0,4.272243734249905e-07,0,0,0.29603696,4.272243734249905e-07,1.8650435860780626e-06,2.0722605759047923,0.35524437,HIGH,1.7170162075900492,82.8571574228962,CRITICAL,Urgent stock replenishment required
FOODS_1_005_TX_1_validation,FOODS_1_005,FOODS_1,FOODS,TX_1,TX,d_1889,0,2016-03-31,11609,Thursday,6,3,2016,,,,,0,0,0,3.54,0,1,0.0,0.0,1.4285714285714286,1.7182493859684491,0,0,1.2008772,1.7182493859684491,7.5009999333422215,15.907140260795835,1.4410527,HIGH,14.466087585548642,90.94084384986057,CRITICAL,Urgent stock replenishment required
FOODS_1_008_WI_3_validation,FOODS_1_008,FOODS_1,FOODS,WI_3,WI,d_1889,0,2016-03-31,11609,Thursday,6,3,2016,,,,,0,0,0,3.54,0,1,0.0,0.0,0.0,0.0,0,0,0.12974538,0.0,0.0,0.9082176685333252,0.15569445,HIGH,0.7525232136249542,82.85714313840636,CRITICAL,Urgent stock replenishment required
FOODS_1_009_WI_3_validation,FOODS_1_009,FOODS_1,FOODS,WI_3,WI,d_1889,0,2016-03-31,11609,Thursday,6,3,2016,,,,,0,0,0,2.24,0,1,0.0,0.0,0.0,0.0,0,0,0.12056109,0.0,0.0,0.8439276218414307,0.14467332,HIGH,0.6992543041706085,82.85714154548606,CRITICAL,Urgent stock replenishment required
FOODS_1_002_CA_2_validation,FOODS_1_002,FOODS_1,FOODS,CA_2,CA,d_1889,0,2016-03-31,11609,Thursday,6,3,2016,,,,,0,0,0,9.48,0,1,0.0,2.0,0.5714285714285714,0.7867957924694432,0,0,0.6572079,0.7867957924694432,3.434748899119119,8.035204183237772,0.7886495,HIGH,7.2465546838214205,90.18507207244899,CRITICAL,Urgent stock replenishment required
FOODS_1_005_WI_1_validation,FOODS_1_005,FOODS_1,FOODS,WI_1,WI,d_1889,1,2016-03-31,11609,Thursday,6,3,2016,,,,,0,0,0,3.54,0,1,2.0,4.0,2.7142857142857144,2.6276913640612163,0,0,2.133223,2.6276913640612163,11.471159488037808,26.403721362427454,2.5598679,HIGH,23.843853503540736,90.30489746597078,CRITICAL,Urgent stock replenishment required
FOODS_1_002_CA_1_validation,FOODS_1_002,FOODS_1,FOODS,CA_1,CA,d_1889,0,2016-03-31,11609,Thursday,6,3,2016,,,,,0,0,0,9.48,0,1,0.0,0.0,0.2857142857142857,0.48795003647426666,0,0,0.3540678,0.48795003647426666,2.1301408404140796,4.608615457418474,0.42488137,HIGH,4.183734088542971,90.78071553590844,CRITICAL,Urgent stock replenishment required
FOODS_1_005_CA_3_validation,FOODS_1_005,FOODS_1,FOODS,CA_3,CA,d_1889,9,2016-03-31,11609,Thursday,6,3,2016,,,,,0,0,0,3.54,0,1,2.0,1.0,4.142857142857143,4.18045338165497,0,0,2.842711,4.18045338165497,18.249726025340763,38.14870330500385,3.4112532,HIGH,34.7374500911214,91.0580100544728,CRITICAL,Urgent stock replenishment required
FOODS_1_001_TX_2_validation,FOODS_1_001,FOODS_1,FOODS,TX_2,TX,d_1889,3,2016-03-31,11609,Thursday,6,3,2016,,,,,0,0,0,2.24,0,1,1.0,5.0,0.42857142857142855,0.5345224838248482,0,0,0.8793399,0.5345224838248482,2.3334523779156044,8.488831673264725,1.0552078,HIGH,7.433623824715836,87.56945726851636,CRITICAL,Urgent stock replenishment required
FOODS_1_009_CA_1_validation,FOODS_1_009,FOODS_1,FOODS,CA_1,CA,d_1889,0,2016-03-31,11609,Thursday,6,3,2016,,,,,0,0,0,2.24,0,1,0.0,0.0,0.0,0.0,0,0,0.12056109,0.0,0.0,0.8439276218414307,0.14467332,HIGH,0.6992543041706085,82.85714154548606,CRITICAL,Urgent stock replenishment required
FOODS_1_011_TX_2_validation,FOODS_1_011,FOODS_1,FOODS,TX_2,TX,d_1889,0,2016-03-31,11609,Thursday,6,3,2016,,,,,0,0,0,2.68,0,1,1.0,0.0,0.7142857142857143,1.4960264830861913,0,0,0.649671,1.4960264830861913,6.530888147870855,11.078585215131596,0.77960527,HIGH,10.298979945699529,92.96295281127368,CRITICAL,Urgent stock replenishment required
FOODS_1_008_TX_2_validation,FOODS_1_008,FOODS_1,FOODS,TX_2,TX,d_1889,0,2016-03-31,11609,Thursday,6,3,2016,,,,,0,0,0,3.54,0,1,0.0,3.0,0.0,0.0,0,0,0.24779204,0.0,0.0,1.734544277191162,0.29735047,HIGH,1.4371938109397888,82.8571417771538,CRITICAL,Urgent stock replenishment required
FOODS_1_009_CA_4_validation,FOODS_1_009,FOODS_1,FOODS,CA_4,CA,d_1889,0,2016-03-31,11609,Thursday,6,3,2016,,,,,0,0,0,2.24,0,1,0.0,0.0,0.0,0.0,0,0,0.12056109,0.0,0.0,0.8439276218414307,0.14467332,HIGH,0.6992543041706085,82.85714154548606,CRITICAL,Urgent stock replenishment required
FOODS_1_009_TX_2_validation,FOODS_1_009,FOODS_1,FOODS,TX_2,TX,d_1889,0,2016-03-31,11609,Thursday,6,3,2016,,,,,0,0,0,2.24,0,1,0.0,0.0,0.0,0.0,0,0,0.12056109,0.0,0.0,0.8439276218414307,0.14467332,HIGH,0.6992543041706085,82.85714154548606,CRITICAL,Urgent stock replenishment required
FOODS_1_002_TX_3_validation,FOODS_1_002,FOODS_1,FOODS,TX_3,TX,d_1889,0,2016-03-31,11609,Thursday,6,3,2016,,,,,0,0,0,9.48,0,1,1.0,0.0,0.5714285714285714,0.7867957924694432,0,0,0.4582122,0.7867957924694432,3.434748899119119,6.642234336512308,0.54985464,HIGH,6.092379700319986,91.72184225464953,CRITICAL,Urgent stock replenishment required
FOODS_1_002_CA_4_validation,FOODS_1_002,FOODS_1,FOODS,CA_4,CA,d_1889,1,2016-03-31,11609,Thursday,6,3,2016,,,,,0,0,0,9.48,0,1,0.0,0.0,0.14285714285714285,0.37796447300922725,0,0,0.31334114,0.37796447300922725,1.65,3.843387985229492,0.37600937,HIGH,3.4673786103725432,90.21672086445633,CRITICAL,Urgent stock replenishment required
FOODS_1_011_CA_1_validation,FOODS_1_011,FOODS_1,FOODS,CA_1,CA,d_1889,1,2016-03-31,11609,Thursday,6,3,2016,,,,,0,0,0,2.68,0,1,0.0,1.0,1.2857142857142858,1.7043362064926935,0,0,1.0397382,1.7043362064926935,7.440262092157775,14.718429339929992,1.2476859,HIGH,13.470743430658752,91.5229683789264,CRITICAL,Urgent stock replenishment required
FOODS_1_003_TX_2_validation,FOODS_1_003,FOODS_1,FOODS,TX_2,TX,d_1889,2,2016-03-31,11609,Thursday,6,3,2016,,,,,0,0,0,3.23,0,1,1.0,0.0,1.0,1.5275252316519468,0,0,0.8382717,1.5275252316519468,6.668395609140179,12.536297411203167,1.005926,HIGH,11.530371398210308,91.9758922431602,CRITICAL,Urgent stock replenishment required
FOODS_1_008_TX_1_validation,FOODS_1_008,FOODS_1,FOODS,TX_1,TX,d_1889,0,2016-03-31,11609,Thursday,6,3,2016,,,,,0,0,0,3.54,0,1,0.0,0.0,0.0,0.0,0,0,0.12974538,0.0,0.0,0.9082176685333252,0.15569445,HIGH,0.7525232136249542,82.85714313840636,CRITICAL,Urgent stock replenishment required
FOODS_1_010_WI_1_validation,FOODS_1_010,FOODS_1,FOODS,WI_1,WI,d_1889,3,2016-03-31,11609,Thursday,6,3,2016,,,,,0,0,0,6.77,0,1,1.0,1.0,1.0,1.4142135623730951,0,0,0.7429621,1.4142135623730951,6.173734688177003,11.374469780340089,0.8915546,HIGH,10.482915186300172,92.16179205486218,CRITICAL,Urgent stock replenishment required
FOODS_1_004_TX_1_validation,FOODS_1_004,FOODS_1,FOODS,TX_1,TX,d_1889,0,2016-03-31,11609,Thursday,6,3,2016,,,,,0,0,0,1.96,0,1,0.0,0.0,0.0,0.0,0,0,0.27270588,0.0,0.0,1.9089411497116089,0.32724708,HIGH,1.5816940665245056,82.85714134055198,CRITICAL,Urgent stock replenishment required
FOODS_1_005_CA_2_validation,FOODS_1_005,FOODS_1,FOODS,CA_2,CA,d_1889,8,2016-03-31,11609,Thursday,6,3,2016,,,,,0,0,0,3.54,0,1,18.0,0.0,6.428571428571429,6.654751256486924,0,0,3.252051,6.654751256486924,29.05124782173737,51.81560634224518,3.9024615,HIGH,47.913144813467106,92.46855956291994,CRITICAL,Urgent stock replenishment required
FOODS_1_006_TX_3_validation,FOODS_1_006,FOODS_1,FOODS,TX_3,TX,d_1889,0,2016-03-31,11609,Thursday,6,3,2016,,,,,0,0,0,2.48,0,1,0.0,0.0,0.5714285714285714,1.1338934190276817,0,0,0.57748127,1.1338934190276817,4.95,8.99236888885498,0.69297755,HIGH,8.299391341209411,92.29371530226662,CRITICAL,Urgent stock replenishment required
FOODS_1_009_WI_1_validation,FOODS_1_009,FOODS_1,FOODS,WI_1,WI,d_1889,0,2016-03-31,11609,Thursday,6,3,2016,,,,,0,0,0,2.24,0,1,0.0,0.0,0.0,0.0,0,0,0.12056109,0.0,0.0,0.8439276218414307,0.14467332,HIGH,0.6992543041706085,82.85714154548606,CRITICAL,Urgent stock replenishment required
FOODS_1_011_WI_3_validation,FOODS_1_011,FOODS_1,FOODS,WI_3,WI,d_1889,2,2016-03-31,11609,Thursday,6,3,2016,,,,,0,0,0,2.68,0,1,0.0,0.0,0.0,0.0,0,0,0.09509308,0.0,0.0,0.6656515598297119,0.1141117,HIGH,0.5515398606657982,82.85714237744655,CRITICAL,Urgent stock replenishment required
FOODS_1_004_TX_2_validation,FOODS_1_004,FOODS_1,FOODS,TX_2,TX,d_1889,0,2016-03-31,11609,Thursday,6,3,2016,,,,,0,0,0,1.96,0,1,0.0,0.0,0.0,0.0,0,0,0.27270588,0.0,0.0,1.9089411497116089,0.32724708,HIGH,1.5816940665245056,82.85714134055198,CRITICAL,Urgent stock replenishment required
FOODS_1_002_TX_1_validation,FOODS_1_002,FOODS_1,FOODS,TX_1,TX,d_1889,0,2016-03-31,11609,Thursday,6,3,2016,,,,,0,0,0,9.48,0,1,0.0,0.0,0.0,0.0,0,0,0.10654569,0.0,0.0,0.7458198070526123,0.12785482,HIGH,0.6179649829864502,82.85714285714286,CRITICAL,Urgent stock replenishment required
FOODS_1_004_WI_1_validation,FOODS_1_004,FOODS_1,FOODS,WI_1,WI,d_1889,0,2016-03-31,11609,Thursday,6,3,2016,,,,,0,0,0,1.96,0,1,0.0,0.0,0.0,0.0,0,0,0.27270588,0.0,0.0,1.9089411497116089,0.32724708,HIGH,1.5816940665245056,82.85714134055198,CRITICAL,Urgent stock replenishment required
FOODS_1_005_TX_3_validation,FOODS_1_005,FOODS_1,FOODS,TX_3,TX,d_1889,3,2016-03-31,11609,Thursday,6,3,2016,,,,,0,0,0,3.54,0,1,1.0,1.0,1.5714285714285714,1.397276262011544,0,0,1.3110516,1.397276262011544,6.09979507852518,15.277156566867465,1.573262,HIGH,13.7038945906254,89.70186651320901,CRITICAL,Urgent stock replenishment required
FOODS_1_002_CA_4_validation,FOODS_1_002,FOODS_1,FOODS,CA_4,CA,d_1890,0,2016-04-01,11609,Friday,7,4,2016,,,,,1,1,0,9.48,0,2,0.0,0.0,0.2857142857142857,0.4879500364742666,0,1,0.3661268,0.4879500364742666,2.1301408404140796,4.693028509023699,0.43935218,HIGH,4.253676324489626,90.63819485244355,CRITICAL,Urgent stock replenishment required
FOODS_1_006_WI_1_validation,FOODS_1_006,FOODS_1,FOODS,WI_1,WI,d_1890,2,2016-04-01,11609,Friday,7,4,2016,,,,,1,1,0,2.48,0,2,1.0,0.0,0.14285714285714285,0.37796447300922625,0,1,0.35221353,0.37796447300922625,1.649999999999996,4.115494632720943,0.42265627,HIGH,3.6928383648395497,89.73012224287714,CRITICAL,Urgent stock replenishment required
FOODS_1_005_CA_4_validation,FOODS_1_005,FOODS_1,FOODS,CA_4,CA,d_1890,8,2016-04-01,11609,Friday,7,4,2016,,,,,1,1,0,3.54,0,2,2.0,0.0,1.4285714285714286,2.2253945610567474,0,1,1.2761502,2.2253945610567474,9.714936952960633,18.647989015948916,1.5313803,HIGH,17.116608720195437,91.7879601149285,CRITICAL,Urgent stock replenishment required
FOODS_1_008_CA_4_validation,FOODS_1_008,FOODS_1,FOODS,CA_4,CA,d_1890,0,2016-04-01,11609,Friday,7,4,2016,,,,,1,1,0,3.54,0,2,1.0,0.0,0.2857142857142857,0.48795003647426666,0,1,0.38776743,0.48795003647426666,2.1301408404140796,4.844512998464617,0.46532094,HIGH,4.379192053678545,90.39488706225896,CRITICAL,Urgent stock replenishment required
FOODS_1_006_WI_3_validation,FOODS_1_006,FOODS_1,FOODS,WI_3,WI,d_1890,5,2016-04-01,11609,Friday,7,4,2016,,,,,1,1,0,2.48,0,2,1.0,0.0,0.8571428571428571,0.6900655593423543,0,1,0.7006194,0.6900655593423543,3.012474066278414,7.916810041925387,0.8407433,HIGH,7.076066738626436,89.38027691902938,CRITICAL,Urgent stock replenishment required
FOODS_1_002_TX_1_validation,FOODS_1_002,FOODS_1,FOODS,TX_1,TX,d_1890,0,2016-04-01,11609,Friday,7,4,2016,,,,,1,1,0,9.48,0,2,0.0,0.0,0.0,0.0,0,1,0.11765786,0.0,0.0,0.8236050605773926,0.14118944,HIGH,0.6824156194925308,82.85714259867707,CRITICAL,Urgent stock replenishment required
FOODS_1_002_WI_3_validation,FOODS_1_002,FOODS_1,FOODS,WI_3,WI,d_1890,0,2016-04-01,11609,Friday,7,4,2016,,,,,1,1,0,9.48,0,2,0.0,0.0,0.2857142857142857,0.48795003647426666,0,1,0.3661268,0.48795003647426666,2.1301408404140796,4.693028509023699,0.43935218,HIGH,4.253676324489626,90.63819485244355,CRITICAL,Urgent stock replenishment required
FOODS_1_010_TX_1_validation,FOODS_1_010,FOODS_1,FOODS,TX_1,TX,d_1890,1,2016-04-01,11609,Friday,7,4,2016,,,,,1,1,0,6.27,0,2,1.0,0.0,0.7142857142857143,0.7559289460184545,0,1,0.55494094,0.7559289460184545,3.3,7.1845865726470945,0.66592914,HIGH,6.518657433986664,90.73114184195742,CRITICAL,Urgent stock replenishment required
FOODS_1_010_CA_3_validation,FOODS_1_010,FOODS_1,FOODS,CA_3,CA,d_1890,1,2016-04-01,11609,Friday,7,4,2016,,,,,1,1,0,5.64,0,2,0.0,0.0,0.8571428571428571,1.0690449676496978,0,1,0.57627225,1.0690449676496978,4.666904755831215,8.700810738802407,0.6915267,HIGH,8.009284027815315,92.05215776153896,CRITICAL,Urgent stock replenishment required
FOODS_1_009_CA_4_validation,FOODS_1_009,FOODS_1,FOODS,CA_4,CA,d_1890,0,2016-04-01,11609,Friday,7,4,2016,,,,,1,1,0,2.24,0,2,0.0,0.0,0.0,0.0,0,1,0.13135263,0.0,0.0,0.9194684028625488,0.15762317,HIGH,0.7618452310562134,82.85714100499672,CRITICAL,Urgent stock replenishment required
FOODS_1_006_CA_2_validation,FOODS_1_006,FOODS_1,FOODS,CA_2,CA,d_1890,0,2016-04-01,11609,Friday,7,4,2016,,,,,1,1,0,2.48,0,2,0.0,3.0,0.0,0.0,0,1,0.21570319,0.0,0.0,1.5099222660064697,0.25884384,HIGH,1.2510784268379211,82.85714139091718,CRITICAL,Urgent stock replenishment required
FOODS_1_008_CA_1_validation,FOODS_1_008,FOODS_1,FOODS,CA_1,CA,d_1890,1,2016-04-01,11609,Friday,7,4,2016,,,,,1,1,0,3.54,0,2,1.0,0.0,0.42857142857142855,0.7867957924694432,0,1,0.462932,0.7867957924694432,3.434748899119119,6.675272714274149,0.5555184,HIGH,6.11975432552598,91.67796714042454,CRITICAL,Urgent stock replenishment required
FOODS_1_008_WI_2_validation,FOODS_1_008,FOODS_1,FOODS,WI_2,WI,d_1890,0,2016-04-01,11609,Friday,7,4,2016,,,,,1,1,0,3.54,0,2,0.0,0.0,0.0,0.0,0,1,0.14085762,0.0,0.0,0.9860033392906189,0.16902915,HIGH,0.8169741928577423,82.85714259806821,CRITICAL,Urgent stock replenishment required
FOODS_1_010_CA_2_validation,FOODS_1_010,FOODS_1,FOODS,CA_2,CA,d_1890,0,2016-04-01,11609,Friday,7,4,2016,,,,,1,1,0,5.64,0,2,0.0,1.0,0.0,0.0,0,1,0.18819468,0.0,0.0,1.3173627853393555,0.22583362,HIGH,1.0915291607379913,82.85714253396121,CRITICAL,Urgent stock replenishment required
FOODS_1_005_CA_3_validation,FOODS_1_005,FOODS_1,FOODS,CA_3,CA,d_1890,1,2016-04-01,11609,Friday,7,4,2016,,,,,1,1,0,3.54,0,2,12.0,2.0,5.142857142857143,4.413183712037204,0,1,2.6697214,4.413183712037204,19.265707876950696,37.95375719335695,3.2036657,HIGH,34.75009146001955,91.55902874907432,CRITICAL,Urgent stock replenishment required
FOODS_1_010_CA_4_validation,FOODS_1_010,FOODS_1,FOODS,CA_4,CA,d_1890,0,2016-04-01,11609,Friday,7,4,2016,,,,,1,1,0,5.56,0,2,0.0,0.0,0.0,0.0,0,1,0.10841985,0.0,0.0,0.7589389681816101,0.13010383,HIGH,0.628835141658783,82.8571424083611,CRITICAL,Urgent stock replenishment required
FOODS_1_006_TX_3_validation,FOODS_1_006,FOODS_1,FOODS,TX_3,TX,d_1890,0,2016-04-01,11609,Friday,7,4,2016,,,,,1,1,0,2.48,0,2,0.0,0.0,0.5714285714285714,1.1338934190276817,0,1,0.5881152,1.1338934190276817,4.95,9.066806507110595,0.7057383,HIGH,8.361068201065063,92.21624167790434,CRITICAL,Urgent stock replenishment required
FOODS_1_008_TX_1_validation,FOODS_1_008,FOODS_1,FOODS,TX_1,TX,d_1890,0,2016-04-01,11609,Friday,7,4,2016,,,,,1,1,0,3.54,0,2,0.0,0.0,0.0,0.0,0,1,0.14085762,0.0,0.0,0.9860033392906189,0.16902915,HIGH,0.8169741928577423,82.85714259806821,CRITICAL,Urgent stock replenishment required
FOODS_1_011_CA_2_validation,FOODS_1_011,FOODS_1,FOODS,CA_2,CA,d_1890,6,2016-04-01,11609,Friday,7,4,2016,,,,,1,1,0,2.68,0,2,7.0,7.0,2.5714285714285716,2.878491668515698,0,1,2.2514598,2.878491668515698,12.566025624675449,28.32624424497574,2.701752,HIGH,25.624492297572786,90.46201845879315,CRITICAL,Urgent stock replenishment required
FOODS_1_002_WI_1_validation,FOODS_1_002,FOODS_1,FOODS,WI_1,WI,d_1890,0,2016-04-01,11609,Friday,7,4,2016,,,,,1,1,0,9.48,0,2,1.0,0.0,1.1428571428571428,0.6900655593423556,0,1,0.7199512,0.6900655593423556,3.0124740662784197,8.052132612726174,0.8639415,HIGH,7.188191122075997,89.27064999793048,CRITICAL,Urgent stock replenishment required
FOODS_1_008_CA_3_validation,FOODS_1_008,FOODS_1,FOODS,CA_3,CA,d_1890,0,2016-04-01,11609,Friday,7,4,2016,,,,,1,1,0,3.54,0,2,0.0,0.0,0.0,0.0,0,1,0.14085762,0.0,0.0,0.9860033392906189,0.16902915,HIGH,0.8169741928577423,82.85714259806821,CRITICAL,Urgent stock replenishment required
FOODS_1_002_TX_3_validation,FOODS_1_002,FOODS_1,FOODS,TX_3,TX,d_1890,3,2016-04-01,11609,Friday,7,4,2016,,,,,1,1,0,9.48,0,2,2.0,0.0,0.42857142857142855,0.7867957924694432,0,1,0.40706727,0.7867957924694432,3.434748899119119,6.2842197529246615,0.48848075,HIGH,5.795739006178598,92.22686720147357,CRITICAL,Urgent stock replenishment required
FOODS_1_004_CA_2_validation,FOODS_1_004,FOODS_1,FOODS,CA_2,CA,d_1890,0,2016-04-01,11609,Friday,7,4,2016,,,,,1,1,0,1.96,0,2,0.0,0.0,0.0,0.0,0,1,0.34899265,0.0,0.0,2.442948579788208,0.4187912,HIGH,2.024157375097275,82.85714205547296,CRITICAL,Urgent stock replenishment required
FOODS_1_001_CA_2_validation,FOODS_1_001,FOODS_1,FOODS,CA_2,CA,d_1890,0,2016-04-01,11609,Friday,7,4,2016,,,,,1,1,0,2.24,0,2,0.0,0.0,0.42857142857142855,0.7867957924694435,0,1,0.59552705,0.7867957924694435,3.434748899119121,7.603438150065166,0.7146325,HIGH,6.88880563892625,90.60119255217732,CRITICAL,Urgent stock replenishment required
FOODS_1_002_CA_2_validation,FOODS_1_002,FOODS_1,FOODS,CA_2,CA,d_1890,1,2016-04-01,11609,Friday,7,4,2016,,,,,1,1,0,9.48,0,2,0.0,2.0,0.5714285714285714,0.7867957924694432,0,1,0.66784185,0.7867957924694432,3.434748899119119,8.109641801493387,0.80141026,HIGH,7.308231543677072,90.1178094244713,CRITICAL,Urgent stock replenishment required
FOODS_1_011_WI_3_validation,FOODS_1_011,FOODS_1,FOODS,WI_3,WI,d_1890,0,2016-04-01,11609,Friday,7,4,2016,,,,,1,1,0,2.68,0,2,0.0,0.0,0.2857142857142857,0.7559289460184545,0,1,0.47306085,0.7559289460184545,3.3,6.611425924301147,0.567673,HIGH,6.043752896785736,91.41375803018747,CRITICAL,Urgent stock replenishment required
FOODS_1_006_TX_1_validation,FOODS_1_006,FOODS_1,FOODS,TX_1,TX,d_1890,1,2016-04-01,11609,Friday,7,4,2016,,,,,1,1,0,2.48,0,2,0.0,0.0,0.5714285714285714,0.7867957924694432,0,1,0.59127885,0.7867957924694432,3.434748899119119,7.573700677530985,0.70953465,HIGH,6.864166032450418,90.631599065097,CRITICAL,Urgent stock replenishment required
FOODS_1_003_CA_1_validation,FOODS_1_003,FOODS_1,FOODS,CA_1,CA,d_1890,1,2016-04-01,11609,Friday,7,4,2016,,,,,1,1,0,3.23,0,2,0.0,1.0,1.0,1.4142135623730951,0,1,0.90686226,1.4142135623730951,6.173734688177003,12.521770500554933,1.0882348,HIGH,11.433535718336,91.30925788672852,CRITICAL,Urgent stock replenishment required
FOODS_1_008_TX_3_validation,FOODS_1_008,FOODS_1,FOODS,TX_3,TX,d_1890,0,2016-04-01,11609,Friday,7,4,2016,,,,,1,1,0,3.54,0,2,0.0,0.0,0.0,0.0,0,1,0.14085762,0.0,0.0,0.9860033392906189,0.16902915,HIGH,0.8169741928577423,82.85714259806821,CRITICAL,Urgent stock replenishment required
FOODS_1_001_WI_1_validation,FOODS_1_001,FOODS_1,FOODS,WI_1,WI,d_1890,0,2016-04-01,11609,Friday,7,4,2016,,,,,1,1,0,2.24,0,2,2.0,0.0,1.0,0.816496580927726,0,1,0.9227523,0.816496580927726,3.564407384124323,10.02367356988482,1.1073028,HIGH,8.916370784965082,88.95312404978425,CRITICAL,Urgent stock replenishment required
FOODS_1_005_TX_3_validation,FOODS_1_005,FOODS_1,FOODS,TX_3,TX,d_1890,3,2016-04-01,11609,Friday,7,4,2016,,,,,1,1,0,3.54,0,2,3.0,1.0,1.8571428571428572,1.4638501094227998,0,1,1.5677681,1.4638501094227998,6.390422521242238,17.364799199709033,1.8813218,HIGH,15.483477411874865,89.16588803476812,CRITICAL,Urgent stock replenishment required
FOODS_1_006_TX_2_validation,FOODS_1_006,FOODS_1,FOODS,TX_2,TX,d_1890,1,2016-04-01,11609,Friday,7,4,2016,,,,,1,1,0,2.48,0,2,1.0,0.0,1.4285714285714286,1.1338934190276817,0,1,1.1575259,1.1338934190276817,4.95,13.052681159973144,1.3890312,HIGH,11.663649988174438,89.35826934884263,CRITICAL,Urgent stock replenishment required
FOODS_1_011_WI_2_validation,FOODS_1_011,FOODS_1,FOODS,WI_2,WI,d_1890,4,2016-04-01,11609,Friday,7,4,2016,,,,,1,1,0,2.68,0,2,0.0,0.0,0.0,0.0,0,1,0.10285172,0.0,0.0,0.7199620008468628,0.123422064,HIGH,0.5965399369597435,82.8571419405548,CRITICAL,Urgent stock replenishment required
FOODS_1_006_CA_4_validation,FOODS_1_006,FOODS_1,FOODS,CA_4,CA,d_1890,0,2016-04-01,11609,Friday,7,4,2016,,,,,1,1,0,2.48,0,2,3.0,1.0,1.7142857142857142,1.9760470401187082,0,1,1.3518953,1.9760470401187082,8.626412927746971,18.08968025410195,1.6222745,HIGH,16.46740573608895,91.03204426377222,CRITICAL,Urgent stock replenishment required
FOODS_1_001_TX_1_validation,FOODS_1_001,FOODS_1,FOODS,TX_1,TX,d_1890,0,2016-04-01,11609,Friday,7,4,2016,,,,,1,1,0,2.24,0,2,2.0,0.0,0.2857142857142857,0.7559289460184548,0,1,0.5251484,0.7559289460184548,3.3000000000000016,6.976038742065431,0.6301781,HIGH,6.345860648155214,90.96653391400694,CRITICAL,Urgent stock replenishment required
FOODS_1_001_CA_3_validation,FOODS_1_001,FOODS_1,FOODS,CA_3,CA,d_1890,0,2016-04-01,11609,Friday,7,4,2016,,,,,1,1,0,2.24,0,2,1.0,1.0,2.0,4.43471156521669,0,1,1.0573741,4.43471156521669,19.359687497477847,26.761306454997378,1.268849,HIGH,25.492457439761477,95.25864323040568,CRITICAL,Urgent stock replenishment required
FOODS_1_004_WI_3_validation,FOODS_1_004,FOODS_1,FOODS,WI_3,WI,d_1890,0,2016-04-01,11609,Friday,7,4,2016,,,,,1,1,0,1.96,0,2,0.0,0.0,0.0,4.272243734249905e-07,0,1,0.3723237,4.272243734249905e-07,1.8650435860780626e-06,2.6062676483535228,0.44678846,HIGH,2.159479188337272,82.85715358902208,CRITICAL,Urgent stock replenishment required
FOODS_1_011_TX_2_validation,FOODS_1_011,FOODS_1,FOODS,TX_2,TX,d_1890,1,2016-04-01,11609,Friday,7,4,2016,,,,,1,1,0,2.68,0,2,4.0,0.0,0.5714285714285714,1.511857892036909,0,1,0.5576355,1.511857892036909,6.6,10.503448343276977,0.66916263,HIGH,9.834285712242126,93.62911484719048,CRITICAL,Urgent stock replenishment required
FOODS_1_011_TX_3_validation,FOODS_1_011,FOODS_1,FOODS,TX_3,TX,d_1890,1,2016-04-01,11609,Friday,7,4,2016,,,,,1,1,0,2.68,0,2,0.0,0.0,0.0,0.0,0,1,0.10285172,0.0,0.0,0.7199620008468628,0.123422064,HIGH,0.5965399369597435,82.8571419405548,CRITICAL,Urgent stock replenishment required
FOODS_1_006_CA_1_validation,FOODS_1_006,FOODS_1,FOODS,CA_1,CA,d_1890,1,2016-04-01,11609,Friday,7,4,2016,,,,,1,1,0,2.48,0,2,3.0,0.0,1.7142857142857142,1.380131118684708,0,1,1.3536073,1.380131118684708,6.024948132556825,15.500199330371768,1.6243289,HIGH,13.875870478671938,89.52059378670668,CRITICAL,Urgent stock replenishment required
FOODS_1_009_CA_2_validation,FOODS_1_009,FOODS_1,FOODS,CA_2,CA,d_1890,0,2016-04-01,11609,Friday,7,4,2016,,,,,1,1,0,2.24,0,2,0.0,0.0,0.0,0.0,0,1,0.13135263,0.0,0.0,0.9194684028625488,0.15762317,HIGH,0.7618452310562134,82.85714100499672,CRITICAL,Urgent stock replenishment required
FOODS_1_005_WI_3_validation,FOODS_1_005,FOODS_1,FOODS,WI_3,WI,d_1890,2,2016-04-01,11609,Friday,7,4,2016,,,,,1,1,0,3.54,0,2,1.0,0.0,0.8571428571428571,0.8997354108424381,0,1,0.7504745,0.8997354108424381,3.9277856356985708,9.181107283342614,0.90056944,HIGH,8.280537844408288,90.19105853856823,CRITICAL,Urgent stock replenishment required
FOODS_1_002_WI_2_validation,FOODS_1_002,FOODS_1,FOODS,WI_2,WI,d_1890,3,2016-04-01,11609,Friday,7,4,2016,,,,,1,1,0,9.48,0,2,0.0,2.0,0.14285714285714285,0.37796447300922725,0,1,0.42777595,0.37796447300922725,1.65,4.644431734085083,0.5133312,HIGH,4.1311005592346195,88.9473846480901,CRITICAL,Urgent stock replenishment required
FOODS_1_011_TX_1_validation,FOODS_1_011,FOODS_1,FOODS,TX_1,TX,d_1890,0,2016-04-01,11609,Friday,7,4,2016,,,,,1,1,0,2.68,0,2,0.0,0.0,0.8571428571428571,0.690065559342354,0,1,0.6930495,0.690065559342354,3.0124740662784126,7.863820559045747,0.83165944,HIGH,7.032161122819856,89.42423177154984,CRITICAL,Urgent stock replenishment required
FOODS_1_001_CA_1_validation,FOODS_1_001,FOODS_1,FOODS,CA_1,CA,d_1890,4,2016-04-01,11609,Friday,7,4,2016,,,,,1,1,0,2.24,0,2,1.0,0.0,0.8571428571428571,0.6900655593423543,0,1,0.7420212,0.6900655593423543,3.012474066278414,8.206622606775241,0.8904255,HIGH,7.316197103521304,89.14991530719571,CRITICAL,Urgent stock replenishment required
FOODS_1_006_CA_3_validation,FOODS_1_006,FOODS_1,FOODS,CA_3,CA,d_1890,0,2016-04-01,11609,Friday,7,4,2016,,,,,1,1,0,2.48,0,2,0.0,0.0,1.0,1.5275252316519468,0,1,0.8239747,1.5275252316519468,6.668395609140179,12.436218828439495,0.9887697,HIGH,11.44744911837556,92.04927378888841,CRITICAL,Urgent stock replenishment required
FOODS_1_005_CA_1_validation,FOODS_1_005,FOODS_1,FOODS,CA_1,CA,d_1890,3,2016-04-01,11609,Friday,7,4,2016,,,,,1,1,0,3.54,0,2,0.0,2.0,1.0,1.1547005383792432,0,1,1.0184232,1.1547005383792432,5.040833264451388,12.169795781236056,1.2221079,HIGH,10.94768789396799,89.9578603516719,CRITICAL,Urgent stock replenishment required
FOODS_1_005_CA_2_validation,FOODS_1_005,FOODS_1,FOODS,CA_2,CA,d_1890,18,2016-04-01,11609,Friday,7,4,2016,,,,,1,1,0,3.54,0,2,10.0,0.0,5.0,4.4721359549995805,0,1,3.0214753,4.4721359549995805,19.523063284228737,40.67339096672386,3.6257706,HIGH,37.0476203978762,91.08564473561103,CRITICAL,Urgent stock replenishment required
FOODS_1_011_WI_1_validation,FOODS_1_011,FOODS_1,FOODS,WI_1,WI,d_1890,1,2016-04-01,11609,Friday,7,4,2016,,,,,1,1,0,2.68,0,2,0.0,1.0,0.42857142857142855,1.133893419027681,0,1,0.6216183,1.133893419027681,4.9499999999999975,9.301327896118162,0.74594194,HIGH,8.555385959148404,91.98026405153323,CRITICAL,Urgent stock replenishment required
FOODS_1_008_TX_2_validation,FOODS_1_008,FOODS_1,FOODS,TX_2,TX,d_1890,0,2016-04-01,11609,Friday,7,4,2016,,,,,1,1,0,3.54,0,2,0.0,1.0,0.0,0.0,0,1,0.2146602,0.0,0.0,1.5026214122772217,0.25759226,HIGH,1.2450291514396667,82.85714161046234,CRITICAL,Urgent stock replenishment required
FOODS_1_009_TX_3_validation,FOODS_1_009,FOODS_1,FOODS,TX_3,TX,d_1890,0,2016-04-01,11609,Friday,7,4,2016,,,,,1,1,0,2.24,0,2,0.0,0.0,0.0,0.0,0,1,0.13135263,0.0,0.0,0.9194684028625488,0.15762317,HIGH,0.7618452310562134,82.85714100499672,CRITICAL,Urgent stock replenishment required
FOODS_1_009_CA_1_validation,FOODS_1_009,FOODS_1,FOODS,CA_1,CA,d_1890,0,2016-04-01,11609,Friday,7,4,2016,,,,,1,1,0,2.24,0,2,0.0,0.0,0.0,0.0,0,1,0.13135263,0.0,0.0,0.9194684028625488,0.15762317,HIGH,0.7618452310562134,82.85714100499672,CRITICAL,Urgent stock replenishment required
FOODS_1_001_TX_2_validation,FOODS_1_001,FOODS_1,FOODS,TX_2,TX,d_1890,0,2016-04-01,11609,Friday,7,4,2016,,,,,1,1,0,2.24,0,2,1.0,1.0,0.7142857142857143,1.1126972805283732,0,1,0.81841147,1.1126972805283732,4.857468476480314,10.58634888190634,0.9820938,HIGH,9.604255070871183,90.72301676441344,CRITICAL,Urgent stock replenishment required
FOODS_1_010_WI_1_validation,FOODS_1_010,FOODS_1,FOODS,WI_1,WI,d_1890,7,2016-04-01,11609,Friday,7,4,2016,,,,,1,1,0,6.77,0,2,4.0,0.0,1.2857142857142858,1.6035674514745462,0,1,0.7800719,1.6035674514745462,7.00035713374682,12.460860711932856,0.93608636,HIGH,11.524774355292994,92.48778733443798,CRITICAL,Urgent stock replenishment required
FOODS_1_010_WI_3_validation,FOODS_1_010,FOODS_1,FOODS,WI_3,WI,d_1890,1,2016-04-01,11609,Friday,7,4,2016,,,,,1,1,0,6.77,0,2,0.0,0.0,0.2857142857142857,0.4879500364742666,0,1,0.38243505,0.4879500364742666,2.1301408404140796,4.807186185720476,0.4589221,HIGH,4.348264097574266,90.45341556544207,CRITICAL,Urgent stock replenishment required
FOODS_1_004_TX_1_validation,FOODS_1_004,FOODS_1,FOODS,TX_1,TX,d_1890,0,2016-04-01,11609,Friday,7,4,2016,,,,,1,1,0,1.96,0,2,0.0,0.0,0.0,0.0,0,1,0.34899265,0.0,0.0,2.442948579788208,0.4187912,HIGH,2.024157375097275,82.85714205547296,CRITICAL,Urgent stock replenishment required
FOODS_1_011_CA_1_validation,FOODS_1_011,FOODS_1,FOODS,CA_1,CA,d_1890,1,2016-04-01,11609,Friday,7,4,2016,,,,,1,1,0,2.68,0,2,0.0,2.0,1.4285714285714286,1.618347187425374,0,1,1.1964123,1.618347187425374,7.064877918265821,15.43976443102217,1.4356948,HIGH,14.004069617293837,90.70131658975522,CRITICAL,Urgent stock replenishment required
FOODS_1_005_WI_1_validation,FOODS_1_005,FOODS_1,FOODS,WI_1,WI,d_1890,4,2016-04-01,11609,Friday,7,4,2016,,,,,1,1,0,3.54,0,2,4.0,7.0,2.5714285714285716,2.6992062325273105,0,1,2.303159,2.6992062325273105,11.783356907095698,27.90546918126562,2.7637908,HIGH,25.141678335394648,90.09588110517616,CRITICAL,Urgent stock replenishment required
FOODS_1_004_CA_4_validation,FOODS_1_004,FOODS_1,FOODS,CA_4,CA,d_1890,0,2016-04-01,11609,Friday,7,4,2016,,,,,1,1,0,1.96,0,2,0.0,0.0,0.0,0.0,0,1,0.34899265,0.0,0.0,2.442948579788208,0.4187912,HIGH,2.024157375097275,82.85714205547296,CRITICAL,Urgent stock replenishment required
FOODS_1_004_WI_1_validation,FOODS_1_004,FOODS_1,FOODS,WI_1,WI,d_1890,0,2016-04-01,11609,Friday,7,4,2016,,,,,1,1,0,1.96,0,2,0.0,0.0,0.0,0.0,0,1,0.34899265,0.0,0.0,2.442948579788208,0.4187912,HIGH,2.024157375097275,82.85714205547296,CRITICAL,Urgent stock replenishment required
FOODS_1_003_TX_3_validation,FOODS_1_003,FOODS_1,FOODS,TX_3,TX,d_1890,0,2016-04-01,11609,Friday,7,4,2016,,,,,1,1,0,3.23,0,2,0.0,0.0,0.2857142857142857,0.7559289460184545,0,1,0.42252922,0.7559289460184545,3.3,6.257704544067383,0.5070351,HIGH,5.750669467449188,91.89742703498379,CRITICAL,Urgent stock replenishment required
FOODS_1_004_TX_2_validation,FOODS_1_004,FOODS_1,FOODS,TX_2,TX,d_1890,0,2016-04-01,11609,Friday,7,4,2016,,,,,1,1,0,1.96,0,2,0.0,0.0,0.0,0.0,0,1,0.34899265,0.0,0.0,2.442948579788208,0.4187912,HIGH,2.024157375097275,82.85714205547296,CRITICAL,Urgent stock replenishment required
FOODS_1_003_WI_2_validation,FOODS_1_003,FOODS_1,FOODS,WI_2,WI,d_1890,0,2016-04-01,11609,Friday,7,4,2016,,,,,1,1,0,3.23,0,2,0.0,1.0,0.14285714285714285,0.37796447300922725,0,1,0.3886425,0.37796447300922725,1.65,4.370497369766236,0.466371,HIGH,3.904126369953156,89.32910924419514,CRITICAL,Urgent stock replenishment required
FOODS_1_004_CA_1_validation,FOODS_1_004,FOODS_1,FOODS,CA_1,CA,d_1890,0,2016-04-01,11609,Friday,7,4,2016,,,,,1,1,0,1.96,0,2,0.0,0.0,0.0,0.0,0,1,0.34899265,0.0,0.0,2.442948579788208,0.4187912,HIGH,2.024157375097275,82.85714205547296,CRITICAL,Urgent stock replenishment required
FOODS_1_003_TX_1_validation,FOODS_1_003,FOODS_1,FOODS,TX_1,TX,d_1890,0,2016-04-01,11609,Friday,7,4,2016,,,,,1,1,0,3.23,0,2,0.0,0.0,0.42857142857142855,0.7867957924694432,0,1,0.4702869,0.7867957924694432,3.434748899119119,6.726757299082498,0.5643443,HIGH,6.162413012163858,91.61045565007059,CRITICAL,Urgent stock replenishment required
FOODS_1_002_CA_3_validation,FOODS_1_002,FOODS_1,FOODS,CA_3,CA,d_1890,0,2016-04-01,11609,Friday,7,4,2016,,,,,1,1,0,9.48,0,2,1.0,0.0,0.8571428571428571,1.0690449676496976,0,1,0.5866374,1.0690449676496976,4.666904755831214,8.773366280794594,0.7039649,HIGH,8.069401391745064,91.97611422435935,CRITICAL,Urgent stock replenishment required
FOODS_1_004_TX_3_validation,FOODS_1_004,FOODS_1,FOODS,TX_3,TX,d_1890,0,2016-04-01,11609,Friday,7,4,2016,,,,,1,1,0,1.96,0,2,0.0,0.0,0.0,0.0,0,1,0.34899265,0.0,0.0,2.442948579788208,0.4187912,HIGH,2.024157375097275,82.85714205547296,CRITICAL,Urgent stock replenishment required
FOODS_1_008_WI_1_validation,FOODS_1_008,FOODS_1,FOODS,WI_1,WI,d_1890,0,2016-04-01,11609,Friday,7,4,2016,,,,,1,1,0,3.54,0,2,0.0,0.0,0.5714285714285714,1.133893419027682,0,1,0.5602026,1.133893419027682,4.950000000000001,8.871418190002442,0.6722431,HIGH,8.19917507171631,92.4223714417644,CRITICAL,Urgent stock replenishment required
FOODS_1_001_TX_3_validation,FOODS_1_001,FOODS_1,FOODS,TX_3,TX,d_1890,1,2016-04-01,11609,Friday,7,4,2016,,,,,1,1,0,2.24,0,2,0.0,0.0,0.14285714285714285,0.37796447300922775,0,1,0.43458158,0.37796447300922775,1.6500000000000024,4.692071104049685,0.5214979,HIGH,4.170573198795321,88.8855498203285,CRITICAL,Urgent stock replenishment required
FOODS_1_005_TX_2_validation,FOODS_1_005,FOODS_1,FOODS,TX_2,TX,d_1890,2,2016-04-01,11609,Friday,7,4,2016,,,,,1,1,0,3.54,0,2,3.0,0.0,3.0,2.0816659994661326,0,1,2.5460796,2.0816659994661326,9.087491403022067,26.910048852362888,3.0552957,HIGH,23.8547531465676,88.64626473717081,CRITICAL,Urgent stock replenishment required
FOODS_1_010_WI_2_validation,FOODS_1_010,FOODS_1,FOODS,WI_2,WI,d_1890,0,2016-04-01,11609,Friday,7,4,2016,,,,,1,1,0,6.77,0,2,1.0,0.0,0.14285714285714285,0.3779644730092273,0,1,0.32540014,0.3779644730092273,1.6500000000000004,3.927801036834717,0.3904802,HIGH,3.537320846319199,90.05855472684041,CRITICAL,Urgent stock replenishment required
FOODS_1_001_WI_2_validation,FOODS_1_001,FOODS_1,FOODS,WI_2,WI,d_1890,0,2016-04-01,11609,Friday,7,4,2016,,,,,1,1,0,2.24,0,2,2.0,0.0,0.2857142857142857,0.7559289460184545,0,1,0.5251484,0.7559289460184545,3.3,6.9760387420654295,0.6301781,HIGH,6.345860648155212,90.96653391400694,CRITICAL,Urgent stock replenishment required
FOODS_1_003_CA_2_validation,FOODS_1_003,FOODS_1,FOODS,CA_2,CA,d_1890,0,2016-04-01,11609,Friday,7,4,2016,,,,,1,1,0,3.23,0,2,3.0,1.0,1.5714285714285714,2.225394561056747,0,1,1.2643318,2.225394561056747,9.714936952960631,18.565259676349303,1.5171982,HIGH,17.0480614713551,91.82775661938629,CRITICAL,Urgent stock replenishment required
FOODS_1_009_TX_1_validation,FOODS_1_009,FOODS_1,FOODS,TX_1,TX,d_1890,0,2016-04-01,11609,Friday,7,4,2016,,,,,1,1,0,2.24,0,2,0.0,0.0,0.0,0.0,0,1,0.13135263,0.0,0.0,0.9194684028625488,0.15762317,HIGH,0.7618452310562134,82.85714100499672,CRITICAL,Urgent stock replenishment required
FOODS_1_006_WI_2_validation,FOODS_1_006,FOODS_1,FOODS,WI_2,WI,d_1890,1,2016-04-01,11609,Friday,7,4,2016,,,,,1,1,0,2.48,0,2,1.0,1.0,0.5714285714285714,0.786795792469436,0,1,0.6701941,0.786795792469436,3.434748899119088,8.126107465403267,0.80423295,HIGH,7.321874510424324,90.10309722824921,CRITICAL,Urgent stock replenishment required
FOODS_1_008_CA_2_validation,FOODS_1_008,FOODS_1,FOODS,CA_2,CA,d_1890,0,2016-04-01,11609,Friday,7,4,2016,,,,,1,1,0,3.54,0,2,0.0,0.0,0.8571428571428571,0.8997354108424375,0,1,0.74308914,0.8997354108424375,3.927785635698568,9.129409552324544,0.891707,HIGH,8.237702549207937,90.23258844938597,CRITICAL,Urgent stock replenishment required
FOODS_1_003_WI_1_validation,FOODS_1_003,FOODS_1,FOODS,WI_1,WI,d_1890,1,2016-04-01,11609,Friday,7,4,2016,,,,,1,1,0,3.23,0,2,1.0,3.0,1.1428571428571428,0.8997354108424377,0,1,1.2449821,0.8997354108424377,3.927785635698569,12.64266085695101,1.4939786,HIGH,11.14868223737551,88.18303649461497,CRITICAL,Urgent stock replenishment required
FOODS_1_009_WI_2_validation,FOODS_1_009,FOODS_1,FOODS,WI_2,WI,d_1890,0,2016-04-01,11609,Friday,7,4,2016,,,,,1,1,0,2.24,0,2,0.0,0.0,0.0,0.0,0,1,0.13135263,0.0,0.0,0.9194684028625488,0.15762317,HIGH,0.7618452310562134,82.85714100499672,CRITICAL,Urgent stock replenishment required
FOODS_1_003_TX_2_validation,FOODS_1_003,FOODS_1,FOODS,TX_2,TX,d_1890,0,2016-04-01,11609,Friday,7,4,2016,,,,,1,1,0,3.23,0,2,0.0,2.0,1.1428571428571428,1.5735915849388864,0,1,1.0405792,1.5735915849388864,6.869497798238238,14.153552077565632,1.2486951,HIGH,12.904856942449054,91.17751410901404,CRITICAL,Urgent stock replenishment required
FOODS_1_010_TX_3_validation,FOODS_1_010,FOODS_1,FOODS,TX_3,TX,d_1890,11,2016-04-01,11609,Friday,7,4,2016,,,,,1,1,0,6.27,0,2,1.0,4.0,0.42857142857142855,0.7867957924694438,0,1,0.69502527,0.7867957924694438,3.4347488991191213,8.299925576822979,0.83403033,HIGH,7.465895246641857,89.95135170235623,CRITICAL,Urgent stock replenishment required
FOODS_1_003_WI_3_validation,FOODS_1_003,FOODS_1,FOODS,WI_3,WI,d_1890,0,2016-04-01,11609,Friday,7,4,2016,,,,,1,1,0,3.23,0,2,0.0,0.0,0.0,0.0,0,1,0.0946203,0.0,0.0,0.6623421311378479,0.11354437,HIGH,0.5487977638840675,82.85714256788698,CRITICAL,Urgent stock replenishment required
FOODS_1_001_WI_3_validation,FOODS_1_001,FOODS_1,FOODS,WI_3,WI,d_1890,0,2016-04-01,11609,Friday,7,4,2016,,,,,1,1,0,2.24,0,2,0.0,0.0,0.42857142857142855,0.5345224838248488,0,1,0.59552705,0.5345224838248488,2.333452377915607,6.5021416288616525,0.7146325,HIGH,5.7875091177227365,89.00927491387128,CRITICAL,Urgent stock replenishment required
FOODS_1_004_WI_2_validation,FOODS_1_004,FOODS_1,FOODS,WI_2,WI,d_1890,0,2016-04-01,11609,Friday,7,4,2016,,,,,1,1,0,1.96,0,2,0.0,0.0,0.0,7.389734084383283e-07,0,1,0.40907866,7.389734084383283e-07,3.2259807759590005e-06,2.8635538889751606,0.4908944,HIGH,2.3726594819412403,82.85716190207243,CRITICAL,Urgent stock replenishment required
FOODS_1_011_CA_4_validation,FOODS_1_011,FOODS_1,FOODS,CA_4,CA,d_1890,2,2016-04-01,11609,Friday,7,4,2016,,,,,1,1,0,2.68,0,2,0.0,0.0,0.42857142857142855,1.133893419027681,0,1,0.5434227,1.133893419027681,4.9499999999999975,8.753958892822263,0.65210724,HIGH,8.101851654052732,92.55071623303805,CRITICAL,Urgent stock replenishment required
FOODS_1_009_WI_3_validation,FOODS_1_009,FOODS_1,FOODS,WI_3,WI,d_1890,0,2016-04-01,11609,Friday,7,4,2016,,,,,1,1,0,2.24,0,2,0.0,0.0,0.0,0.0,0,1,0.13135263,0.0,0.0,0.9194684028625488,0.15762317,HIGH,0.7618452310562134,82.85714100499672,CRITICAL,Urgent stock replenishment required
FOODS_1_004_CA_3_validation,FOODS_1_004,FOODS_1,FOODS,CA_3,CA,d_1890,0,2016-04-01,11609,Friday,7,4,2016,,,,,1,1,0,1.5,0,2,0.0,0.0,0.0,0.0,0,1,0.6621903,0.0,0.0,4.635332107543945,0.79462844,HIGH,3.8407036662101746,82.85714113039447,CRITICAL,Urgent stock replenishment required
FOODS_1_008_WI_3_validation,FOODS_1_008,FOODS_1,FOODS,WI_3,WI,d_1890,0,2016-04-01,11609,Friday,7,4,2016,,,,,1,1,0,3.54,0,2,0.0,0.0,0.0,0.0,0,1,0.14085762,0.0,0.0,0.9860033392906189,0.16902915,HIGH,0.8169741928577423,82.85714259806821,CRITICAL,Urgent stock replenishment required
FOODS_1_009_CA_3_validation,FOODS_1_009,FOODS_1,FOODS,CA_3,CA,d_1890,0,2016-04-01,11609,Friday,7,4,2016,,,,,1,1,0,1.98,0,2,0.0,0.0,0.0,0.0,0,1,0.13397686,0.0,0.0,0.9378380179405212,0.16077223,HIGH,0.77706578373909,82.85714258476268,CRITICAL,Urgent stock replenishment required
FOODS_1_003_CA_3_validation,FOODS_1_003,FOODS_1,FOODS,CA_3,CA,d_1890,3,2016-04-01,11609,Friday,7,4,2016,,,,,1,1,0,3.23,0,2,1.0,0.0,0.8571428571428571,0.690065559342354,0,1,0.6630562,0.690065559342354,3.0124740662784126,7.653867250940278,0.79566747,HIGH,6.858199781438783,89.60437327412822,CRITICAL,Urgent stock replenishment required
FOODS_1_010_CA_1_validation,FOODS_1_010,FOODS_1,FOODS,CA_1,CA,d_1890,0,2016-04-01,11609,Friday,7,4,2016,,,,,1,1,0,5.64,0,2,0.0,0.0,0.0,0.0,0,1,0.10841985,0.0,0.0,0.7589389681816101,0.13010383,HIGH,0.628835141658783,82.8571424083611,CRITICAL,Urgent stock replenishment required
FOODS_1_001_CA_4_validation,FOODS_1_001,FOODS_1,FOODS,CA_4,CA,d_1890,0,2016-04-01,11609,Friday,7,4,2016,,,,,1,1,0,2.24,0,2,0.0,1.0,0.42857142857142855,0.7867957924694432,0,1,0.6498394,0.7867957924694432,3.434748899119119,7.98362470783494,0.7798073,HIGH,7.203817378657083,90.23241500301772,CRITICAL,Urgent stock replenishment required
FOODS_1_009_WI_1_validation,FOODS_1_009,FOODS_1,FOODS,WI_1,WI,d_1890,0,2016-04-01,11609,Friday,7,4,2016,,,,,1,1,0,2.24,0,2,0.0,0.0,0.0,0.0,0,1,0.13135263,0.0,0.0,0.9194684028625488,0.15762317,HIGH,0.7618452310562134,82.85714100499672,CRITICAL,Urgent stock replenishment required
FOODS_1_010_TX_2_validation,FOODS_1_010,FOODS_1,FOODS,TX_2,TX,d_1890,1,2016-04-01,11609,Friday,7,4,2016,,,,,1,1,0,6.27,0,2,0.0,2.0,0.2857142857142857,0.4879500364742644,0,1,0.5480115,0.4879500364742644,2.13014084041407,5.966221153142952,0.6576138,HIGH,5.308607339265846,88.97771643059727,CRITICAL,Urgent stock replenishment required
FOODS_1_002_CA_1_validation,FOODS_1_002,FOODS_1,FOODS,CA_1,CA,d_1890,0,2016-04-01,11609,Friday,7,4,2016,,,,,1,1,0,9.48,0,2,1.0,0.0,0.2857142857142857,0.48795003647426666,0,1,0.3661268,0.48795003647426666,2.1301408404140796,4.693028509023699,0.43935218,HIGH,4.253676324489626,90.63819485244355,CRITICAL,Urgent stock replenishment required
FOODS_1_003_CA_4_validation,FOODS_1_003,FOODS_1,FOODS,CA_4,CA,d_1890,1,2016-04-01,11609,Friday,7,4,2016,,,,,1,1,0,3.23,0,2,0.0,2.0,0.14285714285714285,0.3779644730092273,0,1,0.438246,0.3779644730092273,1.6500000000000004,4.717722082138062,0.52589524,HIGH,4.191826844215393,88.85277197837111,CRITICAL,Urgent stock replenishment required
FOODS_1_005_TX_1_validation,FOODS_1_005,FOODS_1,FOODS,TX_1,TX,d_1890,0,2016-04-01,11609,Friday,7,4,2016,,,,,1,1,0,3.54,0,2,1.0,0.0,1.4285714285714286,1.7182493859684491,0,1,1.240739,1.7182493859684491,7.5009999333422215,16.18617296801019,1.4888868,HIGH,14.697286134819272,90.80148941857038,CRITICAL,Urgent stock replenishment required
FOODS_1_011_CA_3_validation,FOODS_1_011,FOODS_1,FOODS,CA_3,CA,d_1890,4,2016-04-01,11609,Friday,7,4,2016,,,,,1,1,0,2.68,0,2,1.0,4.0,1.8571428571428572,0.899735410842434,0,1,1.7473482,0.899735410842434,3.9277856356985534,16.159223318804024,2.096818,HIGH,14.062405348528145,87.02401762196162,CRITICAL,Urgent stock replenishment required
FOODS_1_002_TX_2_validation,FOODS_1_002,FOODS_1,FOODS,TX_2,TX,d_1890,0,2016-04-01,11609,Friday,7,4,2016,,,,,1,1,0,9.48,0,2,0.0,1.0,0.14285714285714285,0.3779644730092273,0,1,0.3877791,0.3779644730092273,1.6500000000000004,4.36445369720459,0.46533492,HIGH,3.8991187751293186,89.33807174141138,CRITICAL,Urgent stock replenishment required
FOODS_1_005_WI_2_validation,FOODS_1_005,FOODS_1,FOODS,WI_2,WI,d_1890,1,2016-04-01,11609,Friday,7,4,2016,,,,,1,1,0,3.54,0,2,1.0,2.0,1.1428571428571428,1.463850109422796,0,1,1.0869495,1.463850109422796,6.390422521242222,13.999068914064488,1.3043394,HIGH,12.694729505189976,90.68267027699194,CRITICAL,Urgent stock replenishment required
FOODS_1_009_TX_2_validation,FOODS_1_009,FOODS_1,FOODS,TX_2,TX,d_1890,0,2016-04-01,11609,Friday,7,4,2016,,,,,1,1,0,2.24,0,2,0.0,0.0,0.0,0.0,0,1,0.13135263,0.0,0.0,0.9194684028625488,0.15762317,HIGH,0.7618452310562134,82.85714100499672,CRITICAL,Urgent stock replenishment required
FOODS_1_008_WI_1_validation,FOODS_1_008,FOODS_1,FOODS,WI_1,WI,d_1891,0,2016-04-02,11610,Saturday,1,4,2016,,,,,1,0,1,3.54,1,2,3.0,1.0,0.5714285714285714,1.133893419027682,0,1,0.7217227,1.133893419027682,4.950000000000001,10.002059173583985,0.8660673,HIGH,9.135991883277894,91.34111011267136,CRITICAL,Urgent stock replenishment required
FOODS_1_011_CA_2_validation,FOODS_1_011,FOODS_1,FOODS,CA_2,CA,d_1891,2,2016-04-02,11610,Saturday,1,4,2016,,,,,1,0,1,2.68,1,2,1.0,1.0,2.4285714285714284,2.63673679998231,0,1,1.8043535,2.63673679998231,11.510647245050992,24.14112133562716,2.1652243,HIGH,21.9758970218912,91.03097041917208,CRITICAL,Urgent stock replenishment required
FOODS_1_008_CA_1_validation,FOODS_1_008,FOODS_1,FOODS,CA_1,CA,d_1891,1,2016-04-02,11610,Saturday,1,4,2016,,,,,1,0,1,3.54,1,2,2.0,0.0,0.42857142857142855,0.7867957924694432,0,1,0.5337657,0.7867957924694432,3.434748899119119,7.171108495371561,0.64051884,HIGH,6.530589651243906,91.06806368163215,CRITICAL,Urgent stock replenishment required
FOODS_1_008_TX_1_validation,FOODS_1_008,FOODS_1,FOODS,TX_1,TX,d_1891,0,2016-04-02,11610,Saturday,1,4,2016,,,,,1,0,1,3.54,1,2,0.0,0.0,0.0,0.0,0,1,0.16308028,0.0,0.0,1.1415619850158691,0.19569634,HIGH,0.9458656460046768,82.85714296902836,CRITICAL,Urgent stock replenishment required
FOODS_1_001_WI_2_validation,FOODS_1_001,FOODS_1,FOODS,WI_2,WI,d_1891,0,2016-04-02,11610,Saturday,1,4,2016,,,,,1,0,1,2.24,1,2,0.0,0.0,0.0,0.0,0,1,0.15670075,0.0,0.0,1.09690523147583,0.1880409,HIGH,0.9088643342256546,82.85714281832935,CRITICAL,Urgent stock replenishment required
FOODS_1_005_TX_3_validation,FOODS_1_005,FOODS_1,FOODS,TX_3,TX,d_1891,2,2016-04-02,11610,Saturday,1,4,2016,,,,,1,0,1,3.54,1,2,4.0,0.0,1.8571428571428572,1.4638501094227998,0,1,1.7049289,1.4638501094227998,6.390422521242238,18.324924169191455,2.0459146,HIGH,16.279009519228076,88.83534452271815,CRITICAL,Urgent stock replenishment required
FOODS_1_005_CA_2_validation,FOODS_1_005,FOODS_1,FOODS,CA_2,CA,d_1891,7,2016-04-02,11610,Saturday,1,4,2016,,,,,1,0,1,3.54,1,2,7.0,18.0,6.142857142857143,6.517376042257381,0,1,5.3887815,6.517376042257381,28.45153774403064,66.17300762318104,6.466538,HIGH,59.70646967075794,90.22783127941459,CRITICAL,Urgent stock replenishment required
FOODS_1_005_CA_1_validation,FOODS_1_005,FOODS_1,FOODS,CA_1,CA,d_1891,0,2016-04-02,11610,Saturday,1,4,2016,,,,,1,0,1,3.54,1,2,2.0,1.0,1.4285714285714286,1.272418020560696,0,1,1.3634759,1.272418020560696,5.55472771609911,15.099059266697255,1.6361712,HIGH,13.462888044964162,89.16375389464257,CRITICAL,Urgent stock replenishment required
FOODS_1_003_TX_1_validation,FOODS_1_003,FOODS_1,FOODS,TX_1,TX,d_1891,0,2016-04-02,11610,Saturday,1,4,2016,,,,,1,0,1,3.23,1,2,2.0,0.0,0.42857142857142855,0.7867957924694432,0,1,0.54233795,0.7867957924694432,3.434748899119119,7.231114637034159,0.6508056,HIGH,6.580309044497232,90.99992704853793,CRITICAL,Urgent stock replenishment required
FOODS_1_003_CA_2_validation,FOODS_1_003,FOODS_1,FOODS,CA_2,CA,d_1891,0,2016-04-02,11610,Saturday,1,4,2016,,,,,1,0,1,3.23,1,2,1.0,1.0,1.1428571428571428,2.193062655175134,0,1,1.1552533,2.193062655175134,9.573792352041066,17.66056527074224,1.386304,HIGH,16.274261249860587,92.15028511472221,CRITICAL,Urgent stock replenishment required
FOODS_1_009_TX_1_validation,FOODS_1_009,FOODS_1,FOODS,TX_1,TX,d_1891,0,2016-04-02,11610,Saturday,1,4,2016,,,,,1,0,1,2.24,1,2,0.0,0.0,0.0,0.0,0,1,0.15670075,0.0,0.0,1.09690523147583,0.1880409,HIGH,0.9088643342256546,82.85714281832935,CRITICAL,Urgent stock replenishment required
FOODS_1_004_WI_2_validation,FOODS_1_004,FOODS_1,FOODS,WI_2,WI,d_1891,0,2016-04-02,11610,Saturday,1,4,2016,,,,,1,0,1,1.96,1,2,0.0,0.0,0.0,7.389734084383283e-07,0,1,0.6799239,7.389734084383283e-07,3.2259807759590005e-06,4.759470350919741,0.81590873,HIGH,3.943561620889681,82.85715279490312,CRITICAL,Urgent stock replenishment required
FOODS_1_002_TX_1_validation,FOODS_1_002,FOODS_1,FOODS,TX_1,TX,d_1891,0,2016-04-02,11610,Saturday,1,4,2016,,,,,1,0,1,9.48,1,2,0.0,0.0,0.0,0.0,0,1,0.13876174,0.0,0.0,0.9713321924209595,0.1665141,HIGH,0.8048180937767029,82.85714198051699,CRITICAL,Urgent stock replenishment required
FOODS_1_005_TX_1_validation,FOODS_1_005,FOODS_1,FOODS,TX_1,TX,d_1891,2,2016-04-02,11610,Saturday,1,4,2016,,,,,1,0,1,3.54,1,2,2.0,0.0,1.2857142857142858,1.799470821684875,0,1,1.2234068,1.799470821684875,7.855571271397136,16.419418813206217,1.4680882,HIGH,14.951330663181803,91.05882999437456,CRITICAL,Urgent stock replenishment required
FOODS_1_011_CA_3_validation,FOODS_1_011,FOODS_1,FOODS,CA_3,CA,d_1891,3,2016-04-02,11610,Saturday,1,4,2016,,,,,1,0,1,2.68,1,2,3.0,0.0,2.2857142857142856,1.1126972805283708,0,1,1.9971504,1.1126972805283708,4.857468476480303,18.83752142447835,2.3965807,HIGH,16.440940728372393,87.27762192221462,CRITICAL,Urgent stock replenishment required
FOODS_1_004_WI_3_validation,FOODS_1_004,FOODS_1,FOODS,WI_3,WI,d_1891,0,2016-04-02,11610,Saturday,1,4,2016,,,,,1,0,1,1.96,1,2,0.0,0.0,0.0,4.272243734249905e-07,0,1,0.64028215,4.272243734249905e-07,1.8650435860780626e-06,4.48197694362635,0.7683386,HIGH,3.7136383229636607,82.85714919271696,CRITICAL,Urgent stock replenishment required
FOODS_1_010_TX_1_validation,FOODS_1_010,FOODS_1,FOODS,TX_1,TX,d_1891,1,2016-04-02,11610,Saturday,1,4,2016,,,,,1,0,1,6.27,1,2,0.0,0.0,0.7142857142857143,0.7559289460184545,0,1,0.60813713,0.7559289460184545,3.3,7.556959915161133,0.7297646,HIGH,6.827195334434509,90.34314606773903,CRITICAL,Urgent stock replenishment required
FOODS_1_005_CA_3_validation,FOODS_1_005,FOODS_1,FOODS,CA_3,CA,d_1891,0,2016-04-02,11610,Saturday,1,4,2016,,,,,1,0,1,3.54,1,2,6.0,0.0,3.5714285714285716,3.4086724129853865,0,1,3.3022118,3.4086724129853865,14.88052418431555,37.99600651463781,3.9626544,HIGH,34.0333521624497,89.5708662154758,CRITICAL,Urgent stock replenishment required
FOODS_1_003_CA_3_validation,FOODS_1_003,FOODS_1,FOODS,CA_3,CA,d_1891,1,2016-04-02,11610,Saturday,1,4,2016,,,,,1,0,1,3.23,1,2,1.0,1.0,1.1428571428571428,1.0690449676496976,0,1,1.1462665,1.0690449676496976,4.666904755831214,12.690769501924965,1.3755198,HIGH,11.315249749422524,89.16125809160903,CRITICAL,Urgent stock replenishment required
FOODS_1_002_TX_3_validation,FOODS_1_002,FOODS_1,FOODS,TX_3,TX,d_1891,0,2016-04-02,11610,Saturday,1,4,2016,,,,,1,0,1,9.48,1,2,0.0,0.0,0.5714285714285714,1.1338934190276817,0,1,0.48675105,1.1338934190276817,4.95,8.357257318496703,0.58410126,HIGH,7.773156058788299,93.01084988234547,CRITICAL,Urgent stock replenishment required
FOODS_1_009_WI_1_validation,FOODS_1_009,FOODS_1,FOODS,WI_1,WI,d_1891,0,2016-04-02,11610,Saturday,1,4,2016,,,,,1,0,1,2.24,1,2,0.0,0.0,0.0,0.0,0,1,0.15670075,0.0,0.0,1.09690523147583,0.1880409,HIGH,0.9088643342256546,82.85714281832935,CRITICAL,Urgent stock replenishment required
FOODS_1_009_CA_1_validation,FOODS_1_009,FOODS_1,FOODS,CA_1,CA,d_1891,0,2016-04-02,11610,Saturday,1,4,2016,,,,,1,0,1,2.24,1,2,0.0,0.0,0.0,0.0,0,1,0.15670075,0.0,0.0,1.09690523147583,0.1880409,HIGH,0.9088643342256546,82.85714281832935,CRITICAL,Urgent stock replenishment required
FOODS_1_002_CA_2_validation,FOODS_1_002,FOODS_1,FOODS,CA_2,CA,d_1891,1,2016-04-02,11610,Saturday,1,4,2016,,,,,1,0,1,9.48,1,2,1.0,0.0,0.7142857142857143,0.7559289460184545,0,1,0.5880222,0.7559289460184545,3.3,7.41615514755249,0.7056266,HIGH,6.710528540611267,90.48527716988099,CRITICAL,Urgent stock replenishment required
FOODS_1_008_TX_2_validation,FOODS_1_008,FOODS_1,FOODS,TX_2,TX,d_1891,0,2016-04-02,11610,Saturday,1,4,2016,,,,,1,0,1,3.54,1,2,0.0,0.0,0.0,0.0,0,1,0.16308028,0.0,0.0,1.1415619850158691,0.19569634,HIGH,0.9458656460046768,82.85714296902836,CRITICAL,Urgent stock replenishment required
FOODS_1_005_WI_1_validation,FOODS_1_005,FOODS_1,FOODS,WI_1,WI,d_1891,0,2016-04-02,11610,Saturday,1,4,2016,,,,,1,0,1,3.54,1,2,8.0,7.0,2.5714285714285716,2.6992062325273105,0,1,3.2293854,2.6992062325273105,11.783356907095698,34.38905453893163,3.8752625,HIGH,30.51379204007604,88.73111648222712,CRITICAL,Urgent stock replenishment required
FOODS_1_001_CA_3_validation,FOODS_1_001,FOODS_1,FOODS,CA_3,CA,d_1891,1,2016-04-02,11610,Saturday,1,4,2016,,,,,1,0,1,2.24,1,2,12.0,0.0,1.8571428571428572,4.488079449258573,0,1,1.1021883,4.488079449258573,19.592664443612563,27.307983123422133,1.3226261,HIGH,25.98535700953053,95.15663200788643,CRITICAL,Urgent stock replenishment required
FOODS_1_004_WI_1_validation,FOODS_1_004,FOODS_1,FOODS,WI_1,WI,d_1891,0,2016-04-02,11610,Saturday,1,4,2016,,,,,1,0,1,1.96,1,2,0.0,0.0,0.0,0.0,0,1,0.6666361,0.0,0.0,4.666452884674072,0.79996336,HIGH,3.86648952960968,82.85714278415423,CRITICAL,Urgent stock replenishment required
FOODS_1_011_TX_3_validation,FOODS_1_011,FOODS_1,FOODS,TX_3,TX,d_1891,0,2016-04-02,11610,Saturday,1,4,2016,,,,,1,0,1,2.68,1,2,0.0,0.0,0.14285714285714285,0.37796447300922725,0,1,0.3949979,0.37796447300922725,1.65,4.414985322952271,0.4739975,HIGH,3.9409878194332126,89.26389401444035,CRITICAL,Urgent stock replenishment required
FOODS_1_010_TX_3_validation,FOODS_1_010,FOODS_1,FOODS,TX_3,TX,d_1891,1,2016-04-02,11610,Saturday,1,4,2016,,,,,1,0,1,6.27,1,2,0.0,1.0,1.8571428571428572,4.099941927579439,0,1,0.89854914,4.099941927579439,17.898254104800277,24.18809814090257,1.078259,HIGH,23.109839149661116,95.54219192860765,CRITICAL,Urgent stock replenishment required
FOODS_1_006_WI_3_validation,FOODS_1_006,FOODS_1,FOODS,WI_3,WI,d_1891,1,2016-04-02,11610,Saturday,1,4,2016,,,,,1,0,1,2.48,1,2,0.0,0.0,1.4285714285714286,1.7182493859684491,0,1,1.2153429,1.7182493859684491,7.5009999333422215,16.008400446037534,1.4584115,HIGH,14.549988990883115,90.88971156068618,CRITICAL,Urgent stock replenishment required
FOODS_1_006_CA_4_validation,FOODS_1_006,FOODS_1,FOODS,CA_4,CA,d_1891,4,2016-04-02,11610,Saturday,1,4,2016,,,,,1,0,1,2.48,1,2,5.0,0.0,1.2857142857142858,1.976047040118708,0,1,1.0756366,1.976047040118708,8.62641292774697,16.15586906635781,1.290764,HIGH,14.86510509216805,92.01055685158045,CRITICAL,Urgent stock replenishment required
FOODS_1_001_CA_1_validation,FOODS_1_001,FOODS_1,FOODS,CA_1,CA,d_1891,0,2016-04-02,11610,Saturday,1,4,2016,,,,,1,0,1,2.24,1,2,1.0,2.0,1.2857142857142858,1.3801311186847087,0,1,1.2883575,1.3801311186847087,6.024948132556829,15.043450367969427,1.5460291,HIGH,13.49742127708808,89.72290895329998,CRITICAL,Urgent stock replenishment required
FOODS_1_011_TX_1_validation,FOODS_1_011,FOODS_1,FOODS,TX_1,TX,d_1891,0,2016-04-02,11610,Saturday,1,4,2016,,,,,1,0,1,2.68,1,2,1.0,2.0,0.8571428571428571,0.690065559342354,0,1,0.9769681,0.690065559342354,3.0124740662784126,9.851250654718354,1.1723617,HIGH,8.678888923189119,88.09936146566606,CRITICAL,Urgent stock replenishment required
FOODS_1_005_WI_3_validation,FOODS_1_005,FOODS_1,FOODS,WI_3,WI,d_1891,2,2016-04-02,11610,Saturday,1,4,2016,,,,,1,0,1,3.54,1,2,2.0,3.0,1.0,1.0000000000000007,0,1,1.2994267,1.0000000000000007,4.365489663256577,13.46147602952855,1.5593121,HIGH,11.902163924349717,88.41648492514203,CRITICAL,Urgent stock replenishment required
FOODS_1_011_WI_1_validation,FOODS_1_011,FOODS_1,FOODS,WI_1,WI,d_1891,4,2016-04-02,11610,Saturday,1,4,2016,,,,,1,0,1,2.68,1,2,0.0,3.0,0.5714285714285714,1.1338934190276813,0,1,0.9728547,1.1338934190276813,4.9499999999999975,11.759982776641843,1.1674256,HIGH,10.592557144165037,90.0728967495123,CRITICAL,Urgent stock replenishment required
FOODS_1_010_WI_2_validation,FOODS_1_010,FOODS_1,FOODS,WI_2,WI,d_1891,0,2016-04-02,11610,Saturday,1,4,2016,,,,,1,0,1,6.77,1,2,0.0,0.0,0.0,0.0,0,1,0.13876174,0.0,0.0,0.9713321924209595,0.1665141,HIGH,0.8048180937767029,82.85714198051699,CRITICAL,Urgent stock replenishment required
FOODS_1_011_TX_2_validation,FOODS_1_011,FOODS_1,FOODS,TX_2,TX,d_1891,0,2016-04-02,11610,Saturday,1,4,2016,,,,,1,0,1,2.68,1,2,0.0,0.0,0.14285714285714285,0.37796447300922725,0,1,0.3949979,0.37796447300922725,1.65,4.414985322952271,0.4739975,HIGH,3.9409878194332126,89.26389401444035,CRITICAL,Urgent stock replenishment required
FOODS_1_001_TX_3_validation,FOODS_1_001,FOODS_1,FOODS,TX_3,TX,d_1891,1,2016-04-02,11610,Saturday,1,4,2016,,,,,1,0,1,2.24,1,2,0.0,0.0,0.2857142857142857,0.487950036474267,0,1,0.55434656,0.487950036474267,2.130140840414081,6.010566770437274,0.6652159,HIGH,5.345350860956225,88.93255935941207,CRITICAL,Urgent stock replenishment required
FOODS_1_002_CA_3_validation,FOODS_1_002,FOODS_1,FOODS,CA_3,CA,d_1891,0,2016-04-02,11610,Saturday,1,4,2016,,,,,1,0,1,9.48,1,2,3.0,1.0,0.7142857142857143,1.1126972805283737,0,1,0.6749355,1.1126972805283737,4.857468476480316,9.582017293161226,0.80992264,HIGH,8.772094657605958,91.54747261692674,CRITICAL,Urgent stock replenishment required
FOODS_1_001_CA_4_validation,FOODS_1_001,FOODS_1,FOODS,CA_4,CA,d_1891,0,2016-04-02,11610,Saturday,1,4,2016,,,,,1,0,1,2.24,1,2,1.0,0.0,0.42857142857142855,0.7867957924694432,0,1,0.67292297,0.7867957924694432,3.434748899119119,8.145209561960916,0.8075076,HIGH,7.337701987402658,90.0861043731838,CRITICAL,Urgent stock replenishment required
FOODS_1_002_WI_2_validation,FOODS_1_002,FOODS_1,FOODS,WI_2,WI,d_1891,0,2016-04-02,11610,Saturday,1,4,2016,,,,,1,0,1,9.48,1,2,0.0,1.0,0.5714285714285714,1.1338934190276817,0,1,0.579196,1.1338934190276817,4.95,9.004371833801269,0.6950352,HIGH,8.309336614608764,92.28113596349463,CRITICAL,Urgent stock replenishment required
FOODS_1_010_TX_2_validation,FOODS_1_010,FOODS_1,FOODS,TX_2,TX,d_1891,1,2016-04-02,11610,Saturday,1,4,2016,,,,,1,0,1,6.27,1,2,0.0,4.0,0.42857142857142855,0.5345224838248466,0,1,0.7793735,0.5345224838248466,2.3334523779155973,7.789066944718575,0.93524826,HIGH,6.8538186889889,87.99280758058158,CRITICAL,Urgent stock replenishment required
FOODS_1_003_CA_4_validation,FOODS_1_003,FOODS_1,FOODS,CA_4,CA,d_1891,0,2016-04-02,11610,Saturday,1,4,2016,,,,,1,0,1,3.23,1,2,0.0,0.0,0.2857142857142857,0.48795003647426666,0,1,0.4276766,0.48795003647426666,2.1301408404140796,5.123876869085344,0.5132119,HIGH,4.610664963129076,89.98391415194408,CRITICAL,Urgent stock replenishment required
FOODS_1_003_WI_3_validation,FOODS_1_003,FOODS_1,FOODS,WI_3,WI,d_1891,0,2016-04-02,11610,Saturday,1,4,2016,,,,,1,0,1,3.23,1,2,0.0,3.0,0.0,0.0,0,1,0.26781908,0.0,0.0,1.874733567237854,0.3213829,HIGH,1.5533506572246552,82.8571421758501,CRITICAL,Urgent stock replenishment required
FOODS_1_004_CA_3_validation,FOODS_1_004,FOODS_1,FOODS,CA_3,CA,d_1891,0,2016-04-02,11610,Saturday,1,4,2016,,,,,1,0,1,1.5,1,2,0.0,0.0,0.0,0.0,0,1,0.9143068,0.0,0.0,6.400147914886475,1.0971682,HIGH,5.3029797077178955,82.85714296357727,CRITICAL,Urgent stock replenishment required
FOODS_1_010_CA_3_validation,FOODS_1_010,FOODS_1,FOODS,CA_3,CA,d_1891,1,2016-04-02,11610,Saturday,1,4,2016,,,,,1,0,1,5.64,1,2,0.0,0.0,1.0,1.0000000000000002,0,1,0.7644874,1.0000000000000002,4.365489663256576,9.716901482714583,0.9173849,HIGH,8.799516560210158,90.55887389476611,CRITICAL,Urgent stock replenishment required
FOODS_1_001_WI_3_validation,FOODS_1_001,FOODS_1,FOODS,WI_3,WI,d_1891,0,2016-04-02,11610,Saturday,1,4,2016,,,,,1,0,1,2.24,1,2,1.0,0.0,0.42857142857142855,0.5345224838248488,0,1,0.67292297,0.5345224838248488,2.333452377915607,7.043913040757404,0.8075076,HIGH,6.236405466199146,88.53609393123017,CRITICAL,Urgent stock replenishment required
FOODS_1_010_CA_1_validation,FOODS_1_010,FOODS_1,FOODS,CA_1,CA,d_1891,0,2016-04-02,11610,Saturday,1,4,2016,,,,,1,0,1,5.64,1,2,0.0,0.0,0.0,0.0,0,1,0.1274507,0.0,0.0,0.8921549320220947,0.15294085,HIGH,0.7392140775918961,82.85714185499667,CRITICAL,Urgent stock replenishment required
FOODS_1_010_WI_1_validation,FOODS_1_010,FOODS_1,FOODS,WI_1,WI,d_1891,1,2016-04-02,11610,Saturday,1,4,2016,,,,,1,0,1,6.77,1,2,1.0,0.0,1.7142857142857142,2.5634797778466227,0,1,1.0151942,2.5634797778466227,11.190844472156693,18.297203953968214,1.2182331,HIGH,17.078970845447706,93.34197120180046,CRITICAL,Urgent stock replenishment required
FOODS_1_001_TX_2_validation,FOODS_1_001,FOODS_1,FOODS,TX_2,TX,d_1891,0,2016-04-02,11610,Saturday,1,4,2016,,,,,1,0,1,2.24,1,2,1.0,0.0,0.5714285714285714,1.1338934190276815,0,1,0.7234831,1.1338934190276815,4.949999999999999,10.014381599426269,0.86817974,HIGH,9.146201860904693,91.3306704972046,CRITICAL,Urgent stock replenishment required
FOODS_1_009_TX_3_validation,FOODS_1_009,FOODS_1,FOODS,TX_3,TX,d_1891,0,2016-04-02,11610,Saturday,1,4,2016,,,,,1,0,1,2.24,1,2,0.0,0.0,0.0,0.0,0,1,0.15670075,0.0,0.0,1.09690523147583,0.1880409,HIGH,0.9088643342256546,82.85714281832935,CRITICAL,Urgent stock replenishment required
FOODS_1_009_WI_2_validation,FOODS_1_009,FOODS_1,FOODS,WI_2,WI,d_1891,0,2016-04-02,11610,Saturday,1,4,2016,,,,,1,0,1,2.24,1,2,0.0,0.0,0.0,0.0,0,1,0.15670075,0.0,0.0,1.09690523147583,0.1880409,HIGH,0.9088643342256546,82.85714281832935,CRITICAL,Urgent stock replenishment required
FOODS_1_009_TX_2_validation,FOODS_1_009,FOODS_1,FOODS,TX_2,TX,d_1891,0,2016-04-02,11610,Saturday,1,4,2016,,,,,1,0,1,2.24,1,2,0.0,0.0,0.0,0.0,0,1,0.15670075,0.0,0.0,1.09690523147583,0.1880409,HIGH,0.9088643342256546,82.85714281832935,CRITICAL,Urgent stock replenishment required
FOODS_1_009_WI_3_validation,FOODS_1_009,FOODS_1,FOODS,WI_3,WI,d_1891,0,2016-04-02,11610,Saturday,1,4,2016,,,,,1,0,1,2.24,1,2,0.0,0.0,0.0,0.0,0,1,0.15670075,0.0,0.0,1.09690523147583,0.1880409,HIGH,0.9088643342256546,82.85714281832935,CRITICAL,Urgent stock replenishment required
FOODS_1_010_WI_3_validation,FOODS_1_010,FOODS_1,FOODS,WI_3,WI,d_1891,1,2016-04-02,11610,Saturday,1,4,2016,,,,,1,0,1,6.77,1,2,0.0,0.0,0.42857142857142855,0.5345224838248488,0,1,0.4832604,0.5345224838248488,2.333452377915607,5.716275129914509,0.5799125,HIGH,5.13636264622234,89.85506347206136,CRITICAL,Urgent stock replenishment required
FOODS_1_006_CA_3_validation,FOODS_1_006,FOODS_1,FOODS,CA_3,CA,d_1891,2,2016-04-02,11610,Saturday,1,4,2016,,,,,1,0,1,2.48,1,2,2.0,3.0,1.0,1.5275252316519468,0,1,1.249741,1.5275252316519468,6.668395609140179,15.41658267426469,1.4996892,HIGH,13.91689345288255,90.2722331331858,CRITICAL,Urgent stock replenishment required
FOODS_1_004_CA_4_validation,FOODS_1_004,FOODS_1,FOODS,CA_4,CA,d_1891,0,2016-04-02,11610,Saturday,1,4,2016,,,,,1,0,1,1.96,1,2,0.0,0.0,0.0,0.0,0,1,0.6666361,0.0,0.0,4.666452884674072,0.79996336,HIGH,3.86648952960968,82.85714278415423,CRITICAL,Urgent stock replenishment required
FOODS_1_005_TX_2_validation,FOODS_1_005,FOODS_1,FOODS,TX_2,TX,d_1891,0,2016-04-02,11610,Saturday,1,4,2016,,,,,1,0,1,3.54,1,2,4.0,0.0,2.857142857142857,2.1157009420498154,0,1,2.7466223,2.1157009420498154,9.236070593060665,28.462427099408323,3.2959468,HIGH,25.166480262936766,88.4200078055182,CRITICAL,Urgent stock replenishment required
FOODS_1_009_CA_2_validation,FOODS_1_009,FOODS_1,FOODS,CA_2,CA,d_1891,0,2016-04-02,11610,Saturday,1,4,2016,,,,,1,0,1,2.24,1,2,0.0,0.0,0.0,0.0,0,1,0.15670075,0.0,0.0,1.09690523147583,0.1880409,HIGH,0.9088643342256546,82.85714281832935,CRITICAL,Urgent stock replenishment required
FOODS_1_004_TX_3_validation,FOODS_1_004,FOODS_1,FOODS,TX_3,TX,d_1891,0,2016-04-02,11610,Saturday,1,4,2016,,,,,1,0,1,1.96,1,2,0.0,0.0,0.0,0.0,0,1,0.6666361,0.0,0.0,4.666452884674072,0.79996336,HIGH,3.86648952960968,82.85714278415423,CRITICAL,Urgent stock replenishment required
FOODS_1_009_CA_4_validation,FOODS_1_009,FOODS_1,FOODS,CA_4,CA,d_1891,0,2016-04-02,11610,Saturday,1,4,2016,,,,,1,0,1,2.24,1,2,0.0,0.0,0.0,0.0,0,1,0.15670075,0.0,0.0,1.09690523147583,0.1880409,HIGH,0.9088643342256546,82.85714281832935,CRITICAL,Urgent stock replenishment required
FOODS_1_004_CA_1_validation,FOODS_1_004,FOODS_1,FOODS,CA_1,CA,d_1891,0,2016-04-02,11610,Saturday,1,4,2016,,,,,1,0,1,1.96,1,2,0.0,0.0,0.0,0.0,0,1,0.6666361,0.0,0.0,4.666452884674072,0.79996336,HIGH,3.86648952960968,82.85714278415423,CRITICAL,Urgent stock replenishment required
FOODS_1_004_TX_2_validation,FOODS_1_004,FOODS_1,FOODS,TX_2,TX,d_1891,0,2016-04-02,11610,Saturday,1,4,2016,,,,,1,0,1,1.96,1,2,0.0,0.0,0.0,0.0,0,1,0.6666361,0.0,0.0,4.666452884674072,0.79996336,HIGH,3.86648952960968,82.85714278415423,CRITICAL,Urgent stock replenishment required
FOODS_1_003_TX_3_validation,FOODS_1_003,FOODS_1,FOODS,TX_3,TX,d_1891,0,2016-04-02,11610,Saturday,1,4,2016,,,,,1,0,1,3.23,1,2,0.0,0.0,0.2857142857142857,0.7559289460184545,0,1,0.47235972,0.7559289460184545,3.3,6.606518077850342,0.5668317,HIGH,6.039686369895935,91.42011417701525,CRITICAL,Urgent stock replenishment required
FOODS_1_003_WI_2_validation,FOODS_1_003,FOODS_1,FOODS,WI_2,WI,d_1891,0,2016-04-02,11610,Saturday,1,4,2016,,,,,1,0,1,3.23,1,2,0.0,1.0,0.14285714285714285,0.37796447300922725,0,1,0.42402515,0.37796447300922725,1.65,4.618176126480103,0.5088302,HIGH,4.109345936775208,88.98200987209388,CRITICAL,Urgent stock replenishment required
FOODS_1_011_CA_1_validation,FOODS_1_011,FOODS_1,FOODS,CA_1,CA,d_1891,2,2016-04-02,11610,Saturday,1,4,2016,,,,,1,0,1,2.68,1,2,0.0,6.0,1.5714285714285714,1.511857892036909,0,1,1.7414131,1.511857892036909,6.6,18.78989181518555,2.089696,HIGH,16.70019588470459,88.87861648680642,CRITICAL,Urgent stock replenishment required
FOODS_1_004_TX_1_validation,FOODS_1_004,FOODS_1,FOODS,TX_1,TX,d_1891,0,2016-04-02,11610,Saturday,1,4,2016,,,,,1,0,1,1.96,1,2,0.0,0.0,0.0,0.0,0,1,0.6666361,0.0,0.0,4.666452884674072,0.79996336,HIGH,3.86648952960968,82.85714278415423,CRITICAL,Urgent stock replenishment required
FOODS_1_008_WI_3_validation,FOODS_1_008,FOODS_1,FOODS,WI_3,WI,d_1891,1,2016-04-02,11610,Saturday,1,4,2016,,,,,1,0,1,3.54,1,2,0.0,0.0,0.0,0.0,0,1,0.16308028,0.0,0.0,1.1415619850158691,0.19569634,HIGH,0.9458656460046768,82.85714296902836,CRITICAL,Urgent stock replenishment required
FOODS_1_011_CA_4_validation,FOODS_1_011,FOODS_1,FOODS,CA_4,CA,d_1891,0,2016-04-02,11610,Saturday,1,4,2016,,,,,1,0,1,2.68,1,2,0.0,0.0,0.7142857142857143,1.253566341056017,0,1,0.7291827,1.253566341056017,5.472430904086408,10.576709945376692,0.8750193,HIGH,9.701690633471785,91.7269234343767,CRITICAL,Urgent stock replenishment required
FOODS_1_008_CA_2_validation,FOODS_1_008,FOODS_1,FOODS,CA_2,CA,d_1891,0,2016-04-02,11610,Saturday,1,4,2016,,,,,1,0,1,3.54,1,2,0.0,0.0,0.8571428571428571,0.8997354108424375,0,1,0.8275497,0.8997354108424375,3.927785635698568,9.720633269060384,0.9930597,HIGH,8.727573574293386,89.78400205748129,CRITICAL,Urgent stock replenishment required
FOODS_1_009_CA_3_validation,FOODS_1_009,FOODS_1,FOODS,CA_3,CA,d_1891,0,2016-04-02,11610,Saturday,1,4,2016,,,,,1,0,1,1.98,1,2,0.0,0.0,0.0,0.0,0,1,0.15932497,0.0,0.0,1.1152747869491577,0.19118997,HIGH,0.9240848124027252,82.8571418646131,CRITICAL,Urgent stock replenishment required
FOODS_1_002_CA_1_validation,FOODS_1_002,FOODS_1,FOODS,CA_1,CA,d_1891,0,2016-04-02,11610,Saturday,1,4,2016,,,,,1,0,1,9.48,1,2,0.0,2.0,0.14285714285714285,0.3779644730092273,0,1,0.45729306,0.3779644730092273,1.6500000000000004,4.851051473617554,0.5487517,HIGH,4.302299761772156,88.68798414467905,CRITICAL,Urgent stock replenishment required
FOODS_1_006_TX_2_validation,FOODS_1_006,FOODS_1,FOODS,TX_2,TX,d_1891,0,2016-04-02,11610,Saturday,1,4,2016,,,,,1,0,1,2.48,1,2,1.0,3.0,1.4285714285714286,1.1338934190276817,0,1,1.4843843,1.1338934190276817,4.95,15.340689849853515,1.7812612,HIGH,13.559428644180297,88.38864990357506,CRITICAL,Urgent stock replenishment required
FOODS_1_003_CA_1_validation,FOODS_1_003,FOODS_1,FOODS,CA_1,CA,d_1891,0,2016-04-02,11610,Saturday,1,4,2016,,,,,1,0,1,3.23,1,2,1.0,1.0,1.1428571428571428,1.3451854182690988,0,1,1.1211156,1.3451854182690988,5.872393038617223,13.720201876507847,1.3453387,HIGH,12.374863174306004,90.1944686068696,CRITICAL,Urgent stock replenishment required
FOODS_1_003_TX_2_validation,FOODS_1_003,FOODS_1,FOODS,TX_2,TX,d_1891,0,2016-04-02,11610,Saturday,1,4,2016,,,,,1,0,1,3.23,1,2,0.0,2.0,1.1428571428571428,1.5735915849388864,0,1,1.1619954,1.5735915849388864,6.869497798238238,15.003466151509723,1.3943945,HIGH,13.609071634564838,90.70618413862603,CRITICAL,Urgent stock replenishment required
FOODS_1_006_TX_1_validation,FOODS_1_006,FOODS_1,FOODS,TX_1,TX,d_1891,0,2016-04-02,11610,Saturday,1,4,2016,,,,,1,0,1,2.48,1,2,1.0,0.0,0.7142857142857143,0.7559289460184546,0,1,0.7439472,0.7559289460184546,3.3000000000000007,8.507630634307862,0.8927367,HIGH,7.6148939609527595,89.50663572822434,CRITICAL,Urgent stock replenishment required
FOODS_1_004_CA_2_validation,FOODS_1_004,FOODS_1,FOODS,CA_2,CA,d_1891,0,2016-04-02,11610,Saturday,1,4,2016,,,,,1,0,1,1.96,1,2,0.0,0.0,0.0,0.0,0,1,0.6666361,0.0,0.0,4.666452884674072,0.79996336,HIGH,3.86648952960968,82.85714278415423,CRITICAL,Urgent stock replenishment required
FOODS_1_001_TX_1_validation,FOODS_1_001,FOODS_1,FOODS,TX_1,TX,d_1891,0,2016-04-02,11610,Saturday,1,4,2016,,,,,1,0,1,2.24,1,2,0.0,0.0,0.0,0.0,0,1,0.15670075,0.0,0.0,1.09690523147583,0.1880409,HIGH,0.9088643342256546,82.85714281832935,CRITICAL,Urgent stock replenishment required
FOODS_1_011_WI_3_validation,FOODS_1_011,FOODS_1,FOODS,WI_3,WI,d_1891,1,2016-04-02,11610,Saturday,1,4,2016,,,,,1,0,1,2.68,1,2,0.0,0.0,0.2857142857142857,0.7559289460184545,0,1,0.52850986,0.7559289460184545,3.3,6.9995689868927,0.63421184,HIGH,6.365357148647308,90.93927298333642,CRITICAL,Urgent stock replenishment required
FOODS_1_008_CA_3_validation,FOODS_1_008,FOODS_1,FOODS,CA_3,CA,d_1891,0,2016-04-02,11610,Saturday,1,4,2016,,,,,1,0,1,3.54,1,2,0.0,0.0,0.0,0.0,0,1,0.16308028,0.0,0.0,1.1415619850158691,0.19569634,HIGH,0.9458656460046768,82.85714296902836,CRITICAL,Urgent stock replenishment required
FOODS_1_002_WI_1_validation,FOODS_1_002,FOODS_1,FOODS,WI_1,WI,d_1891,0,2016-04-02,11610,Saturday,1,4,2016,,,,,1,0,1,9.48,1,2,1.0,0.0,1.0,0.8164965809277274,0,1,0.7810926,0.8164965809277274,3.564407384124329,9.032055413451722,0.9373111,HIGH,8.094744300571016,89.62239412875236,CRITICAL,Urgent stock replenishment required
FOODS_1_001_WI_1_validation,FOODS_1_001,FOODS_1,FOODS,WI_1,WI,d_1891,0,2016-04-02,11610,Saturday,1,4,2016,,,,,1,0,1,2.24,1,2,0.0,0.0,0.7142857142857143,0.7559289460184545,0,1,0.791944,0.7559289460184545,3.3,8.843608188629151,0.9503329,HIGH,7.8932753086090095,89.25401420155575,CRITICAL,Urgent stock replenishment required
FOODS_1_006_TX_3_validation,FOODS_1_006,FOODS_1,FOODS,TX_3,TX,d_1891,1,2016-04-02,11610,Saturday,1,4,2016,,,,,1,0,1,2.48,1,2,1.0,0.0,0.5714285714285714,1.1338934190276817,0,1,0.6616307,1.1338934190276817,4.95,9.581414890289306,0.7939569,HIGH,8.78745801448822,91.7135737791111,CRITICAL,Urgent stock replenishment required
FOODS_1_010_CA_2_validation,FOODS_1_010,FOODS_1,FOODS,CA_2,CA,d_1891,0,2016-04-02,11610,Saturday,1,4,2016,,,,,1,0,1,5.64,1,2,0.0,1.0,0.0,0.0,0,1,0.21587749,0.0,0.0,1.511142373085022,0.259053,HIGH,1.2520893812179565,82.85714195557865,CRITICAL,Urgent stock replenishment required
FOODS_1_008_WI_2_validation,FOODS_1_008,FOODS_1,FOODS,WI_2,WI,d_1891,0,2016-04-02,11610,Saturday,1,4,2016,,,,,1,0,1,3.54,1,2,0.0,4.0,0.0,0.0,0,1,0.33612624,0.0,0.0,2.3528835773468018,0.40335152,HIGH,1.9495320618152618,82.85714093910357,CRITICAL,Urgent stock replenishment required
FOODS_1_006_CA_2_validation,FOODS_1_006,FOODS_1,FOODS,CA_2,CA,d_1891,0,2016-04-02,11610,Saturday,1,4,2016,,,,,1,0,1,2.48,1,2,0.0,0.0,0.0,0.0,0,1,0.11197615,0.0,0.0,0.7838330268859863,0.13437138,HIGH,0.649461641907692,82.85714171650494,CRITICAL,Urgent stock replenishment required
FOODS_1_002_WI_3_validation,FOODS_1_002,FOODS_1,FOODS,WI_3,WI,d_1891,0,2016-04-02,11610,Saturday,1,4,2016,,,,,1,0,1,9.48,1,2,0.0,0.0,0.2857142857142857,0.48795003647426666,0,1,0.39180776,0.48795003647426666,2.1301408404140796,4.87279516399196,0.47016934,HIGH,4.4026258283882465,90.35113687769845,CRITICAL,Urgent stock replenishment required
FOODS_1_011_WI_2_validation,FOODS_1_011,FOODS_1,FOODS,WI_2,WI,d_1891,0,2016-04-02,11610,Saturday,1,4,2016,,,,,1,0,1,2.68,1,2,0.0,0.0,0.5714285714285714,1.511857892036909,0,1,0.6149747,1.511857892036909,6.6,10.90482292175293,0.73796964,HIGH,10.166853284835815,93.23263071567156,CRITICAL,Urgent stock replenishment required
FOODS_1_010_CA_4_validation,FOODS_1_010,FOODS_1,FOODS,CA_4,CA,d_1891,0,2016-04-02,11610,Saturday,1,4,2016,,,,,1,0,1,5.56,1,2,0.0,0.0,0.0,0.0,0,1,0.1274507,0.0,0.0,0.8921549320220947,0.15294085,HIGH,0.7392140775918961,82.85714185499667,CRITICAL,Urgent stock replenishment required
FOODS_1_003_WI_1_validation,FOODS_1_003,FOODS_1,FOODS,WI_1,WI,d_1891,1,2016-04-02,11610,Saturday,1,4,2016,,,,,1,0,1,3.23,1,2,2.0,7.0,1.1428571428571428,0.8997354108424377,0,1,1.8955592,0.8997354108424377,3.927785635698569,17.196699858415855,2.274671,HIGH,14.922028780687583,86.77263023454425,CRITICAL,Urgent stock replenishment required
FOODS_1_008_TX_3_validation,FOODS_1_008,FOODS_1,FOODS,TX_3,TX,d_1891,0,2016-04-02,11610,Saturday,1,4,2016,,,,,1,0,1,3.54,1,2,0.0,1.0,0.0,0.0,0,1,0.24553478,0.0,0.0,1.7187434434890747,0.29464173,HIGH,1.424101710319519,82.85714285714286,CRITICAL,Urgent stock replenishment required
FOODS_1_005_WI_2_validation,FOODS_1_005,FOODS_1,FOODS,WI_2,WI,d_1891,3,2016-04-02,11610,Saturday,1,4,2016,,,,,1,0,1,3.54,1,2,4.0,4.0,1.1428571428571428,1.463850109422796,0,1,1.4754274,1.463850109422796,6.390422521242222,16.718414006837925,1.7705129,HIGH,14.947901068338474,89.40980323985696,CRITICAL,Urgent stock replenishment required
FOODS_1_006_WI_2_validation,FOODS_1_006,FOODS_1,FOODS,WI_2,WI,d_1891,1,2016-04-02,11610,Saturday,1,4,2016,,,,,1,0,1,2.48,1,2,1.0,2.0,0.5714285714285714,0.786795792469436,0,1,0.8486235,0.786795792469436,3.434748899119088,9.375113736765572,1.0183482,HIGH,8.356765519755074,89.13775079851106,CRITICAL,Urgent stock replenishment required
FOODS_1_002_CA_4_validation,FOODS_1_002,FOODS_1,FOODS,CA_4,CA,d_1891,0,2016-04-02,11610,Saturday,1,4,2016,,,,,1,0,1,9.48,1,2,1.0,0.0,0.2857142857142857,0.48795003647426666,0,1,0.39180776,0.48795003647426666,2.1301408404140796,4.87279516399196,0.47016934,HIGH,4.4026258283882465,90.35113687769845,CRITICAL,Urgent stock replenishment required
FOODS_1_001_CA_2_validation,FOODS_1_001,FOODS_1,FOODS,CA_2,CA,d_1891,0,2016-04-02,11610,Saturday,1,4,2016,,,,,1,0,1,2.24,1,2,2.0,6.0,0.42857142857142855,0.7867957924694435,0,1,1.061618,0.7867957924694435,3.434748899119121,10.866074811594707,1.2739416,HIGH,9.592133175509197,88.27597215945777,CRITICAL,Urgent stock replenishment required
FOODS_1_006_CA_1_validation,FOODS_1_006,FOODS_1,FOODS,CA_1,CA,d_1891,1,2016-04-02,11610,Saturday,1,4,2016,,,,,1,0,1,2.48,1,2,0.0,2.0,1.4285714285714286,1.2724180205607032,0,1,1.3686459,1.2724180205607032,5.5547277160991415,15.13524929965627,1.6423751,HIGH,13.492874188076375,89.1486748644623,CRITICAL,Urgent stock replenishment required
FOODS_1_005_CA_4_validation,FOODS_1_005,FOODS_1,FOODS,CA_4,CA,d_1891,1,2016-04-02,11610,Saturday,1,4,2016,,,,,1,0,1,3.54,1,2,6.0,0.0,2.2857142857142856,3.3523268393901033,0,1,1.8425581,3.3523268393901033,14.63454816521508,27.532455422295158,2.2110698,HIGH,25.321385599983756,91.96922399982921,CRITICAL,Urgent stock replenishment required
FOODS_1_006_WI_1_validation,FOODS_1_006,FOODS_1,FOODS,WI_1,WI,d_1891,1,2016-04-02,11610,Saturday,1,4,2016,,,,,1,0,1,2.48,1,2,0.0,0.0,0.2857142857142857,0.7559289460184545,0,1,0.5416059,0.7559289460184545,3.3,7.09124116897583,0.6499271,HIGH,6.441314089298248,90.83479091754752,CRITICAL,Urgent stock replenishment required
FOODS_1_008_CA_4_validation,FOODS_1_008,FOODS_1,FOODS,CA_4,CA,d_1891,3,2016-04-02,11610,Saturday,1,4,2016,,,,,1,0,1,3.54,1,2,0.0,0.0,0.14285714285714285,0.3779644730092273,0,1,0.35317084,0.3779644730092273,1.6500000000000004,4.122195863723755,0.42380503,HIGH,3.6983908355236057,89.71894974885282,CRITICAL,Urgent stock replenishment required
FOODS_1_002_TX_2_validation,FOODS_1_002,FOODS_1,FOODS,TX_2,TX,d_1891,0,2016-04-02,11610,Saturday,1,4,2016,,,,,1,0,1,9.48,1,2,1.0,0.0,0.14285714285714285,0.3779644730092273,0,1,0.34939077,0.3779644730092273,1.6500000000000004,4.0957354545593265,0.41926894,HIGH,3.6764665186405185,89.76328084246549,CRITICAL,Urgent stock replenishment required
FOODS_1_009_WI_3_validation,FOODS_1_009,FOODS_1,FOODS,WI_3,WI,d_1892,0,2016-04-03,11610,Sunday,2,4,2016,,,,,1,1,1,2.24,1,2,0.0,0.0,0.0,0.0,0,1,0.15670075,0.0,0.0,1.09690523147583,0.1880409,HIGH,0.9088643342256546,82.85714281832935,CRITICAL,Urgent stock replenishment required
FOODS_1_010_CA_1_validation,FOODS_1_010,FOODS_1,FOODS,CA_1,CA,d_1892,1,2016-04-03,11610,Sunday,2,4,2016,,,,,1,1,1,5.64,1,2,0.0,0.0,0.0,0.0,0,1,0.1274507,0.0,0.0,0.8921549320220947,0.15294085,HIGH,0.7392140775918961,82.85714185499667,CRITICAL,Urgent stock replenishment required
FOODS_1_011_WI_2_validation,FOODS_1_011,FOODS_1,FOODS,WI_2,WI,d_1892,5,2016-04-03,11610,Sunday,2,4,2016,,,,,1,1,1,2.68,1,2,0.0,0.0,0.5714285714285714,1.511857892036909,0,1,0.6149747,1.511857892036909,6.6,10.90482292175293,0.73796964,HIGH,10.166853284835815,93.23263071567156,CRITICAL,Urgent stock replenishment required
FOODS_1_005_CA_4_validation,FOODS_1_005,FOODS_1,FOODS,CA_4,CA,d_1892,0,2016-04-03,11610,Sunday,2,4,2016,,,,,1,1,1,3.54,1,2,0.0,0.0,1.5714285714285714,2.9358214555806383,0,1,1.4683586,2.9358214555806383,12.816298217504148,23.094808311193113,1.7620305,HIGH,21.332777828900937,92.37044768439064,CRITICAL,Urgent stock replenishment required
FOODS_1_008_CA_2_validation,FOODS_1_008,FOODS_1,FOODS,CA_2,CA,d_1892,1,2016-04-03,11610,Sunday,2,4,2016,,,,,1,1,1,3.54,1,2,2.0,0.0,0.8571428571428571,0.8997354108424375,0,1,0.8488937,0.8997354108424375,3.927785635698568,9.870041609514486,1.0186725,HIGH,8.85136914323641,89.6791471953259,CRITICAL,Urgent stock replenishment required
FOODS_1_010_CA_3_validation,FOODS_1_010,FOODS_1,FOODS,CA_3,CA,d_1892,0,2016-04-03,11610,Sunday,2,4,2016,,,,,1,1,1,5.64,1,2,1.0,0.0,1.1428571428571428,0.8997354108424377,0,1,0.81872743,0.8997354108424377,3.927785635698569,9.658877611864341,0.98247296,HIGH,8.676404655683768,89.82829066004764,CRITICAL,Urgent stock replenishment required
FOODS_1_005_TX_3_validation,FOODS_1_005,FOODS_1,FOODS,TX_3,TX,d_1892,0,2016-04-03,11610,Sunday,2,4,2016,,,,,1,1,1,3.54,1,2,1.0,1.0,1.5714285714285714,1.133893419027682,0,1,1.4947903,1.133893419027682,4.950000000000001,15.413532447814942,1.7937485,HIGH,13.61978394985199,88.3625086978862,CRITICAL,Urgent stock replenishment required
FOODS_1_008_WI_2_validation,FOODS_1_008,FOODS_1,FOODS,WI_2,WI,d_1892,0,2016-04-03,11610,Sunday,2,4,2016,,,,,1,1,1,3.54,1,2,0.0,0.0,0.0,0.0,0,1,0.16308028,0.0,0.0,1.1415619850158691,0.19569634,HIGH,0.9458656460046768,82.85714296902836,CRITICAL,Urgent stock replenishment required
FOODS_1_005_TX_1_validation,FOODS_1_005,FOODS_1,FOODS,TX_1,TX,d_1892,3,2016-04-03,11610,Sunday,2,4,2016,,,,,1,1,1,3.54,1,2,5.0,2.0,1.2857142857142858,1.799470821684875,0,1,1.2982352,1.799470821684875,7.855571271397136,16.943217755772135,1.5578823,HIGH,15.385335446812174,90.80527482196096,CRITICAL,Urgent stock replenishment required
FOODS_1_010_WI_2_validation,FOODS_1_010,FOODS_1,FOODS,WI_2,WI,d_1892,0,2016-04-03,11610,Sunday,2,4,2016,,,,,1,1,1,6.77,1,2,0.0,2.0,0.0,0.0,0,1,0.27496606,0.0,0.0,1.924762487411499,0.32995927,HIGH,1.5948032140731812,82.85714338801039,CRITICAL,Urgent stock replenishment required
FOODS_1_009_CA_4_validation,FOODS_1_009,FOODS_1,FOODS,CA_4,CA,d_1892,0,2016-04-03,11610,Sunday,2,4,2016,,,,,1,1,1,2.24,1,2,0.0,0.0,0.0,0.0,0,1,0.15670075,0.0,0.0,1.09690523147583,0.1880409,HIGH,0.9088643342256546,82.85714281832935,CRITICAL,Urgent stock replenishment required
FOODS_1_008_CA_1_validation,FOODS_1_008,FOODS_1,FOODS,CA_1,CA,d_1892,0,2016-04-03,11610,Sunday,2,4,2016,,,,,1,1,1,3.54,1,2,0.0,0.0,0.2857142857142857,0.4879500364742667,0,1,0.4277744,0.4879500364742667,2.1301408404140796,5.124561607244524,0.5133293,HIGH,4.611232280138048,89.98296114967592,CRITICAL,Urgent stock replenishment required
FOODS_1_011_WI_3_validation,FOODS_1_011,FOODS_1,FOODS,WI_3,WI,d_1892,2,2016-04-03,11610,Sunday,2,4,2016,,,,,1,1,1,2.68,1,2,0.0,0.0,0.42857142857142855,0.7867957924694432,0,1,0.5877477,0.7867957924694432,3.434748899119119,7.548982869761209,0.70529723,HIGH,6.843685638087015,90.6570561379946,CRITICAL,Urgent stock replenishment required
FOODS_1_011_CA_4_validation,FOODS_1_011,FOODS_1,FOODS,CA_4,CA,d_1892,1,2016-04-03,11610,Sunday,2,4,2016,,,,,1,1,1,2.68,1,2,0.0,0.0,0.7142857142857143,1.253566341056017,0,1,0.7291827,1.253566341056017,5.472430904086408,10.576709945376692,0.8750193,HIGH,9.701690633471785,91.7269234343767,CRITICAL,Urgent stock replenishment required
FOODS_1_002_TX_2_validation,FOODS_1_002,FOODS_1,FOODS,TX_2,TX,d_1892,0,2016-04-03,11610,Sunday,2,4,2016,,,,,1,1,1,9.48,1,2,0.0,0.0,0.0,0.0,0,1,0.13876174,0.0,0.0,0.9713321924209595,0.1665141,HIGH,0.8048180937767029,82.85714198051699,CRITICAL,Urgent stock replenishment required
FOODS_1_010_CA_4_validation,FOODS_1_010,FOODS_1,FOODS,CA_4,CA,d_1892,0,2016-04-03,11610,Sunday,2,4,2016,,,,,1,1,1,5.56,1,2,0.0,0.0,0.0,0.0,0,1,0.1274507,0.0,0.0,0.8921549320220947,0.15294085,HIGH,0.7392140775918961,82.85714185499667,CRITICAL,Urgent stock replenishment required
FOODS_1_003_WI_2_validation,FOODS_1_003,FOODS_1,FOODS,WI_2,WI,d_1892,0,2016-04-03,11610,Sunday,2,4,2016,,,,,1,1,1,3.23,1,2,0.0,0.0,0.14285714285714285,0.37796447300922725,0,1,0.3529943,0.37796447300922725,1.65,4.120960140228272,0.42359316,HIGH,3.6973669767379764,89.721007991433,CRITICAL,Urgent stock replenishment required
FOODS_1_011_TX_3_validation,FOODS_1_011,FOODS_1,FOODS,TX_3,TX,d_1892,1,2016-04-03,11610,Sunday,2,4,2016,,,,,1,1,1,2.68,1,2,0.0,4.0,0.14285714285714285,0.37796447300922725,0,1,0.632915,0.37796447300922725,1.65,6.080405139923096,0.75949806,HIGH,5.320907080173493,87.50908792634813,CRITICAL,Urgent stock replenishment required
FOODS_1_009_TX_1_validation,FOODS_1_009,FOODS_1,FOODS,TX_1,TX,d_1892,0,2016-04-03,11610,Sunday,2,4,2016,,,,,1,1,1,2.24,1,2,0.0,0.0,0.0,0.0,0,1,0.15670075,0.0,0.0,1.09690523147583,0.1880409,HIGH,0.9088643342256546,82.85714281832935,CRITICAL,Urgent stock replenishment required
FOODS_1_005_WI_1_validation,FOODS_1_005,FOODS_1,FOODS,WI_1,WI,d_1892,2,2016-04-03,11610,Sunday,2,4,2016,,,,,1,1,1,3.54,1,2,2.0,3.0,1.4285714285714286,1.3972762620115415,0,1,1.4921405,1.3972762620115415,6.09979507852517,16.54477856088601,1.7905687,HIGH,14.754209851512535,89.17743925804719,CRITICAL,Urgent stock replenishment required
FOODS_1_002_WI_2_validation,FOODS_1_002,FOODS_1,FOODS,WI_2,WI,d_1892,0,2016-04-03,11610,Sunday,2,4,2016,,,,,1,1,1,9.48,1,2,0.0,2.0,0.5714285714285714,1.1338934190276817,0,1,0.70941824,1.1338934190276817,4.95,9.915927600860595,0.8513019,HIGH,9.064625692367553,91.41480310506545,CRITICAL,Urgent stock replenishment required
FOODS_1_010_TX_1_validation,FOODS_1_010,FOODS_1,FOODS,TX_1,TX,d_1892,0,2016-04-03,11610,Sunday,2,4,2016,,,,,1,1,1,6.27,1,2,2.0,0.0,0.8571428571428571,0.6900655593423543,0,1,0.62922204,0.6900655593423543,3.012474066278414,7.417028433343844,0.75506645,HIGH,6.661961978933291,89.81982526835017,CRITICAL,Urgent stock replenishment required
FOODS_1_009_WI_1_validation,FOODS_1_009,FOODS_1,FOODS,WI_1,WI,d_1892,0,2016-04-03,11610,Sunday,2,4,2016,,,,,1,1,1,2.24,1,2,0.0,0.0,0.0,0.0,0,1,0.15670075,0.0,0.0,1.09690523147583,0.1880409,HIGH,0.9088643342256546,82.85714281832935,CRITICAL,Urgent stock replenishment required
FOODS_1_003_CA_1_validation,FOODS_1_003,FOODS_1,FOODS,CA_1,CA,d_1892,0,2016-04-03,11610,Sunday,2,4,2016,,,,,1,1,1,3.23,1,2,1.0,1.0,1.0,1.4142135623730951,0,1,1.038106,1.4142135623730951,6.173734688177003,13.440476440801515,1.2457272,HIGH,12.194749259366883,90.73152512917657,CRITICAL,Urgent stock replenishment required
FOODS_1_011_WI_1_validation,FOODS_1_011,FOODS_1,FOODS,WI_1,WI,d_1892,0,2016-04-03,11610,Sunday,2,4,2016,,,,,1,1,1,2.68,1,2,0.0,1.0,1.1428571428571428,1.6761634196950514,0,1,1.0552441,1.6761634196950514,7.317274082607539,14.703982819027217,1.2662929,HIGH,13.437689889377864,91.38809569329239,CRITICAL,Urgent stock replenishment required
FOODS_1_011_TX_2_validation,FOODS_1_011,FOODS_1,FOODS,TX_2,TX,d_1892,0,2016-04-03,11610,Sunday,2,4,2016,,,,,1,1,1,2.68,1,2,0.0,0.0,0.14285714285714285,0.37796447300922725,0,1,0.3949979,0.37796447300922725,1.65,4.414985322952271,0.4739975,HIGH,3.9409878194332126,89.26389401444035,CRITICAL,Urgent stock replenishment required
FOODS_1_001_WI_3_validation,FOODS_1_001,FOODS_1,FOODS,WI_3,WI,d_1892,0,2016-04-03,11610,Sunday,2,4,2016,,,,,1,1,1,2.24,1,2,0.0,0.0,0.2857142857142857,0.48795003647426666,0,1,0.55434656,0.48795003647426666,2.1301408404140796,6.010566770437273,0.6652159,HIGH,5.345350860956224,88.93255935941207,CRITICAL,Urgent stock replenishment required
FOODS_1_002_CA_4_validation,FOODS_1_002,FOODS_1,FOODS,CA_4,CA,d_1892,0,2016-04-03,11610,Sunday,2,4,2016,,,,,1,1,1,9.48,1,2,0.0,0.0,0.14285714285714285,0.3779644730092273,0,1,0.34939077,0.3779644730092273,1.6500000000000004,4.0957354545593265,0.41926894,HIGH,3.6764665186405185,89.76328084246549,CRITICAL,Urgent stock replenishment required
FOODS_1_008_WI_1_validation,FOODS_1_008,FOODS_1,FOODS,WI_1,WI,d_1892,1,2016-04-03,11610,Sunday,2,4,2016,,,,,1,1,1,3.54,1,2,0.0,0.0,0.14285714285714285,0.377964473009228,0,1,0.35317084,0.377964473009228,1.6500000000000032,4.122195863723758,0.42380503,HIGH,3.6983908355236084,89.71894974885282,CRITICAL,Urgent stock replenishment required
FOODS_1_010_WI_1_validation,FOODS_1_010,FOODS_1,FOODS,WI_1,WI,d_1892,0,2016-04-03,11610,Sunday,2,4,2016,,,,,1,1,1,6.77,1,2,1.0,3.0,1.7142857142857142,2.5634797778466227,0,1,1.2761029,2.5634797778466227,11.190844472156693,20.123564656482863,1.5313236,HIGH,18.59224110435121,92.39039614366567,CRITICAL,Urgent stock replenishment required
FOODS_1_009_CA_2_validation,FOODS_1_009,FOODS_1,FOODS,CA_2,CA,d_1892,0,2016-04-03,11610,Sunday,2,4,2016,,,,,1,1,1,2.24,1,2,0.0,0.0,0.0,0.0,0,1,0.15670075,0.0,0.0,1.09690523147583,0.1880409,HIGH,0.9088643342256546,82.85714281832935,CRITICAL,Urgent stock replenishment required
FOODS_1_001_TX_3_validation,FOODS_1_001,FOODS_1,FOODS,TX_3,TX,d_1892,1,2016-04-03,11610,Sunday,2,4,2016,,,,,1,1,1,2.24,1,2,1.0,0.0,0.42857142857142855,0.534522483824849,0,1,0.67292297,0.534522483824849,2.333452377915608,7.043913040757404,0.8075076,HIGH,6.236405466199146,88.53609393123017,CRITICAL,Urgent stock replenishment required
FOODS_1_002_CA_3_validation,FOODS_1_002,FOODS_1,FOODS,CA_3,CA,d_1892,0,2016-04-03,11610,Sunday,2,4,2016,,,,,1,1,1,9.48,1,2,1.0,1.0,0.2857142857142857,0.4879500364742667,0,1,0.4778806,0.4879500364742667,2.1301408404140796,5.47530513942531,0.57345676,HIGH,4.901848375204119,89.52648757250118,CRITICAL,Urgent stock replenishment required
FOODS_1_009_TX_3_validation,FOODS_1_009,FOODS_1,FOODS,TX_3,TX,d_1892,0,2016-04-03,11610,Sunday,2,4,2016,,,,,1,1,1,2.24,1,2,0.0,0.0,0.0,0.0,0,1,0.15670075,0.0,0.0,1.09690523147583,0.1880409,HIGH,0.9088643342256546,82.85714281832935,CRITICAL,Urgent stock replenishment required
FOODS_1_010_WI_3_validation,FOODS_1_010,FOODS_1,FOODS,WI_3,WI,d_1892,0,2016-04-03,11610,Sunday,2,4,2016,,,,,1,1,1,6.77,1,2,1.0,0.0,0.5714285714285714,0.5345224838248488,0,1,0.530647,0.5345224838248488,2.333452377915607,6.047981176972614,0.6367764,HIGH,5.411204789281117,89.47125711773059,CRITICAL,Urgent stock replenishment required
FOODS_1_004_CA_2_validation,FOODS_1_004,FOODS_1,FOODS,CA_2,CA,d_1892,0,2016-04-03,11610,Sunday,2,4,2016,,,,,1,1,1,1.96,1,2,0.0,0.0,0.0,0.0,0,1,0.6666361,0.0,0.0,4.666452884674072,0.79996336,HIGH,3.86648952960968,82.85714278415423,CRITICAL,Urgent stock replenishment required
FOODS_1_008_TX_3_validation,FOODS_1_008,FOODS_1,FOODS,TX_3,TX,d_1892,1,2016-04-03,11610,Sunday,2,4,2016,,,,,1,1,1,3.54,1,2,0.0,0.0,0.0,0.0,0,1,0.16308028,0.0,0.0,1.1415619850158691,0.19569634,HIGH,0.9458656460046768,82.85714296902836,CRITICAL,Urgent stock replenishment required
FOODS_1_003_TX_3_validation,FOODS_1_003,FOODS_1,FOODS,TX_3,TX,d_1892,0,2016-04-03,11610,Sunday,2,4,2016,,,,,1,1,1,3.23,1,2,2.0,0.0,0.2857142857142857,0.7559289460184545,0,1,0.48158166,0.7559289460184545,3.3,6.671071577072143,0.577898,HIGH,6.093173551559448,91.33725341069825,CRITICAL,Urgent stock replenishment required
FOODS_1_001_CA_1_validation,FOODS_1_001,FOODS_1,FOODS,CA_1,CA,d_1892,0,2016-04-03,11610,Sunday,2,4,2016,,,,,1,1,1,2.24,1,2,0.0,0.0,1.1428571428571428,1.4638501094228,0,1,1.0400832,1.4638501094228,6.390422521242239,13.671004949220755,1.2480998,HIGH,12.422905145296195,90.87046044851515,CRITICAL,Urgent stock replenishment required
FOODS_1_006_TX_3_validation,FOODS_1_006,FOODS_1,FOODS,TX_3,TX,d_1892,0,2016-04-03,11610,Sunday,2,4,2016,,,,,1,1,1,2.48,1,2,0.0,0.0,0.5714285714285714,1.1338934190276817,0,1,0.65092814,1.1338934190276817,4.95,9.50649709701538,0.7811138,HIGH,8.725383293628692,91.78336883275414,CRITICAL,Urgent stock replenishment required
FOODS_1_008_WI_3_validation,FOODS_1_008,FOODS_1,FOODS,WI_3,WI,d_1892,0,2016-04-03,11610,Sunday,2,4,2016,,,,,1,1,1,3.54,1,2,0.0,0.0,0.14285714285714285,0.37796447300922725,0,1,0.35317084,0.37796447300922725,1.65,4.122195863723755,0.42380503,HIGH,3.6983908355236057,89.71894974885282,CRITICAL,Urgent stock replenishment required
FOODS_1_004_CA_3_validation,FOODS_1_004,FOODS_1,FOODS,CA_3,CA,d_1892,0,2016-04-03,11610,Sunday,2,4,2016,,,,,1,1,1,1.5,1,2,0.0,0.0,0.0,0.0,0,1,0.9143068,0.0,0.0,6.400147914886475,1.0971682,HIGH,5.3029797077178955,82.85714296357727,CRITICAL,Urgent stock replenishment required
FOODS_1_011_TX_1_validation,FOODS_1_011,FOODS_1,FOODS,TX_1,TX,d_1892,0,2016-04-03,11610,Sunday,2,4,2016,,,,,1,1,1,2.68,1,2,2.0,1.0,0.7142857142857143,0.7559289460184544,0,1,0.82001466,0.7559289460184544,3.3,9.040102767944337,0.9840176,HIGH,8.05608515739441,89.11497318327847,CRITICAL,Urgent stock replenishment required
FOODS_1_006_CA_4_validation,FOODS_1_006,FOODS_1,FOODS,CA_4,CA,d_1892,1,2016-04-03,11610,Sunday,2,4,2016,,,,,1,1,1,2.48,1,2,0.0,2.0,1.1428571428571428,1.6761634196950521,0,1,1.1402802,1.6761634196950521,7.317274082607541,15.299235809749874,1.3683363,HIGH,13.930899489826473,91.0561786422601,CRITICAL,Urgent stock replenishment required
FOODS_1_002_WI_1_validation,FOODS_1_002,FOODS_1,FOODS,WI_1,WI,d_1892,1,2016-04-03,11610,Sunday,2,4,2016,,,,,1,1,1,9.48,1,2,2.0,2.0,0.8571428571428571,0.8997354108424388,0,1,0.8649679,0.8997354108424388,3.927785635698574,9.982560873735682,1.0379615,HIGH,8.944599390733973,89.60225240666844,CRITICAL,Urgent stock replenishment required
FOODS_1_005_WI_3_validation,FOODS_1_005,FOODS_1,FOODS,WI_3,WI,d_1892,0,2016-04-03,11610,Sunday,2,4,2016,,,,,1,1,1,3.54,1,2,2.0,2.0,1.0,1.0000000000000007,0,1,1.174187,1.0000000000000007,4.365489663256577,12.584798516405991,1.4090244,HIGH,11.175774158610276,88.80375910699833,CRITICAL,Urgent stock replenishment required
FOODS_1_006_WI_2_validation,FOODS_1_006,FOODS_1,FOODS,WI_2,WI,d_1892,0,2016-04-03,11610,Sunday,2,4,2016,,,,,1,1,1,2.48,1,2,0.0,0.0,0.5714285714285714,0.786795792469436,0,1,0.66373366,0.786795792469436,3.434748899119088,8.080884706156441,0.7964804,HIGH,7.284404288904854,90.14364829825148,CRITICAL,Urgent stock replenishment required
FOODS_1_006_TX_2_validation,FOODS_1_006,FOODS_1,FOODS,TX_2,TX,d_1892,1,2016-04-03,11610,Sunday,2,4,2016,,,,,1,1,1,2.48,1,2,3.0,2.0,1.2857142857142858,1.2535663410560174,0,1,1.2916529,1.2535663410560174,5.4724309040864085,14.514001567538557,1.5499836,HIGH,12.964017946894941,89.32076992391784,CRITICAL,Urgent stock replenishment required
FOODS_1_004_WI_2_validation,FOODS_1_004,FOODS_1,FOODS,WI_2,WI,d_1892,0,2016-04-03,11610,Sunday,2,4,2016,,,,,1,1,1,1.96,1,2,0.0,0.0,0.0,7.389734084383283e-07,0,1,0.6799239,7.389734084383283e-07,3.2259807759590005e-06,4.759470350919741,0.81590873,HIGH,3.943561620889681,82.85715279490312,CRITICAL,Urgent stock replenishment required
FOODS_1_006_CA_1_validation,FOODS_1_006,FOODS_1,FOODS,CA_1,CA,d_1892,2,2016-04-03,11610,Sunday,2,4,2016,,,,,1,1,1,2.48,1,2,1.0,1.0,1.5714285714285714,1.1338934190276813,0,1,1.4005431,1.1338934190276813,4.9499999999999975,14.753801536560056,1.6806518,HIGH,13.07314975261688,88.60868651527876,CRITICAL,Urgent stock replenishment required
FOODS_1_001_CA_2_validation,FOODS_1_001,FOODS_1,FOODS,CA_2,CA,d_1892,0,2016-04-03,11610,Sunday,2,4,2016,,,,,1,1,1,2.24,1,2,1.0,0.0,0.14285714285714285,0.37796447300922825,0,1,0.46948412,0.37796447300922825,1.6500000000000044,4.936388874053959,0.56338096,HIGH,4.373007917404179,88.58718445763148,CRITICAL,Urgent stock replenishment required
FOODS_1_006_WI_1_validation,FOODS_1_006,FOODS_1,FOODS,WI_1,WI,d_1892,6,2016-04-03,11610,Sunday,2,4,2016,,,,,1,1,1,2.48,1,2,0.0,0.0,0.42857142857142855,0.7867957924694432,0,1,0.60798174,0.7867957924694432,3.434748899119119,7.690621148722391,0.72957814,HIGH,6.961043011324625,90.51340427139662,CRITICAL,Urgent stock replenishment required
FOODS_1_002_CA_1_validation,FOODS_1_002,FOODS_1,FOODS,CA_1,CA,d_1892,0,2016-04-03,11610,Sunday,2,4,2016,,,,,1,1,1,9.48,1,2,0.0,0.0,0.14285714285714285,0.3779644730092273,0,1,0.34939077,0.3779644730092273,1.6500000000000004,4.0957354545593265,0.41926894,HIGH,3.6764665186405185,89.76328084246549,CRITICAL,Urgent stock replenishment required
FOODS_1_003_CA_4_validation,FOODS_1_003,FOODS_1,FOODS,CA_4,CA,d_1892,0,2016-04-03,11610,Sunday,2,4,2016,,,,,1,1,1,3.23,1,2,0.0,0.0,0.2857142857142857,0.48795003647426666,0,1,0.4276766,0.48795003647426666,2.1301408404140796,5.123876869085344,0.5132119,HIGH,4.610664963129076,89.98391415194408,CRITICAL,Urgent stock replenishment required
FOODS_1_003_WI_1_validation,FOODS_1_003,FOODS_1,FOODS,WI_1,WI,d_1892,1,2016-04-03,11610,Sunday,2,4,2016,,,,,1,1,1,3.23,1,2,1.0,1.0,1.0,0.8164965809277265,0,1,1.0788513,0.8164965809277265,3.564407384124325,11.116366898742244,1.2946217,HIGH,9.821745192733333,88.35391348808945,CRITICAL,Urgent stock replenishment required
FOODS_1_003_WI_3_validation,FOODS_1_003,FOODS_1,FOODS,WI_3,WI,d_1892,0,2016-04-03,11610,Sunday,2,4,2016,,,,,1,1,1,3.23,1,2,0.0,0.0,0.0,0.0,0,1,0.11684294,0.0,0.0,0.8179005980491638,0.14021154,HIGH,0.6776890605688095,82.85714207633747,CRITICAL,Urgent stock replenishment required
FOODS_1_001_CA_3_validation,FOODS_1_001,FOODS_1,FOODS,CA_3,CA,d_1892,0,2016-04-03,11610,Sunday,2,4,2016,,,,,1,1,1,2.24,1,2,0.0,1.0,0.2857142857142857,0.48795003647427043,0,1,0.61160254,0.48795003647427043,2.130140840414096,6.411358415487339,0.7339231,HIGH,5.677435337904026,88.55276791560364,CRITICAL,Urgent stock replenishment required
FOODS_1_001_CA_4_validation,FOODS_1_001,FOODS_1,FOODS,CA_4,CA,d_1892,0,2016-04-03,11610,Sunday,2,4,2016,,,,,1,1,1,2.24,1,2,0.0,0.0,0.2857142857142857,0.7559289460184544,0,1,0.59106404,0.7559289460184544,3.3,7.437448310852051,0.70927685,HIGH,6.728171455860138,90.46343819348634,CRITICAL,Urgent stock replenishment required
FOODS_1_005_CA_2_validation,FOODS_1_005,FOODS_1,FOODS,CA_2,CA,d_1892,6,2016-04-03,11610,Sunday,2,4,2016,,,,,1,1,1,3.54,1,2,1.0,6.0,6.142857142857143,6.517376042257381,0,1,4.667902,6.517376042257381,28.45153774403064,61.12685360096424,5.6014824,HIGH,55.52537120960682,90.83629851468575,CRITICAL,Urgent stock replenishment required
FOODS_1_010_TX_2_validation,FOODS_1_010,FOODS_1,FOODS,TX_2,TX,d_1892,2,2016-04-03,11610,Sunday,2,4,2016,,,,,1,1,1,6.27,1,2,0.0,1.0,0.5714285714285714,0.5345224838248466,0,1,0.6361261,0.5345224838248466,2.3334523779155973,6.78633514463923,0.7633514,HIGH,6.022983763814187,88.75164039860246,CRITICAL,Urgent stock replenishment required
FOODS_1_008_CA_3_validation,FOODS_1_008,FOODS_1,FOODS,CA_3,CA,d_1892,0,2016-04-03,11610,Sunday,2,4,2016,,,,,1,1,1,3.54,1,2,0.0,0.0,0.0,0.0,0,1,0.16308028,0.0,0.0,1.1415619850158691,0.19569634,HIGH,0.9458656460046768,82.85714296902836,CRITICAL,Urgent stock replenishment required
FOODS_1_001_WI_1_validation,FOODS_1_001,FOODS_1,FOODS,WI_1,WI,d_1892,0,2016-04-03,11610,Sunday,2,4,2016,,,,,1,1,1,2.24,1,2,2.0,0.0,0.7142857142857143,0.7559289460184545,0,1,0.79155177,0.7559289460184545,3.3,8.840862560272218,0.9498622,HIGH,7.891000378131867,89.2560010331039,CRITICAL,Urgent stock replenishment required
FOODS_1_008_CA_4_validation,FOODS_1_008,FOODS_1,FOODS,CA_4,CA,d_1892,0,2016-04-03,11610,Sunday,2,4,2016,,,,,1,1,1,3.54,1,2,0.0,0.0,0.5714285714285714,1.133893419027682,0,1,0.62636805,1.133893419027682,4.950000000000001,9.334576320648194,0.7516417,HIGH,8.582934629917146,91.94776854447686,CRITICAL,Urgent stock replenishment required
FOODS_1_005_WI_2_validation,FOODS_1_005,FOODS_1,FOODS,WI_2,WI,d_1892,2,2016-04-03,11610,Sunday,2,4,2016,,,,,1,1,1,3.54,1,2,2.0,6.0,1.0,1.1547005383792468,0,1,1.475336,1.1547005383792468,5.040833264451403,15.368184834580799,1.7704033,HIGH,13.597781568627735,88.48007565623898,CRITICAL,Urgent stock replenishment required
FOODS_1_004_TX_1_validation,FOODS_1_004,FOODS_1,FOODS,TX_1,TX,d_1892,0,2016-04-03,11610,Sunday,2,4,2016,,,,,1,1,1,1.96,1,2,0.0,0.0,0.0,0.0,0,1,0.6666361,0.0,0.0,4.666452884674072,0.79996336,HIGH,3.86648952960968,82.85714278415423,CRITICAL,Urgent stock replenishment required
FOODS_1_004_CA_1_validation,FOODS_1_004,FOODS_1,FOODS,CA_1,CA,d_1892,0,2016-04-03,11610,Sunday,2,4,2016,,,,,1,1,1,1.96,1,2,0.0,0.0,0.0,0.0,0,1,0.6666361,0.0,0.0,4.666452884674072,0.79996336,HIGH,3.86648952960968,82.85714278415423,CRITICAL,Urgent stock replenishment required
FOODS_1_006_TX_1_validation,FOODS_1_006,FOODS_1,FOODS,TX_1,TX,d_1892,0,2016-04-03,11610,Sunday,2,4,2016,,,,,1,1,1,2.48,1,2,2.0,0.0,0.5714285714285714,0.7867957924694432,0,1,0.6633414,0.7867957924694432,3.434748899119119,8.078138600962381,0.7960097,HIGH,7.282128881590586,90.14612451342487,CRITICAL,Urgent stock replenishment required
FOODS_1_002_TX_1_validation,FOODS_1_002,FOODS_1,FOODS,TX_1,TX,d_1892,0,2016-04-03,11610,Sunday,2,4,2016,,,,,1,1,1,9.48,1,2,0.0,0.0,0.0,0.0,0,1,0.13876174,0.0,0.0,0.9713321924209595,0.1665141,HIGH,0.8048180937767029,82.85714198051699,CRITICAL,Urgent stock replenishment required
FOODS_1_003_CA_2_validation,FOODS_1_003,FOODS_1,FOODS,CA_2,CA,d_1892,1,2016-04-03,11610,Sunday,2,4,2016,,,,,1,1,1,3.23,1,2,0.0,3.0,1.0,2.23606797749979,0,1,1.3267138,2.23606797749979,9.761531642114367,19.04852848354503,1.5920566,HIGH,17.4564718515031,91.64210173285973,CRITICAL,Urgent stock replenishment required
FOODS_1_005_CA_1_validation,FOODS_1_005,FOODS_1,FOODS,CA_1,CA,d_1892,0,2016-04-03,11610,Sunday,2,4,2016,,,,,1,1,1,3.54,1,2,3.0,0.0,1.1428571428571428,1.3451854182690914,0,1,1.0811808,1.3451854182690914,5.87239303861719,13.440658953534182,1.297417,HIGH,12.143241908894595,90.34707264632709,CRITICAL,Urgent stock replenishment required
FOODS_1_006_CA_3_validation,FOODS_1_006,FOODS_1,FOODS,CA_3,CA,d_1892,0,2016-04-03,11610,Sunday,2,4,2016,,,,,1,1,1,2.48,1,2,4.0,1.0,1.0,1.5275252316519468,0,1,1.0235618,1.5275252316519468,6.668395609140179,13.8333283369539,1.2282742,HIGH,12.60505411076524,91.12090600128757,CRITICAL,Urgent stock replenishment required
FOODS_1_009_WI_2_validation,FOODS_1_009,FOODS_1,FOODS,WI_2,WI,d_1892,0,2016-04-03,11610,Sunday,2,4,2016,,,,,1,1,1,2.24,1,2,0.0,0.0,0.0,0.0,0,1,0.15670075,0.0,0.0,1.09690523147583,0.1880409,HIGH,0.9088643342256546,82.85714281832935,CRITICAL,Urgent stock replenishment required
FOODS_1_008_TX_1_validation,FOODS_1_008,FOODS_1,FOODS,TX_1,TX,d_1892,0,2016-04-03,11610,Sunday,2,4,2016,,,,,1,1,1,3.54,1,2,0.0,0.0,0.0,0.0,0,1,0.16308028,0.0,0.0,1.1415619850158691,0.19569634,HIGH,0.9458656460046768,82.85714296902836,CRITICAL,Urgent stock replenishment required
FOODS_1_009_TX_2_validation,FOODS_1_009,FOODS_1,FOODS,TX_2,TX,d_1892,0,2016-04-03,11610,Sunday,2,4,2016,,,,,1,1,1,2.24,1,2,0.0,0.0,0.0,0.0,0,1,0.15670075,0.0,0.0,1.09690523147583,0.1880409,HIGH,0.9088643342256546,82.85714281832935,CRITICAL,Urgent stock replenishment required
FOODS_1_011_CA_3_validation,FOODS_1_011,FOODS_1,FOODS,CA_3,CA,d_1892,3,2016-04-03,11610,Sunday,2,4,2016,,,,,1,1,1,2.68,1,2,3.0,0.0,2.2857142857142856,1.1126972805283708,0,1,1.9971504,1.1126972805283708,4.857468476480303,18.83752142447835,2.3965807,HIGH,16.440940728372393,87.27762192221462,CRITICAL,Urgent stock replenishment required
FOODS_1_003_CA_3_validation,FOODS_1_003,FOODS_1,FOODS,CA_3,CA,d_1892,1,2016-04-03,11610,Sunday,2,4,2016,,,,,1,1,1,3.23,1,2,1.0,3.0,1.1428571428571428,1.0690449676496976,0,1,1.3774194,1.0690449676496976,4.666904755831214,14.308840104341957,1.6529033,HIGH,12.655936785936806,88.44837662345822,CRITICAL,Urgent stock replenishment required
FOODS_1_003_TX_1_validation,FOODS_1_003,FOODS_1,FOODS,TX_1,TX,d_1892,1,2016-04-03,11610,Sunday,2,4,2016,,,,,1,1,1,3.23,1,2,1.0,1.0,0.14285714285714285,0.37796447300922714,0,1,0.4273425,0.37796447300922714,1.6499999999999997,4.641397619247436,0.512811,HIGH,4.128586614131927,88.95136665324836,CRITICAL,Urgent stock replenishment required
FOODS_1_008_TX_2_validation,FOODS_1_008,FOODS_1,FOODS,TX_2,TX,d_1892,0,2016-04-03,11610,Sunday,2,4,2016,,,,,1,1,1,3.54,1,2,0.0,0.0,0.0,0.0,0,1,0.16308028,0.0,0.0,1.1415619850158691,0.19569634,HIGH,0.9458656460046768,82.85714296902836,CRITICAL,Urgent stock replenishment required
FOODS_1_004_TX_2_validation,FOODS_1_004,FOODS_1,FOODS,TX_2,TX,d_1892,0,2016-04-03,11610,Sunday,2,4,2016,,,,,1,1,1,1.96,1,2,0.0,0.0,0.0,0.0,0,1,0.6666361,0.0,0.0,4.666452884674072,0.79996336,HIGH,3.86648952960968,82.85714278415423,CRITICAL,Urgent stock replenishment required
FOODS_1_004_WI_1_validation,FOODS_1_004,FOODS_1,FOODS,WI_1,WI,d_1892,0,2016-04-03,11610,Sunday,2,4,2016,,,,,1,1,1,1.96,1,2,0.0,0.0,0.0,0.0,0,1,0.6666361,0.0,0.0,4.666452884674072,0.79996336,HIGH,3.86648952960968,82.85714278415423,CRITICAL,Urgent stock replenishment required
FOODS_1_009_CA_1_validation,FOODS_1_009,FOODS_1,FOODS,CA_1,CA,d_1892,0,2016-04-03,11610,Sunday,2,4,2016,,,,,1,1,1,2.24,1,2,0.0,0.0,0.0,0.0,0,1,0.15670075,0.0,0.0,1.09690523147583,0.1880409,HIGH,0.9088643342256546,82.85714281832935,CRITICAL,Urgent stock replenishment required
FOODS_1_006_CA_2_validation,FOODS_1_006,FOODS_1,FOODS,CA_2,CA,d_1892,0,2016-04-03,11610,Sunday,2,4,2016,,,,,1,1,1,2.48,1,2,0.0,1.0,0.0,0.0,0,1,0.20431413,0.0,0.0,1.4301989078521729,0.24517696,HIGH,1.1850219517946243,82.85714282737445,CRITICAL,Urgent stock replenishment required
FOODS_1_004_CA_4_validation,FOODS_1_004,FOODS_1,FOODS,CA_4,CA,d_1892,0,2016-04-03,11610,Sunday,2,4,2016,,,,,1,1,1,1.96,1,2,0.0,0.0,0.0,0.0,0,1,0.6666361,0.0,0.0,4.666452884674072,0.79996336,HIGH,3.86648952960968,82.85714278415423,CRITICAL,Urgent stock replenishment required
FOODS_1_005_TX_2_validation,FOODS_1_005,FOODS_1,FOODS,TX_2,TX,d_1892,1,2016-04-03,11610,Sunday,2,4,2016,,,,,1,1,1,3.54,1,2,6.0,0.0,2.2857142857142856,2.288688541085317,0,1,2.2408326,2.288688541085317,9.991246168521721,25.67707437744506,2.6889992,HIGH,22.98807520141967,89.52762633118581,CRITICAL,Urgent stock replenishment required
FOODS_1_001_TX_2_validation,FOODS_1_001,FOODS_1,FOODS,TX_2,TX,d_1892,0,2016-04-03,11610,Sunday,2,4,2016,,,,,1,1,1,2.24,1,2,0.0,1.0,0.42857142857142855,1.1338934190276815,0,1,0.75085497,1.1338934190276815,4.949999999999999,10.205984783172607,0.901026,HIGH,9.304958772659301,91.17159167237936,CRITICAL,Urgent stock replenishment required
FOODS_1_002_WI_3_validation,FOODS_1_002,FOODS_1,FOODS,WI_3,WI,d_1892,0,2016-04-03,11610,Sunday,2,4,2016,,,,,1,1,1,9.48,1,2,1.0,0.0,0.2857142857142857,0.48795003647426666,0,1,0.39180776,0.48795003647426666,2.1301408404140796,4.87279516399196,0.47016934,HIGH,4.4026258283882465,90.35113687769845,CRITICAL,Urgent stock replenishment required
FOODS_1_004_WI_3_validation,FOODS_1_004,FOODS_1,FOODS,WI_3,WI,d_1892,0,2016-04-03,11610,Sunday,2,4,2016,,,,,1,1,1,1.96,1,2,0.0,0.0,0.0,4.272243734249905e-07,0,1,0.64028215,4.272243734249905e-07,1.8650435860780626e-06,4.48197694362635,0.7683386,HIGH,3.7136383229636607,82.85714919271696,CRITICAL,Urgent stock replenishment required
FOODS_1_003_TX_2_validation,FOODS_1_003,FOODS_1,FOODS,TX_2,TX,d_1892,3,2016-04-03,11610,Sunday,2,4,2016,,,,,1,1,1,3.23,1,2,0.0,0.0,1.1428571428571428,1.5735915849388864,0,1,1.0055994,1.5735915849388864,6.869497798238238,13.908693335805378,1.2067193,HIGH,12.701974056516132,91.32399248329986,CRITICAL,Urgent stock replenishment required
FOODS_1_011_CA_1_validation,FOODS_1_011,FOODS_1,FOODS,CA_1,CA,d_1892,2,2016-04-03,11610,Sunday,2,4,2016,,,,,1,1,1,2.68,1,2,0.0,0.0,1.8571428571428572,1.3451854182690988,0,1,1.5549883,1.3451854182690988,5.872393038617223,16.757311251507847,1.865986,HIGH,14.89132526193723,88.86464563697405,CRITICAL,Urgent stock replenishment required
FOODS_1_009_CA_3_validation,FOODS_1_009,FOODS_1,FOODS,CA_3,CA,d_1892,0,2016-04-03,11610,Sunday,2,4,2016,,,,,1,1,1,1.98,1,2,0.0,0.0,0.0,0.0,0,1,0.15932497,0.0,0.0,1.1152747869491577,0.19118997,HIGH,0.9240848124027252,82.8571418646131,CRITICAL,Urgent stock replenishment required
FOODS_1_004_TX_3_validation,FOODS_1_004,FOODS_1,FOODS,TX_3,TX,d_1892,0,2016-04-03,11610,Sunday,2,4,2016,,,,,1,1,1,1.96,1,2,0.0,0.0,0.0,0.0,0,1,0.6666361,0.0,0.0,4.666452884674072,0.79996336,HIGH,3.86648952960968,82.85714278415423,CRITICAL,Urgent stock replenishment required
FOODS_1_010_TX_3_validation,FOODS_1_010,FOODS_1,FOODS,TX_3,TX,d_1892,3,2016-04-03,11610,Sunday,2,4,2016,,,,,1,1,1,6.27,1,2,2.0,0.0,2.0,4.041451884327381,0,1,0.94388264,4.041451884327381,17.642916425579987,24.250095113629303,1.1326592,HIGH,23.117435916775666,95.32925874498098,CRITICAL,Urgent stock replenishment required
FOODS_1_006_WI_3_validation,FOODS_1_006,FOODS_1,FOODS,WI_3,WI,d_1892,1,2016-04-03,11610,Sunday,2,4,2016,,,,,1,1,1,2.48,1,2,2.0,0.0,1.5714285714285714,1.618347187425374,0,1,1.3510855,1.618347187425374,7.064877918265821,16.522476604484083,1.6213027,HIGH,14.9011738805995,90.18728994027099,CRITICAL,Urgent stock replenishment required
FOODS_1_001_WI_2_validation,FOODS_1_001,FOODS_1,FOODS,WI_2,WI,d_1892,2,2016-04-03,11610,Sunday,2,4,2016,,,,,1,1,1,2.24,1,2,0.0,1.0,0.0,0.0,0,1,0.23745298,0.0,0.0,1.6621708869934082,0.28494358,HIGH,1.3772273063659668,82.85714285714286,CRITICAL,Urgent stock replenishment required
FOODS_1_001_TX_1_validation,FOODS_1_001,FOODS_1,FOODS,TX_1,TX,d_1892,0,2016-04-03,11610,Sunday,2,4,2016,,,,,1,1,1,2.24,1,2,0.0,3.0,0.0,0.0,0,1,0.29554266,0.0,0.0,2.068798542022705,0.3546512,HIGH,1.7141473293304443,82.85714121078647,CRITICAL,Urgent stock replenishment required
FOODS_1_005_CA_3_validation,FOODS_1_005,FOODS_1,FOODS,CA_3,CA,d_1892,1,2016-04-03,11610,Sunday,2,4,2016,,,,,1,1,1,3.54,1,2,5.0,1.0,2.7142857142857144,3.450327796711771,0,1,2.2162764,3.450327796711771,15.062370331392067,30.576305420503395,2.6595318,HIGH,27.916773588762062,91.30198434648699,CRITICAL,Urgent stock replenishment required
FOODS_1_002_CA_2_validation,FOODS_1_002,FOODS_1,FOODS,CA_2,CA,d_1892,2,2016-04-03,11610,Sunday,2,4,2016,,,,,1,1,1,9.48,1,2,0.0,0.0,0.7142857142857143,0.7559289460184545,0,1,0.5880222,0.7559289460184545,3.3,7.41615514755249,0.7056266,HIGH,6.710528540611267,90.48527716988099,CRITICAL,Urgent stock replenishment required
FOODS_1_010_CA_2_validation,FOODS_1_010,FOODS_1,FOODS,CA_2,CA,d_1892,0,2016-04-03,11610,Sunday,2,4,2016,,,,,1,1,1,5.64,1,2,0.0,0.0,0.0,0.0,0,1,0.1274507,0.0,0.0,0.8921549320220947,0.15294085,HIGH,0.7392140775918961,82.85714185499667,CRITICAL,Urgent stock replenishment required
FOODS_1_011_CA_2_validation,FOODS_1_011,FOODS_1,FOODS,CA_2,CA,d_1892,2,2016-04-03,11610,Sunday,2,4,2016,,,,,1,1,1,2.68,1,2,6.0,1.0,2.5714285714285716,2.5727509827124,0,1,1.8028213,2.5727509827124,11.231317821164177,23.851066890378043,2.1633856,HIGH,21.687681260724112,90.9296064633206,CRITICAL,Urgent stock replenishment required
FOODS_1_002_TX_3_validation,FOODS_1_002,FOODS_1,FOODS,TX_3,TX,d_1892,0,2016-04-03,11610,Sunday,2,4,2016,,,,,1,1,1,9.48,1,2,0.0,0.0,0.5714285714285714,1.1338934190276817,0,1,0.48675105,1.1338934190276817,4.95,8.357257318496703,0.58410126,HIGH,7.773156058788299,93.01084988234547,CRITICAL,Urgent stock replenishment required
FOODS_1_001_WI_2_validation,FOODS_1_001,FOODS_1,FOODS,WI_2,WI,d_1893,0,2016-04-04,11610,Monday,3,4,2016,,,,,1,0,0,2.24,0,2,0.0,1.0,0.2857142857142857,0.7559289460184545,0,1,0.57183874,0.7559289460184545,3.3,7.302871036529541,0.6862065,HIGH,6.616664516925812,90.60360622320633,CRITICAL,Urgent stock replenishment required
FOODS_1_011_TX_2_validation,FOODS_1_011,FOODS_1,FOODS,TX_2,TX,d_1893,0,2016-04-04,11610,Monday,3,4,2016,,,,,1,0,0,2.68,0,2,0.0,0.0,0.14285714285714285,0.37796447300922725,0,1,0.36264923,0.37796447300922725,1.65,4.188544654846192,0.43517908,HIGH,3.7533655703067783,89.61025558039816,CRITICAL,Urgent stock replenishment required
FOODS_1_010_TX_2_validation,FOODS_1_010,FOODS_1,FOODS,TX_2,TX,d_1893,0,2016-04-04,11610,Monday,3,4,2016,,,,,1,0,0,6.27,0,2,0.0,3.0,0.8571428571428571,0.6900655593423524,0,1,0.83008546,0.6900655593423524,3.0124740662784055,8.823072439691492,0.9961026,HIGH,7.826969868204065,88.71025282523628,CRITICAL,Urgent stock replenishment required
FOODS_1_006_CA_1_validation,FOODS_1_006,FOODS_1,FOODS,CA_1,CA,d_1893,1,2016-04-04,11610,Monday,3,4,2016,,,,,1,0,0,2.48,0,2,3.0,2.0,1.7142857142857142,1.112697280528373,0,1,1.4786842,1.112697280528373,4.857468476480314,15.208257546609708,1.7744211,HIGH,13.433836450761625,88.33251547450519,CRITICAL,Urgent stock replenishment required
FOODS_1_009_TX_3_validation,FOODS_1_009,FOODS_1,FOODS,TX_3,TX,d_1893,0,2016-04-04,11610,Monday,3,4,2016,,,,,1,0,0,2.24,0,2,0.0,0.0,0.0,0.0,0,1,0.13135263,0.0,0.0,0.9194684028625488,0.15762317,HIGH,0.7618452310562134,82.85714100499672,CRITICAL,Urgent stock replenishment required
FOODS_1_009_WI_2_validation,FOODS_1_009,FOODS_1,FOODS,WI_2,WI,d_1893,0,2016-04-04,11610,Monday,3,4,2016,,,,,1,0,0,2.24,0,2,0.0,0.0,0.0,0.0,0,1,0.13135263,0.0,0.0,0.9194684028625488,0.15762317,HIGH,0.7618452310562134,82.85714100499672,CRITICAL,Urgent stock replenishment required
FOODS_1_010_WI_2_validation,FOODS_1_010,FOODS_1,FOODS,WI_2,WI,d_1893,0,2016-04-04,11610,Monday,3,4,2016,,,,,1,0,0,6.77,0,2,0.0,1.0,0.0,0.0,0,1,0.21363579,0.0,0.0,1.495450496673584,0.25636294,HIGH,1.239087551832199,82.85714268632577,CRITICAL,Urgent stock replenishment required
FOODS_1_002_CA_1_validation,FOODS_1_002,FOODS_1,FOODS,CA_1,CA,d_1893,0,2016-04-04,11610,Monday,3,4,2016,,,,,1,0,0,9.48,0,2,0.0,0.0,0.14285714285714285,0.3779644730092273,0,1,0.32540014,0.3779644730092273,1.6500000000000004,3.927801036834717,0.3904802,HIGH,3.537320846319199,90.05855472684041,CRITICAL,Urgent stock replenishment required
FOODS_1_004_TX_1_validation,FOODS_1_004,FOODS_1,FOODS,TX_1,TX,d_1893,0,2016-04-04,11610,Monday,3,4,2016,,,,,1,0,0,1.96,0,2,0.0,0.0,0.0,0.0,0,1,0.34899265,0.0,0.0,2.442948579788208,0.4187912,HIGH,2.024157375097275,82.85714205547296,CRITICAL,Urgent stock replenishment required
FOODS_1_001_WI_1_validation,FOODS_1_001,FOODS_1,FOODS,WI_1,WI,d_1893,0,2016-04-04,11610,Monday,3,4,2016,,,,,1,0,0,2.24,0,2,1.0,0.0,0.42857142857142855,0.5345224838248489,0,1,0.59552705,0.5345224838248489,2.3334523779156076,6.5021416288616525,0.7146325,HIGH,5.7875091177227365,89.00927491387128,CRITICAL,Urgent stock replenishment required
FOODS_1_003_WI_1_validation,FOODS_1_003,FOODS_1,FOODS,WI_1,WI,d_1893,1,2016-04-04,11610,Monday,3,4,2016,,,,,1,0,0,3.23,0,2,2.0,0.0,1.0,0.8164965809277265,0,1,0.89401525,0.8164965809277265,3.564407384124325,9.822514092650936,1.0728184,HIGH,8.749695694175289,89.07796529120468,CRITICAL,Urgent stock replenishment required
FOODS_1_003_TX_1_validation,FOODS_1_003,FOODS_1,FOODS,TX_1,TX,d_1893,0,2016-04-04,11610,Monday,3,4,2016,,,,,1,0,0,3.23,0,2,0.0,0.0,0.14285714285714285,0.37796447300922725,0,1,0.32626355,0.37796447300922725,1.65,3.9338449478149413,0.39151627,HIGH,3.542328679561615,90.04749110737589,CRITICAL,Urgent stock replenishment required
FOODS_1_009_CA_1_validation,FOODS_1_009,FOODS_1,FOODS,CA_1,CA,d_1893,0,2016-04-04,11610,Monday,3,4,2016,,,,,1,0,0,2.24,0,2,0.0,0.0,0.0,0.0,0,1,0.13135263,0.0,0.0,0.9194684028625488,0.15762317,HIGH,0.7618452310562134,82.85714100499672,CRITICAL,Urgent stock replenishment required
FOODS_1_010_CA_1_validation,FOODS_1_010,FOODS_1,FOODS,CA_1,CA,d_1893,0,2016-04-04,11610,Monday,3,4,2016,,,,,1,0,0,5.64,0,2,0.0,0.0,0.14285714285714285,0.37796447300922725,0,1,0.323697,0.37796447300922725,1.65,3.915878915786743,0.3884364,HIGH,3.5274425089359283,90.08047962655725,CRITICAL,Urgent stock replenishment required
FOODS_1_005_CA_1_validation,FOODS_1_005,FOODS_1,FOODS,CA_1,CA,d_1893,2,2016-04-04,11610,Monday,3,4,2016,,,,,1,0,0,3.54,0,2,1.0,0.0,0.7142857142857143,1.112697280528365,0,1,0.6762862,1.112697280528365,4.857468476480278,9.591472020334038,0.8115435,HIGH,8.779928496068749,91.53890536775995,CRITICAL,Urgent stock replenishment required
FOODS_1_010_CA_3_validation,FOODS_1_010,FOODS_1,FOODS,CA_3,CA,d_1893,1,2016-04-04,11610,Monday,3,4,2016,,,,,1,0,0,5.64,0,2,1.0,0.0,1.0,1.0000000000000002,0,1,0.6922065,1.0000000000000002,4.365489663256576,9.210935296191145,0.8306478,HIGH,8.380287469996382,90.9819383213098,CRITICAL,Urgent stock replenishment required
FOODS_1_008_TX_1_validation,FOODS_1_008,FOODS_1,FOODS,TX_1,TX,d_1893,0,2016-04-04,11610,Monday,3,4,2016,,,,,1,0,0,3.54,0,2,0.0,0.0,0.0,0.0,0,1,0.14085762,0.0,0.0,0.9860033392906189,0.16902915,HIGH,0.8169741928577423,82.85714259806821,CRITICAL,Urgent stock replenishment required
FOODS_1_005_TX_2_validation,FOODS_1_005,FOODS_1,FOODS,TX_2,TX,d_1893,0,2016-04-04,11610,Monday,3,4,2016,,,,,1,0,0,3.54,0,2,1.0,0.0,1.5714285714285714,1.6183471874253736,0,1,1.3916513,1.6183471874253736,7.064877918265819,16.806436946891306,1.6699816,HIGH,15.136455348037241,90.06344054881328,CRITICAL,Urgent stock replenishment required
FOODS_1_001_TX_1_validation,FOODS_1_001,FOODS_1,FOODS,TX_1,TX,d_1893,0,2016-04-04,11610,Monday,3,4,2016,,,,,1,0,0,2.24,0,2,0.0,1.0,0.0,0.0,0,1,0.20345296,0.0,0.0,1.424170732498169,0.24414356,HIGH,1.1800271719694138,82.85714240872667,CRITICAL,Urgent stock replenishment required
FOODS_1_009_TX_1_validation,FOODS_1_009,FOODS_1,FOODS,TX_1,TX,d_1893,0,2016-04-04,11610,Monday,3,4,2016,,,,,1,0,0,2.24,0,2,0.0,0.0,0.0,0.0,0,1,0.13135263,0.0,0.0,0.9194684028625488,0.15762317,HIGH,0.7618452310562134,82.85714100499672,CRITICAL,Urgent stock replenishment required
FOODS_1_009_CA_3_validation,FOODS_1_009,FOODS_1,FOODS,CA_3,CA,d_1893,0,2016-04-04,11610,Monday,3,4,2016,,,,,1,0,0,1.98,0,2,0.0,0.0,0.0,0.0,0,1,0.13397686,0.0,0.0,0.9378380179405212,0.16077223,HIGH,0.77706578373909,82.85714258476268,CRITICAL,Urgent stock replenishment required
FOODS_1_002_WI_2_validation,FOODS_1_002,FOODS_1,FOODS,WI_2,WI,d_1893,0,2016-04-04,11610,Monday,3,4,2016,,,,,1,0,0,9.48,0,2,0.0,0.0,0.5714285714285714,1.1338934190276817,0,1,0.43569097,1.1338934190276817,4.95,7.999836874008179,0.5228292,HIGH,7.4770076990127565,93.46450204885906,CRITICAL,Urgent stock replenishment required
FOODS_1_006_WI_3_validation,FOODS_1_006,FOODS_1,FOODS,WI_3,WI,d_1893,0,2016-04-04,11610,Monday,3,4,2016,,,,,1,0,0,2.48,0,2,1.0,0.0,1.4285714285714286,1.618347187425374,0,1,1.1270922,1.618347187425374,7.064877918265821,14.954523494742872,1.3525107,HIGH,13.602012804053786,90.95584228300855,CRITICAL,Urgent stock replenishment required
FOODS_1_004_CA_1_validation,FOODS_1_004,FOODS_1,FOODS,CA_1,CA,d_1893,0,2016-04-04,11610,Monday,3,4,2016,,,,,1,0,0,1.96,0,2,0.0,0.0,0.0,0.0,0,1,0.34899265,0.0,0.0,2.442948579788208,0.4187912,HIGH,2.024157375097275,82.85714205547296,CRITICAL,Urgent stock replenishment required
FOODS_1_011_WI_1_validation,FOODS_1_011,FOODS_1,FOODS,WI_1,WI,d_1893,0,2016-04-04,11610,Monday,3,4,2016,,,,,1,0,0,2.68,0,2,0.0,0.0,1.1428571428571428,1.6761634196950514,0,1,0.8732247,1.6761634196950514,7.317274082607539,13.42984675259045,1.0478697,HIGH,12.381977070278438,92.19745614662438,CRITICAL,Urgent stock replenishment required
FOODS_1_011_TX_1_validation,FOODS_1_011,FOODS_1,FOODS,TX_1,TX,d_1893,0,2016-04-04,11610,Monday,3,4,2016,,,,,1,0,0,2.68,0,2,0.0,1.0,0.42857142857142855,0.5345224838248487,0,1,0.59394956,0.5345224838248487,2.3334523779156062,6.491099510789141,0.71273947,HIGH,5.778360043168291,89.0197420878208,CRITICAL,Urgent stock replenishment required
FOODS_1_008_WI_3_validation,FOODS_1_008,FOODS_1,FOODS,WI_3,WI,d_1893,0,2016-04-04,11610,Monday,3,4,2016,,,,,1,0,0,3.54,0,2,0.0,0.0,0.14285714285714285,0.37796447300922725,0,1,0.32644004,0.37796447300922725,1.65,3.9350801944732665,0.39172807,HIGH,3.5433521211147307,90.0452327780077,CRITICAL,Urgent stock replenishment required
FOODS_1_003_TX_3_validation,FOODS_1_003,FOODS_1,FOODS,TX_3,TX,d_1893,0,2016-04-04,11610,Monday,3,4,2016,,,,,1,0,0,3.23,0,2,0.0,0.0,0.0,0.0,0,1,0.0946203,0.0,0.0,0.6623421311378479,0.11354437,HIGH,0.5487977638840675,82.85714256788698,CRITICAL,Urgent stock replenishment required
FOODS_1_011_WI_2_validation,FOODS_1_011,FOODS_1,FOODS,WI_2,WI,d_1893,1,2016-04-04,11610,Monday,3,4,2016,,,,,1,0,0,2.68,0,2,0.0,0.0,1.2857142857142858,2.214669705568283,0,1,0.9203949,2.214669705568283,9.668117707185822,16.110881989412384,1.104474,HIGH,15.006408040933685,93.14454696394321,CRITICAL,Urgent stock replenishment required
FOODS_1_010_CA_2_validation,FOODS_1_010,FOODS_1,FOODS,CA_2,CA,d_1893,0,2016-04-04,11610,Monday,3,4,2016,,,,,1,0,0,5.64,0,2,0.0,0.0,0.0,0.0,0,1,0.10841985,0.0,0.0,0.7589389681816101,0.13010383,HIGH,0.628835141658783,82.8571424083611,CRITICAL,Urgent stock replenishment required
FOODS_1_006_TX_1_validation,FOODS_1_006,FOODS_1,FOODS,TX_1,TX,d_1893,0,2016-04-04,11610,Monday,3,4,2016,,,,,1,0,0,2.48,0,2,1.0,0.0,0.2857142857142857,0.4879500364742666,0,1,0.4548572,0.4879500364742666,2.1301408404140796,5.314141332510027,0.54582864,HIGH,4.768312692049059,89.728751903496,CRITICAL,Urgent stock replenishment required
FOODS_1_004_WI_2_validation,FOODS_1_004,FOODS_1,FOODS,WI_2,WI,d_1893,0,2016-04-04,11610,Monday,3,4,2016,,,,,1,0,0,1.96,0,2,0.0,0.0,0.0,7.389734084383283e-07,0,1,0.40907866,7.389734084383283e-07,3.2259807759590005e-06,2.8635538889751606,0.4908944,HIGH,2.3726594819412403,82.85716190207243,CRITICAL,Urgent stock replenishment required
FOODS_1_005_WI_1_validation,FOODS_1_005,FOODS_1,FOODS,WI_1,WI,d_1893,4,2016-04-04,11610,Monday,3,4,2016,,,,,1,0,0,3.54,0,2,2.0,2.0,1.4285714285714286,1.3972762620115415,0,1,1.266806,1.3972762620115415,6.09979507852517,14.967437481174095,1.5201672,HIGH,13.447270249614341,89.84350371617181,CRITICAL,Urgent stock replenishment required
FOODS_1_002_TX_3_validation,FOODS_1_002,FOODS_1,FOODS,TX_3,TX,d_1893,0,2016-04-04,11610,Monday,3,4,2016,,,,,1,0,0,9.48,0,2,1.0,0.0,0.5714285714285714,1.1338934190276817,0,1,0.43569097,1.1338934190276817,4.95,7.999836874008179,0.5228292,HIGH,7.4770076990127565,93.46450204885906,CRITICAL,Urgent stock replenishment required
FOODS_1_002_CA_3_validation,FOODS_1_002,FOODS_1,FOODS,CA_3,CA,d_1893,1,2016-04-04,11610,Monday,3,4,2016,,,,,1,0,0,9.48,0,2,0.0,0.0,0.14285714285714285,0.3779644730092274,0,1,0.32540014,0.3779644730092274,1.6500000000000008,3.9278010368347176,0.3904802,HIGH,3.5373208463191994,90.05855472684041,CRITICAL,Urgent stock replenishment required
FOODS_1_009_WI_1_validation,FOODS_1_009,FOODS_1,FOODS,WI_1,WI,d_1893,0,2016-04-04,11610,Monday,3,4,2016,,,,,1,0,0,2.24,0,2,0.0,0.0,0.0,0.0,0,1,0.13135263,0.0,0.0,0.9194684028625488,0.15762317,HIGH,0.7618452310562134,82.85714100499672,CRITICAL,Urgent stock replenishment required
FOODS_1_005_CA_2_validation,FOODS_1_005,FOODS_1,FOODS,CA_2,CA,d_1893,5,2016-04-04,11610,Monday,3,4,2016,,,,,1,0,0,3.54,0,2,9.0,1.0,6.857142857142857,6.121780008803852,0,1,3.429715,6.121780008803852,26.72456734916396,50.732572491375876,4.1156583,HIGH,46.616914208142234,91.88754269471892,CRITICAL,Urgent stock replenishment required
FOODS_1_009_TX_2_validation,FOODS_1_009,FOODS_1,FOODS,TX_2,TX,d_1893,0,2016-04-04,11610,Monday,3,4,2016,,,,,1,0,0,2.24,0,2,0.0,0.0,0.0,0.0,0,1,0.13135263,0.0,0.0,0.9194684028625488,0.15762317,HIGH,0.7618452310562134,82.85714100499672,CRITICAL,Urgent stock replenishment required
FOODS_1_009_CA_2_validation,FOODS_1_009,FOODS_1,FOODS,CA_2,CA,d_1893,0,2016-04-04,11610,Monday,3,4,2016,,,,,1,0,0,2.24,0,2,0.0,0.0,0.0,0.0,0,1,0.13135263,0.0,0.0,0.9194684028625488,0.15762317,HIGH,0.7618452310562134,82.85714100499672,CRITICAL,Urgent stock replenishment required
FOODS_1_009_CA_4_validation,FOODS_1_009,FOODS_1,FOODS,CA_4,CA,d_1893,0,2016-04-04,11610,Monday,3,4,2016,,,,,1,0,0,2.24,0,2,0.0,0.0,0.0,0.0,0,1,0.13135263,0.0,0.0,0.9194684028625488,0.15762317,HIGH,0.7618452310562134,82.85714100499672,CRITICAL,Urgent stock replenishment required
FOODS_1_010_WI_3_validation,FOODS_1_010,FOODS_1,FOODS,WI_3,WI,d_1893,1,2016-04-04,11610,Monday,3,4,2016,,,,,1,0,0,6.77,0,2,0.0,0.0,0.42857142857142855,0.5345224838248488,0,1,0.44574195,0.5345224838248488,2.333452377915607,5.453646097779499,0.53489035,HIGH,4.918755744099842,90.19205969566961,CRITICAL,Urgent stock replenishment required
FOODS_1_005_CA_4_validation,FOODS_1_005,FOODS_1,FOODS,CA_4,CA,d_1893,5,2016-04-04,11610,Monday,3,4,2016,,,,,1,0,0,3.54,0,2,0.0,3.0,1.5714285714285714,2.9358214555806383,0,1,1.2916193,2.9358214555806383,12.816298217504148,21.857633323400144,1.5499432,HIGH,20.307690114705686,92.90891568285605,CRITICAL,Urgent stock replenishment required
FOODS_1_001_CA_3_validation,FOODS_1_001,FOODS_1,FOODS,CA_3,CA,d_1893,0,2016-04-04,11610,Monday,3,4,2016,,,,,1,0,0,2.24,0,2,0.0,0.0,0.2857142857142857,0.48795003647427043,0,1,0.5090247,0.48795003647427043,2.130140840414096,5.693313657644321,0.61082965,HIGH,5.082484006288578,89.27110487693591,CRITICAL,Urgent stock replenishment required
FOODS_1_009_WI_3_validation,FOODS_1_009,FOODS_1,FOODS,WI_3,WI,d_1893,0,2016-04-04,11610,Monday,3,4,2016,,,,,1,0,0,2.24,0,2,0.0,0.0,0.0,0.0,0,1,0.13135263,0.0,0.0,0.9194684028625488,0.15762317,HIGH,0.7618452310562134,82.85714100499672,CRITICAL,Urgent stock replenishment required
FOODS_1_011_WI_3_validation,FOODS_1_011,FOODS_1,FOODS,WI_3,WI,d_1893,0,2016-04-04,11610,Monday,3,4,2016,,,,,1,0,0,2.68,0,2,0.0,1.0,0.7142857142857143,0.9511897312113419,0,1,0.78808856,0.9511897312113419,4.152408939398913,9.669028621710925,0.9457063,HIGH,8.723322313822894,90.21922113494904,CRITICAL,Urgent stock replenishment required
FOODS_1_004_TX_2_validation,FOODS_1_004,FOODS_1,FOODS,TX_2,TX,d_1893,0,2016-04-04,11610,Monday,3,4,2016,,,,,1,0,0,1.96,0,2,0.0,0.0,0.0,0.0,0,1,0.34899265,0.0,0.0,2.442948579788208,0.4187912,HIGH,2.024157375097275,82.85714205547296,CRITICAL,Urgent stock replenishment required
FOODS_1_008_CA_4_validation,FOODS_1_008,FOODS_1,FOODS,CA_4,CA,d_1893,0,2016-04-04,11610,Monday,3,4,2016,,,,,1,0,0,3.54,0,2,0.0,0.0,0.5714285714285714,1.133893419027682,0,1,0.5602026,1.133893419027682,4.950000000000001,8.871418190002442,0.6722431,HIGH,8.19917507171631,92.4223714417644,CRITICAL,Urgent stock replenishment required
FOODS_1_008_WI_1_validation,FOODS_1_008,FOODS_1,FOODS,WI_1,WI,d_1893,0,2016-04-04,11610,Monday,3,4,2016,,,,,1,0,0,3.54,0,2,0.0,0.0,0.2857142857142857,0.4879500364742671,0,1,0.38776743,0.4879500364742671,2.1301408404140814,4.8445129984646185,0.46532094,HIGH,4.379192053678547,90.39488706225896,CRITICAL,Urgent stock replenishment required
FOODS_1_002_TX_2_validation,FOODS_1_002,FOODS_1,FOODS,TX_2,TX,d_1893,1,2016-04-04,11610,Monday,3,4,2016,,,,,1,0,0,9.48,0,2,0.0,0.0,0.0,0.0,0,1,0.11765786,0.0,0.0,0.8236050605773926,0.14118944,HIGH,0.6824156194925308,82.85714259867707,CRITICAL,Urgent stock replenishment required
FOODS_1_003_CA_1_validation,FOODS_1_003,FOODS_1,FOODS,CA_1,CA,d_1893,1,2016-04-04,11610,Monday,3,4,2016,,,,,1,0,0,3.23,0,2,4.0,0.0,0.8571428571428571,1.4638501094228,0,1,0.7098658,1.4638501094228,6.390422521242239,11.359483419069388,0.851839,HIGH,10.507644413122275,92.50107619755742,CRITICAL,Urgent stock replenishment required
FOODS_1_006_TX_2_validation,FOODS_1_006,FOODS_1,FOODS,TX_2,TX,d_1893,2,2016-04-04,11610,Monday,3,4,2016,,,,,1,0,0,2.48,0,2,3.0,0.0,1.0,1.0,0,1,0.9046506,1.0,4.365489663256574,10.698044003619124,1.0855808,HIGH,9.61246317781346,89.85252981350223,CRITICAL,Urgent stock replenishment required
FOODS_1_010_TX_3_validation,FOODS_1_010,FOODS_1,FOODS,TX_3,TX,d_1893,0,2016-04-04,11610,Monday,3,4,2016,,,,,1,0,0,6.27,0,2,0.0,0.0,2.142857142857143,4.059087394500207,0,1,0.8021305,4.059087394500207,17.719904062945712,23.33481752653824,0.96255666,HIGH,22.372260866362918,95.87501955358928,CRITICAL,Urgent stock replenishment required
FOODS_1_008_TX_3_validation,FOODS_1_008,FOODS_1,FOODS,TX_3,TX,d_1893,0,2016-04-04,11610,Monday,3,4,2016,,,,,1,0,0,3.54,0,2,0.0,0.0,0.14285714285714285,0.37796447300922725,0,1,0.32644004,0.37796447300922725,1.65,3.9350801944732665,0.39172807,HIGH,3.5433521211147307,90.0452327780077,CRITICAL,Urgent stock replenishment required
FOODS_1_004_CA_2_validation,FOODS_1_004,FOODS_1,FOODS,CA_2,CA,d_1893,0,2016-04-04,11610,Monday,3,4,2016,,,,,1,0,0,1.96,0,2,0.0,0.0,0.0,0.0,0,1,0.34899265,0.0,0.0,2.442948579788208,0.4187912,HIGH,2.024157375097275,82.85714205547296,CRITICAL,Urgent stock replenishment required
FOODS_1_010_CA_4_validation,FOODS_1_010,FOODS_1,FOODS,CA_4,CA,d_1893,0,2016-04-04,11610,Monday,3,4,2016,,,,,1,0,0,5.56,0,2,0.0,0.0,0.0,0.0,0,1,0.10841985,0.0,0.0,0.7589389681816101,0.13010383,HIGH,0.628835141658783,82.8571424083611,CRITICAL,Urgent stock replenishment required
FOODS_1_002_WI_1_validation,FOODS_1_002,FOODS_1,FOODS,WI_1,WI,d_1893,0,2016-04-04,11610,Monday,3,4,2016,,,,,1,0,0,9.48,0,2,2.0,0.0,0.7142857142857143,0.7559289460184564,0,1,0.5195903,0.7559289460184564,3.3000000000000083,6.93713216781617,0.6235084,HIGH,6.313623774051674,91.01201507076406,CRITICAL,Urgent stock replenishment required
FOODS_1_006_TX_3_validation,FOODS_1_006,FOODS_1,FOODS,TX_3,TX,d_1893,1,2016-04-04,11610,Monday,3,4,2016,,,,,1,0,0,2.48,0,2,0.0,0.0,0.5714285714285714,1.1338934190276817,0,1,0.5881152,1.1338934190276817,4.95,9.066806507110595,0.7057383,HIGH,8.361068201065063,92.21624167790434,CRITICAL,Urgent stock replenishment required
FOODS_1_008_CA_1_validation,FOODS_1_008,FOODS_1,FOODS,CA_1,CA,d_1893,0,2016-04-04,11610,Monday,3,4,2016,,,,,1,0,0,3.54,0,2,0.0,0.0,0.2857142857142857,0.4879500364742667,0,1,0.38776743,0.4879500364742667,2.1301408404140796,4.844512998464617,0.46532094,HIGH,4.379192053678545,90.39488706225896,CRITICAL,Urgent stock replenishment required
FOODS_1_006_CA_4_validation,FOODS_1_006,FOODS_1,FOODS,CA_4,CA,d_1893,2,2016-04-04,11610,Monday,3,4,2016,,,,,1,0,0,2.48,0,2,1.0,3.0,1.2857142857142858,1.6035674514745468,0,1,1.2516124,1.6035674514745468,7.000357133746823,15.76164386928149,1.501935,HIGH,14.259708864093502,90.47094949204397,CRITICAL,Urgent stock replenishment required
FOODS_1_006_CA_2_validation,FOODS_1_006,FOODS_1,FOODS,CA_2,CA,d_1893,0,2016-04-04,11610,Monday,3,4,2016,,,,,1,0,0,2.48,0,2,0.0,2.0,0.0,0.0,0,1,0.20375086,0.0,0.0,1.4262560606002808,0.24450104,HIGH,1.1817550212144852,82.85714282729215,CRITICAL,Urgent stock replenishment required
FOODS_1_006_WI_1_validation,FOODS_1_006,FOODS_1,FOODS,WI_1,WI,d_1893,3,2016-04-04,11610,Monday,3,4,2016,,,,,1,0,0,2.48,0,2,0.0,0.0,1.2857142857142858,2.214669705568283,0,1,0.9203949,2.214669705568283,9.668117707185822,16.110881989412384,1.104474,HIGH,15.006408040933685,93.14454696394321,CRITICAL,Urgent stock replenishment required
FOODS_1_002_WI_3_validation,FOODS_1_002,FOODS_1,FOODS,WI_3,WI,d_1893,0,2016-04-04,11610,Monday,3,4,2016,,,,,1,0,0,9.48,0,2,1.0,0.0,0.14285714285714285,0.3779644730092273,0,1,0.32540014,0.3779644730092273,1.6500000000000004,3.927801036834717,0.3904802,HIGH,3.537320846319199,90.05855472684041,CRITICAL,Urgent stock replenishment required
FOODS_1_004_WI_3_validation,FOODS_1_004,FOODS_1,FOODS,WI_3,WI,d_1893,0,2016-04-04,11610,Monday,3,4,2016,,,,,1,0,0,1.96,0,2,0.0,0.0,0.0,4.272243734249905e-07,0,1,0.3723237,4.272243734249905e-07,1.8650435860780626e-06,2.6062676483535228,0.44678846,HIGH,2.159479188337272,82.85715358902208,CRITICAL,Urgent stock replenishment required
FOODS_1_011_CA_2_validation,FOODS_1_011,FOODS_1,FOODS,CA_2,CA,d_1893,4,2016-04-04,11610,Monday,3,4,2016,,,,,1,0,0,2.68,0,2,1.0,5.0,2.0,2.0816659994661326,0,1,1.7845675,2.0816659994661326,9.087491403022067,21.57946337262656,2.1414812,HIGH,19.437982211509006,90.07630021127396,CRITICAL,Urgent stock replenishment required
FOODS_1_005_CA_3_validation,FOODS_1_005,FOODS_1,FOODS,CA_3,CA,d_1893,9,2016-04-04,11610,Monday,3,4,2016,,,,,1,0,0,3.54,0,2,0.0,2.0,2.142857142857143,3.33809184158512,0,1,1.3858402,3.33809184158512,14.572405429440945,24.27328643377444,1.6630083,HIGH,22.61027810152194,93.14881263899004,CRITICAL,Urgent stock replenishment required
FOODS_1_008_WI_2_validation,FOODS_1_008,FOODS_1,FOODS,WI_2,WI,d_1893,0,2016-04-04,11610,Monday,3,4,2016,,,,,1,0,0,3.54,0,2,0.0,2.0,0.0,0.0,0,1,0.24647349,0.0,0.0,1.7253143787384033,0.2957682,HIGH,1.4295461773872375,82.85714157396407,CRITICAL,Urgent stock replenishment required
FOODS_1_010_TX_1_validation,FOODS_1_010,FOODS_1,FOODS,TX_1,TX,d_1893,0,2016-04-04,11610,Monday,3,4,2016,,,,,1,0,0,6.27,0,2,1.0,0.0,0.5714285714285714,0.534522483824849,0,1,0.49312797,0.534522483824849,2.333452377915608,5.78534809172176,0.5917536,HIGH,5.193594489693867,89.77151257545538,CRITICAL,Urgent stock replenishment required
FOODS_1_002_CA_2_validation,FOODS_1_002,FOODS_1,FOODS,CA_2,CA,d_1893,0,2016-04-04,11610,Monday,3,4,2016,,,,,1,0,0,9.48,0,2,2.0,0.0,1.0,0.816496580927726,0,1,0.69509965,0.816496580927726,3.564407384124323,8.430104768004938,0.8341196,HIGH,7.5959851500659425,90.10546557968345,CRITICAL,Urgent stock replenishment required
FOODS_1_003_CA_2_validation,FOODS_1_003,FOODS_1,FOODS,CA_2,CA,d_1893,0,2016-04-04,11610,Monday,3,4,2016,,,,,1,0,0,3.23,0,2,0.0,0.0,1.1428571428571428,2.193062655175134,0,1,0.9139595,2.193062655175134,9.573792352041066,15.971508874257863,1.0967515,HIGH,14.874757422765553,93.13307552763533,CRITICAL,Urgent stock replenishment required
FOODS_1_002_TX_1_validation,FOODS_1_002,FOODS_1,FOODS,TX_1,TX,d_1893,0,2016-04-04,11610,Monday,3,4,2016,,,,,1,0,0,9.48,0,2,0.0,0.0,0.0,0.0,0,1,0.11765786,0.0,0.0,0.8236050605773926,0.14118944,HIGH,0.6824156194925308,82.85714259867707,CRITICAL,Urgent stock replenishment required
FOODS_1_005_TX_1_validation,FOODS_1_005,FOODS_1,FOODS,TX_1,TX,d_1893,0,2016-04-04,11610,Monday,3,4,2016,,,,,1,0,0,3.54,0,2,0.0,1.0,1.0,1.1547005383792517,0,1,0.9352815,1.1547005383792517,5.040833264451424,11.587803631883066,1.1223378,HIGH,10.465465813737314,90.31449052987303,CRITICAL,Urgent stock replenishment required
FOODS_1_008_TX_2_validation,FOODS_1_008,FOODS_1,FOODS,TX_2,TX,d_1893,0,2016-04-04,11610,Monday,3,4,2016,,,,,1,0,0,3.54,0,2,0.0,0.0,0.0,0.0,0,1,0.14085762,0.0,0.0,0.9860033392906189,0.16902915,HIGH,0.8169741928577423,82.85714259806821,CRITICAL,Urgent stock replenishment required
FOODS_1_011_CA_3_validation,FOODS_1_011,FOODS_1,FOODS,CA_3,CA,d_1893,1,2016-04-04,11610,Monday,3,4,2016,,,,,1,0,0,2.68,0,2,1.0,0.0,2.2857142857142856,1.1126972805283708,0,1,1.8027879,1.1126972805283708,4.857468476480303,17.47698389548665,2.1633456,HIGH,15.31363832015401,87.62174532934533,CRITICAL,Urgent stock replenishment required
FOODS_1_011_TX_3_validation,FOODS_1_011,FOODS_1,FOODS,TX_3,TX,d_1893,0,2016-04-04,11610,Monday,3,4,2016,,,,,1,0,0,2.68,0,2,0.0,0.0,0.2857142857142857,0.4879500364742666,0,1,0.44728735,0.4879500364742666,2.1301408404140796,5.261152326467546,0.53674483,HIGH,4.724407493474993,89.79796060470775,CRITICAL,Urgent stock replenishment required
FOODS_1_003_CA_3_validation,FOODS_1_003,FOODS_1,FOODS,CA_3,CA,d_1893,0,2016-04-04,11610,Monday,3,4,2016,,,,,1,0,0,3.23,0,2,0.0,0.0,1.1428571428571428,1.0690449676496976,0,1,0.9610203,1.0690449676496976,4.666904755831214,11.394046612978432,1.1532243,HIGH,10.24082226395652,89.87871132887655,CRITICAL,Urgent stock replenishment required
FOODS_1_004_WI_1_validation,FOODS_1_004,FOODS_1,FOODS,WI_1,WI,d_1893,0,2016-04-04,11610,Monday,3,4,2016,,,,,1,0,0,1.96,0,2,0.0,0.0,0.0,0.0,0,1,0.34899265,0.0,0.0,2.442948579788208,0.4187912,HIGH,2.024157375097275,82.85714205547296,CRITICAL,Urgent stock replenishment required
FOODS_1_005_TX_3_validation,FOODS_1_005,FOODS_1,FOODS,TX_3,TX,d_1893,3,2016-04-04,11610,Monday,3,4,2016,,,,,1,0,0,3.54,0,2,0.0,1.0,1.4285714285714286,1.2724180205607036,0,1,1.2063591,1.2724180205607036,5.554727716099143,13.999241990696312,1.447631,HIGH,12.551610989223839,89.65921867459289,CRITICAL,Urgent stock replenishment required
FOODS_1_001_CA_2_validation,FOODS_1_001,FOODS_1,FOODS,CA_2,CA,d_1893,1,2016-04-04,11610,Monday,3,4,2016,,,,,1,0,0,2.24,0,2,0.0,2.0,0.0,0.0,0,1,0.2313819,0.0,0.0,1.619673252105713,0.27765828,HIGH,1.3420149683952332,82.8571421211346,CRITICAL,Urgent stock replenishment required
FOODS_1_008_CA_3_validation,FOODS_1_008,FOODS_1,FOODS,CA_3,CA,d_1893,0,2016-04-04,11610,Monday,3,4,2016,,,,,1,0,0,3.54,0,2,0.0,1.0,0.0,0.0,0,1,0.2146602,0.0,0.0,1.5026214122772217,0.25759226,HIGH,1.2450291514396667,82.85714161046234,CRITICAL,Urgent stock replenishment required
FOODS_1_011_CA_4_validation,FOODS_1_011,FOODS_1,FOODS,CA_4,CA,d_1893,1,2016-04-04,11610,Monday,3,4,2016,,,,,1,0,0,2.68,0,2,0.0,1.0,0.8571428571428571,1.2149857925879113,0,1,0.80325204,1.2149857925879113,5.304007918546123,10.926772029111309,0.9639025,HIGH,9.962869555661602,91.17852490303943,CRITICAL,Urgent stock replenishment required
FOODS_1_004_CA_4_validation,FOODS_1_004,FOODS_1,FOODS,CA_4,CA,d_1893,0,2016-04-04,11610,Monday,3,4,2016,,,,,1,0,0,1.96,0,2,0.0,0.0,0.0,0.0,0,1,0.34899265,0.0,0.0,2.442948579788208,0.4187912,HIGH,2.024157375097275,82.85714205547296,CRITICAL,Urgent stock replenishment required
FOODS_1_006_CA_3_validation,FOODS_1_006,FOODS_1,FOODS,CA_3,CA,d_1893,2,2016-04-04,11610,Monday,3,4,2016,,,,,1,0,0,2.48,0,2,0.0,2.0,0.42857142857142855,0.7867957924694431,0,1,0.6980229,0.7867957924694431,3.4347488991191186,8.320909272806862,0.83762753,HIGH,7.4832817427089005,89.93346156488727,CRITICAL,Urgent stock replenishment required
FOODS_1_004_TX_3_validation,FOODS_1_004,FOODS_1,FOODS,TX_3,TX,d_1893,0,2016-04-04,11610,Monday,3,4,2016,,,,,1,0,0,1.96,0,2,0.0,0.0,0.0,0.0,0,1,0.34899265,0.0,0.0,2.442948579788208,0.4187912,HIGH,2.024157375097275,82.85714205547296,CRITICAL,Urgent stock replenishment required
FOODS_1_011_CA_1_validation,FOODS_1_011,FOODS_1,FOODS,CA_1,CA,d_1893,0,2016-04-04,11610,Monday,3,4,2016,,,,,1,0,0,2.68,0,2,2.0,0.0,2.142857142857143,1.0690449676496978,0,1,1.6193665,1.0690449676496978,4.666904755831215,16.002470322847817,1.9432399,HIGH,14.059230395555947,87.85662533291891,CRITICAL,Urgent stock replenishment required
FOODS_1_003_WI_2_validation,FOODS_1_003,FOODS_1,FOODS,WI_2,WI,d_1893,1,2016-04-04,11610,Monday,3,4,2016,,,,,1,0,0,3.23,0,2,0.0,0.0,0.14285714285714285,0.37796447300922725,0,1,0.32626355,0.37796447300922725,1.65,3.9338449478149413,0.39151627,HIGH,3.542328679561615,90.04749110737589,CRITICAL,Urgent stock replenishment required
FOODS_1_001_TX_2_validation,FOODS_1_001,FOODS_1,FOODS,TX_2,TX,d_1893,0,2016-04-04,11610,Monday,3,4,2016,,,,,1,0,0,2.24,0,2,0.0,0.0,0.42857142857142855,1.1338934190276815,0,1,0.6131019,1.1338934190276815,4.949999999999999,9.24171323776245,0.7357223,HIGH,8.505990934371948,92.03911347969253,CRITICAL,Urgent stock replenishment required
FOODS_1_005_WI_3_validation,FOODS_1_005,FOODS_1,FOODS,WI_3,WI,d_1893,0,2016-04-04,11610,Monday,3,4,2016,,,,,1,0,0,3.54,0,2,0.0,1.0,0.7142857142857143,0.9511897312113425,0,1,0.7673337,0.9511897312113425,4.152408939398915,9.523744922675283,0.92080045,HIGH,8.602944475211293,90.33152971924274,CRITICAL,Urgent stock replenishment required
FOODS_1_001_CA_1_validation,FOODS_1_001,FOODS_1,FOODS,CA_1,CA,d_1893,4,2016-04-04,11610,Monday,3,4,2016,,,,,1,0,0,2.24,0,2,2.0,0.0,1.1428571428571428,1.4638501094228,0,1,0.9590039,1.4638501094228,6.390422521242239,13.103449998506644,1.1508048,HIGH,11.952645240434745,91.21754379035252,CRITICAL,Urgent stock replenishment required
FOODS_1_001_TX_3_validation,FOODS_1_001,FOODS_1,FOODS,TX_3,TX,d_1893,0,2016-04-04,11610,Monday,3,4,2016,,,,,1,0,0,2.24,0,2,0.0,1.0,0.42857142857142855,0.534522483824849,0,1,0.6498394,0.534522483824849,2.333452377915608,6.882328186631428,0.7798073,HIGH,6.102520857453571,88.6694254032728,CRITICAL,Urgent stock replenishment required
FOODS_1_002_CA_4_validation,FOODS_1_002,FOODS_1,FOODS,CA_4,CA,d_1893,0,2016-04-04,11610,Monday,3,4,2016,,,,,1,0,0,9.48,0,2,0.0,2.0,0.14285714285714285,0.3779644730092273,0,1,0.42777595,0.3779644730092273,1.6500000000000004,4.644431734085083,0.5133312,HIGH,4.1311005592346195,88.9473846480901,CRITICAL,Urgent stock replenishment required
FOODS_1_001_CA_4_validation,FOODS_1_001,FOODS_1,FOODS,CA_4,CA,d_1893,1,2016-04-04,11610,Monday,3,4,2016,,,,,1,0,0,2.24,0,2,2.0,4.0,0.2857142857142857,0.7559289460184544,0,1,0.70163035,0.7559289460184544,3.3,8.211412239074708,0.84195644,HIGH,7.369455802440644,89.74650873539703,CRITICAL,Urgent stock replenishment required
FOODS_1_003_CA_4_validation,FOODS_1_003,FOODS_1,FOODS,CA_4,CA,d_1893,0,2016-04-04,11610,Monday,3,4,2016,,,,,1,0,0,3.23,0,2,0.0,0.0,0.2857142857142857,0.48795003647426666,0,1,0.3951223,0.48795003647426666,2.1301408404140796,4.895996868017229,0.47414675,HIGH,4.421850114467653,90.31562383859134,CRITICAL,Urgent stock replenishment required
FOODS_1_005_WI_2_validation,FOODS_1_005,FOODS_1,FOODS,WI_2,WI,d_1893,0,2016-04-04,11610,Monday,3,4,2016,,,,,1,0,0,3.54,0,2,0.0,1.0,1.0,1.1547005383792468,0,1,0.9352815,1.1547005383792468,5.040833264451403,11.587803631883045,1.1223378,HIGH,10.465465813737293,90.314490529873,CRITICAL,Urgent stock replenishment required
FOODS_1_001_WI_3_validation,FOODS_1_001,FOODS_1,FOODS,WI_3,WI,d_1893,0,2016-04-04,11610,Monday,3,4,2016,,,,,1,0,0,2.24,0,2,0.0,0.0,0.2857142857142857,0.48795003647426666,0,1,0.5090247,0.48795003647426666,2.1301408404140796,5.693313657644304,0.61082965,HIGH,5.082484006288561,89.27110487693588,CRITICAL,Urgent stock replenishment required
FOODS_1_008_CA_2_validation,FOODS_1_008,FOODS_1,FOODS,CA_2,CA,d_1893,0,2016-04-04,11610,Monday,3,4,2016,,,,,1,0,0,3.54,0,2,1.0,0.0,0.7142857142857143,0.7559289460184545,0,1,0.5993886,0.7559289460184545,3.3,7.4957201957702635,0.71926636,HIGH,6.776453840732574,90.4043062407324,CRITICAL,Urgent stock replenishment required
FOODS_1_006_WI_2_validation,FOODS_1_006,FOODS_1,FOODS,WI_2,WI,d_1893,2,2016-04-04,11610,Monday,3,4,2016,,,,,1,0,0,2.48,0,2,2.0,2.0,0.5714285714285714,0.786795792469436,0,1,0.7593881,0.786795792469436,3.434748899119088,8.750465642588326,0.91126573,HIGH,7.839199911730477,89.5860886942663,CRITICAL,Urgent stock replenishment required
FOODS_1_003_WI_3_validation,FOODS_1_003,FOODS_1,FOODS,WI_3,WI,d_1893,0,2016-04-04,11610,Monday,3,4,2016,,,,,1,0,0,3.23,0,2,0.0,0.0,0.0,0.0,0,1,0.0946203,0.0,0.0,0.6623421311378479,0.11354437,HIGH,0.5487977638840675,82.85714256788698,CRITICAL,Urgent stock replenishment required
FOODS_1_004_CA_3_validation,FOODS_1_004,FOODS_1,FOODS,CA_3,CA,d_1893,0,2016-04-04,11610,Monday,3,4,2016,,,,,1,0,0,1.5,0,2,0.0,0.0,0.0,0.0,0,1,0.6621903,0.0,0.0,4.635332107543945,0.79462844,HIGH,3.8407036662101746,82.85714113039447,CRITICAL,Urgent stock replenishment required
FOODS_1_003_TX_2_validation,FOODS_1_003,FOODS_1,FOODS,TX_2,TX,d_1893,0,2016-04-04,11610,Monday,3,4,2016,,,,,1,0,0,3.23,0,2,0.0,0.0,1.5714285714285714,1.618347187425374,0,1,1.2086226,1.618347187425374,7.064877918265821,15.525235584281447,1.4503472,HIGH,14.074888399146559,90.65813090396327,CRITICAL,Urgent stock replenishment required
FOODS_1_010_WI_1_validation,FOODS_1_010,FOODS_1,FOODS,WI_1,WI,d_1893,1,2016-04-04,11610,Monday,3,4,2016,,,,,1,0,0,6.77,0,2,0.0,0.0,1.5714285714285714,2.63673679998231,0,1,0.69128996,2.63673679998231,11.510647245050992,16.349677034021937,0.829548,HIGH,15.52012903273257,94.92621169480493,CRITICAL,Urgent stock replenishment required
FOODS_1_005_TX_1_validation,FOODS_1_005,FOODS_1,FOODS,TX_1,TX,d_1894,0,2016-04-05,11610,Tuesday,4,4,2016,,,,,1,1,1,3.54,0,2,1.0,0.0,1.0,1.1547005383792517,0,1,0.86564314,1.1547005383792517,5.040833264451424,11.100335389237802,1.0387719,HIGH,10.061563521485727,90.6419776400702,CRITICAL,Urgent stock replenishment required
FOODS_1_009_TX_3_validation,FOODS_1_009,FOODS_1,FOODS,TX_3,TX,d_1894,0,2016-04-05,11610,Tuesday,4,4,2016,,,,,1,1,1,2.24,0,2,0.0,0.0,0.0,0.0,0,1,0.13135263,0.0,0.0,0.9194684028625488,0.15762317,HIGH,0.7618452310562134,82.85714100499672,CRITICAL,Urgent stock replenishment required
FOODS_1_005_TX_2_validation,FOODS_1_005,FOODS_1,FOODS,TX_2,TX,d_1894,2,2016-04-05,11610,Tuesday,4,4,2016,,,,,1,1,1,3.54,0,2,1.0,0.0,1.4285714285714286,1.7182493859684487,0,1,1.240739,1.7182493859684487,7.500999933342219,16.186172968010187,1.4888868,HIGH,14.697286134819269,90.80148941857038,CRITICAL,Urgent stock replenishment required
FOODS_1_003_CA_2_validation,FOODS_1_003,FOODS_1,FOODS,CA_2,CA,d_1894,0,2016-04-05,11610,Tuesday,4,4,2016,,,,,1,1,1,3.23,0,2,6.0,0.0,1.1428571428571428,2.193062655175134,0,1,0.8702886,2.193062655175134,9.573792352041066,15.665812386831105,1.0443463,HIGH,14.621466054281056,93.33359607046016,CRITICAL,Urgent stock replenishment required
FOODS_1_004_CA_4_validation,FOODS_1_004,FOODS_1,FOODS,CA_4,CA,d_1894,0,2016-04-05,11610,Tuesday,4,4,2016,,,,,1,1,1,1.96,0,2,0.0,0.0,0.0,0.0,0,1,0.34899265,0.0,0.0,2.442948579788208,0.4187912,HIGH,2.024157375097275,82.85714205547296,CRITICAL,Urgent stock replenishment required
FOODS_1_003_WI_1_validation,FOODS_1_003,FOODS_1,FOODS,WI_1,WI,d_1894,1,2016-04-05,11610,Tuesday,4,4,2016,,,,,1,1,1,3.23,0,2,0.0,5.0,0.8571428571428571,0.6900655593423549,0,1,1.0265373,0.6900655593423549,3.0124740662784166,10.19823504116245,1.2318448,HIGH,8.966390258333165,87.92100027252488,CRITICAL,Urgent stock replenishment required
FOODS_1_008_TX_2_validation,FOODS_1_008,FOODS_1,FOODS,TX_2,TX,d_1894,0,2016-04-05,11610,Tuesday,4,4,2016,,,,,1,1,1,3.54,0,2,0.0,0.0,0.0,0.0,0,1,0.14085762,0.0,0.0,0.9860033392906189,0.16902915,HIGH,0.8169741928577423,82.85714259806821,CRITICAL,Urgent stock replenishment required
FOODS_1_009_WI_1_validation,FOODS_1_009,FOODS_1,FOODS,WI_1,WI,d_1894,0,2016-04-05,11610,Tuesday,4,4,2016,,,,,1,1,1,2.24,0,2,0.0,0.0,0.0,0.0,0,1,0.13135263,0.0,0.0,0.9194684028625488,0.15762317,HIGH,0.7618452310562134,82.85714100499672,CRITICAL,Urgent stock replenishment required
FOODS_1_005_CA_1_validation,FOODS_1_005,FOODS_1,FOODS,CA_1,CA,d_1894,0,2016-04-05,11610,Tuesday,4,4,2016,,,,,1,1,1,3.54,0,2,1.0,2.0,0.8571428571428571,1.214985792587904,0,1,0.9095059,1.214985792587904,5.304007918546091,11.670549304196726,1.0914072,HIGH,10.579142124364267,90.64819357354509,CRITICAL,Urgent stock replenishment required
FOODS_1_006_TX_1_validation,FOODS_1_006,FOODS_1,FOODS,TX_1,TX,d_1894,1,2016-04-05,11610,Tuesday,4,4,2016,,,,,1,1,1,2.48,0,2,0.0,0.0,0.14285714285714285,0.3779644730092272,0,1,0.35221353,0.3779644730092272,1.65,4.115494632720948,0.42265627,HIGH,3.692838364839554,89.73012224287716,CRITICAL,Urgent stock replenishment required
FOODS_1_010_CA_1_validation,FOODS_1_010,FOODS_1,FOODS,CA_1,CA,d_1894,1,2016-04-05,11610,Tuesday,4,4,2016,,,,,1,1,1,5.64,0,2,0.0,0.0,0.14285714285714285,0.37796447300922725,0,1,0.323697,0.37796447300922725,1.65,3.915878915786743,0.3884364,HIGH,3.5274425089359283,90.08047962655725,CRITICAL,Urgent stock replenishment required
FOODS_1_010_WI_2_validation,FOODS_1_010,FOODS_1,FOODS,WI_2,WI,d_1894,1,2016-04-05,11610,Tuesday,4,4,2016,,,,,1,1,1,6.77,0,2,0.0,0.0,0.0,0.0,0,1,0.11765786,0.0,0.0,0.8236050605773926,0.14118944,HIGH,0.6824156194925308,82.85714259867707,CRITICAL,Urgent stock replenishment required
FOODS_1_002_TX_3_validation,FOODS_1_002,FOODS_1,FOODS,TX_3,TX,d_1894,0,2016-04-05,11610,Tuesday,4,4,2016,,,,,1,1,1,9.48,0,2,0.0,0.0,0.42857142857142855,1.1338934190276817,0,1,0.40061697,1.1338934190276817,4.95,7.754318904876709,0.4807404,HIGH,7.273578506708145,93.80035301532124,CRITICAL,Urgent stock replenishment required
FOODS_1_003_WI_3_validation,FOODS_1_003,FOODS_1,FOODS,WI_3,WI,d_1894,0,2016-04-05,11610,Tuesday,4,4,2016,,,,,1,1,1,3.23,0,2,0.0,0.0,0.0,0.0,0,1,0.0946203,0.0,0.0,0.6623421311378479,0.11354437,HIGH,0.5487977638840675,82.85714256788698,CRITICAL,Urgent stock replenishment required
FOODS_1_010_TX_3_validation,FOODS_1_010,FOODS_1,FOODS,TX_3,TX,d_1894,0,2016-04-05,11610,Tuesday,4,4,2016,,,,,1,1,1,6.27,0,2,0.0,1.0,2.142857142857143,4.059087394500207,0,1,0.79946536,4.059087394500207,17.719904062945712,23.316161749560703,0.95935845,HIGH,22.356803295810092,95.88543575887363,CRITICAL,Urgent stock replenishment required
FOODS_1_003_TX_1_validation,FOODS_1_003,FOODS_1,FOODS,TX_1,TX,d_1894,0,2016-04-05,11610,Tuesday,4,4,2016,,,,,1,1,1,3.23,0,2,0.0,0.0,0.14285714285714285,0.37796447300922725,0,1,0.32626355,0.37796447300922725,1.65,3.9338449478149413,0.39151627,HIGH,3.542328679561615,90.04749110737589,CRITICAL,Urgent stock replenishment required
FOODS_1_008_WI_2_validation,FOODS_1_008,FOODS_1,FOODS,WI_2,WI,d_1894,1,2016-04-05,11610,Tuesday,4,4,2016,,,,,1,1,1,3.54,0,2,0.0,0.0,0.0,0.0,0,1,0.14085762,0.0,0.0,0.9860033392906189,0.16902915,HIGH,0.8169741928577423,82.85714259806821,CRITICAL,Urgent stock replenishment required
FOODS_1_001_CA_3_validation,FOODS_1_001,FOODS_1,FOODS,CA_3,CA,d_1894,0,2016-04-05,11610,Tuesday,4,4,2016,,,,,1,1,1,2.24,0,2,0.0,0.0,0.2857142857142857,0.48795003647427043,0,1,0.5090247,0.48795003647427043,2.130140840414096,5.693313657644321,0.61082965,HIGH,5.082484006288578,89.27110487693591,CRITICAL,Urgent stock replenishment required
FOODS_1_004_CA_3_validation,FOODS_1_004,FOODS_1,FOODS,CA_3,CA,d_1894,0,2016-04-05,11610,Tuesday,4,4,2016,,,,,1,1,1,1.5,0,2,0.0,0.0,0.0,0.0,0,1,0.6621903,0.0,0.0,4.635332107543945,0.79462844,HIGH,3.8407036662101746,82.85714113039447,CRITICAL,Urgent stock replenishment required
FOODS_1_004_CA_2_validation,FOODS_1_004,FOODS_1,FOODS,CA_2,CA,d_1894,0,2016-04-05,11610,Tuesday,4,4,2016,,,,,1,1,1,1.96,0,2,0.0,0.0,0.0,0.0,0,1,0.34899265,0.0,0.0,2.442948579788208,0.4187912,HIGH,2.024157375097275,82.85714205547296,CRITICAL,Urgent stock replenishment required
FOODS_1_011_WI_2_validation,FOODS_1_011,FOODS_1,FOODS,WI_2,WI,d_1894,0,2016-04-05,11610,Tuesday,4,4,2016,,,,,1,1,1,2.68,0,2,0.0,4.0,1.4285714285714286,2.14919697074224,0,1,1.338193,2.14919697074224,9.38229716007759,18.749648692060013,1.6058317,HIGH,17.14381694977333,91.43540357123219,CRITICAL,Urgent stock replenishment required
FOODS_1_010_CA_4_validation,FOODS_1_010,FOODS_1,FOODS,CA_4,CA,d_1894,0,2016-04-05,11610,Tuesday,4,4,2016,,,,,1,1,1,5.56,0,2,0.0,0.0,0.0,0.0,0,1,0.10841985,0.0,0.0,0.7589389681816101,0.13010383,HIGH,0.628835141658783,82.8571424083611,CRITICAL,Urgent stock replenishment required
FOODS_1_005_CA_4_validation,FOODS_1_005,FOODS_1,FOODS,CA_4,CA,d_1894,1,2016-04-05,11610,Tuesday,4,4,2016,,,,,1,1,1,3.54,0,2,0.0,0.0,2.2857142857142856,3.093772546815388,0,1,1.6965445,3.093772546815388,13.505832073589543,25.381643650432807,2.0358536,HIGH,23.345790026088935,91.97903156949744,CRITICAL,Urgent stock replenishment required
FOODS_1_006_CA_1_validation,FOODS_1_006,FOODS_1,FOODS,CA_1,CA,d_1894,2,2016-04-05,11610,Tuesday,4,4,2016,,,,,1,1,1,2.48,0,2,0.0,3.0,1.4285714285714286,0.9759000729485326,0,1,1.3451256,0.9759000729485326,4.2602816808281565,13.676160930400911,1.6141508,HIGH,12.062010167842928,88.19734009586077,CRITICAL,Urgent stock replenishment required
FOODS_1_008_TX_3_validation,FOODS_1_008,FOODS_1,FOODS,TX_3,TX,d_1894,0,2016-04-05,11610,Tuesday,4,4,2016,,,,,1,1,1,3.54,0,2,0.0,0.0,0.14285714285714285,0.37796447300922725,0,1,0.32644004,0.37796447300922725,1.65,3.9350801944732665,0.39172807,HIGH,3.5433521211147307,90.0452327780077,CRITICAL,Urgent stock replenishment required
FOODS_1_008_CA_3_validation,FOODS_1_008,FOODS_1,FOODS,CA_3,CA,d_1894,0,2016-04-05,11610,Tuesday,4,4,2016,,,,,1,1,1,3.54,0,2,0.0,0.0,0.0,0.0,0,1,0.14085762,0.0,0.0,0.9860033392906189,0.16902915,HIGH,0.8169741928577423,82.85714259806821,CRITICAL,Urgent stock replenishment required
FOODS_1_001_CA_4_validation,FOODS_1_001,FOODS_1,FOODS,CA_4,CA,d_1894,0,2016-04-05,11610,Tuesday,4,4,2016,,,,,1,1,1,2.24,0,2,0.0,0.0,0.14285714285714285,0.37796447300922725,0,1,0.43458158,0.37796447300922725,1.65,4.692071104049683,0.5214979,HIGH,4.170573198795319,88.8855498203285,CRITICAL,Urgent stock replenishment required
FOODS_1_008_WI_3_validation,FOODS_1_008,FOODS_1,FOODS,WI_3,WI,d_1894,0,2016-04-05,11610,Tuesday,4,4,2016,,,,,1,1,1,3.54,0,2,0.0,0.0,0.14285714285714285,0.37796447300922725,0,1,0.32644004,0.37796447300922725,1.65,3.9350801944732665,0.39172807,HIGH,3.5433521211147307,90.0452327780077,CRITICAL,Urgent stock replenishment required
FOODS_1_006_TX_3_validation,FOODS_1_006,FOODS_1,FOODS,TX_3,TX,d_1894,1,2016-04-05,11610,Tuesday,4,4,2016,,,,,1,1,1,2.48,0,2,0.0,0.0,0.7142857142857143,1.1126972805283737,0,1,0.6841804,1.1126972805283737,4.857468476480316,9.646731248086763,0.8210165,HIGH,8.82571475762732,91.48917421512832,CRITICAL,Urgent stock replenishment required
FOODS_1_010_WI_1_validation,FOODS_1_010,FOODS_1,FOODS,WI_1,WI,d_1894,2,2016-04-05,11610,Tuesday,4,4,2016,,,,,1,1,1,6.77,0,2,0.0,0.0,1.7142857142857142,2.5634797778466227,0,1,0.90512735,2.5634797778466227,11.190844472156693,17.526735718952345,1.0861529,HIGH,16.440582807766127,93.80287962000979,CRITICAL,Urgent stock replenishment required
FOODS_1_002_TX_2_validation,FOODS_1_002,FOODS_1,FOODS,TX_2,TX,d_1894,0,2016-04-05,11610,Tuesday,4,4,2016,,,,,1,1,1,9.48,0,2,0.0,0.0,0.14285714285714285,0.37796447300922725,0,1,0.32540014,0.37796447300922725,1.65,3.9278010368347167,0.3904802,HIGH,3.5373208463191985,90.05855472684041,CRITICAL,Urgent stock replenishment required
FOODS_1_004_CA_1_validation,FOODS_1_004,FOODS_1,FOODS,CA_1,CA,d_1894,0,2016-04-05,11610,Tuesday,4,4,2016,,,,,1,1,1,1.96,0,2,0.0,0.0,0.0,0.0,0,1,0.34899265,0.0,0.0,2.442948579788208,0.4187912,HIGH,2.024157375097275,82.85714205547296,CRITICAL,Urgent stock replenishment required
FOODS_1_006_WI_3_validation,FOODS_1_006,FOODS_1,FOODS,WI_3,WI,d_1894,2,2016-04-05,11610,Tuesday,4,4,2016,,,,,1,1,1,2.48,0,2,0.0,0.0,1.2857142857142858,1.7043362064926932,0,1,0.9871304,1.7043362064926932,7.440262092157775,14.350175155207092,1.1845565,HIGH,13.16561867098468,91.74535173675156,CRITICAL,Urgent stock replenishment required
FOODS_1_001_CA_1_validation,FOODS_1_001,FOODS_1,FOODS,CA_1,CA,d_1894,1,2016-04-05,11610,Tuesday,4,4,2016,,,,,1,1,1,2.24,0,2,1.0,0.0,1.4285714285714286,1.8126539343499317,0,1,1.1443927,1.8126539343499317,7.913122013465989,15.923870876686204,1.3732713,HIGH,14.55059953059398,91.37602058741382,CRITICAL,Urgent stock replenishment required
FOODS_1_004_WI_3_validation,FOODS_1_004,FOODS_1,FOODS,WI_3,WI,d_1894,0,2016-04-05,11610,Tuesday,4,4,2016,,,,,1,1,1,1.96,0,2,0.0,0.0,0.0,4.272243734249905e-07,0,1,0.3723237,4.272243734249905e-07,1.8650435860780626e-06,2.6062676483535228,0.44678846,HIGH,2.159479188337272,82.85715358902208,CRITICAL,Urgent stock replenishment required
FOODS_1_002_WI_2_validation,FOODS_1_002,FOODS_1,FOODS,WI_2,WI,d_1894,1,2016-04-05,11610,Tuesday,4,4,2016,,,,,1,1,1,9.48,0,2,1.0,0.0,0.5714285714285714,1.1338934190276817,0,1,0.43569097,1.1338934190276817,4.95,7.999836874008179,0.5228292,HIGH,7.4770076990127565,93.46450204885906,CRITICAL,Urgent stock replenishment required
FOODS_1_011_CA_2_validation,FOODS_1_011,FOODS_1,FOODS,CA_2,CA,d_1894,0,2016-04-05,11610,Tuesday,4,4,2016,,,,,1,1,1,2.68,0,2,0.0,0.0,2.4285714285714284,2.1491969707422394,0,1,1.6900997,2.1491969707422394,9.382297160077588,21.212995173383252,2.0281198,HIGH,19.184875370908276,90.43925770077139,CRITICAL,Urgent stock replenishment required
FOODS_1_011_CA_4_validation,FOODS_1_011,FOODS_1,FOODS,CA_4,CA,d_1894,1,2016-04-05,11610,Tuesday,4,4,2016,,,,,1,1,1,2.68,0,2,3.0,1.0,1.0,1.154700538379251,0,1,0.94049335,1.154700538379251,5.040833264451422,11.624286442857183,1.128592,HIGH,10.49569442854444,90.29108565191773,CRITICAL,Urgent stock replenishment required
FOODS_1_001_CA_2_validation,FOODS_1_001,FOODS_1,FOODS,CA_2,CA,d_1894,1,2016-04-05,11610,Tuesday,4,4,2016,,,,,1,1,1,2.24,0,2,0.0,0.0,0.14285714285714285,0.37796447300922725,0,1,0.43458158,0.37796447300922725,1.65,4.692071104049683,0.5214979,HIGH,4.170573198795319,88.8855498203285,CRITICAL,Urgent stock replenishment required
FOODS_1_008_WI_1_validation,FOODS_1_008,FOODS_1,FOODS,WI_1,WI,d_1894,0,2016-04-05,11610,Tuesday,4,4,2016,,,,,1,1,1,3.54,0,2,0.0,0.0,0.2857142857142857,0.4879500364742671,0,1,0.38776743,0.4879500364742671,2.1301408404140814,4.8445129984646185,0.46532094,HIGH,4.379192053678547,90.39488706225896,CRITICAL,Urgent stock replenishment required
FOODS_1_005_WI_3_validation,FOODS_1_005,FOODS_1,FOODS,WI_3,WI,d_1894,1,2016-04-05,11610,Tuesday,4,4,2016,,,,,1,1,1,3.54,0,2,0.0,5.0,0.7142857142857143,0.9511897312113425,0,1,0.99341995,0.9511897312113425,4.152408939398915,11.106348377265126,1.192104,HIGH,9.914244395293386,89.26646327417572,CRITICAL,Urgent stock replenishment required
FOODS_1_010_TX_1_validation,FOODS_1_010,FOODS_1,FOODS,TX_1,TX,d_1894,0,2016-04-05,11610,Tuesday,4,4,2016,,,,,1,1,1,6.27,0,2,0.0,0.0,0.42857142857142855,0.534522483824849,0,1,0.44574195,0.534522483824849,2.333452377915608,5.453646097779499,0.53489035,HIGH,4.918755744099842,90.19205969566961,CRITICAL,Urgent stock replenishment required
FOODS_1_011_TX_3_validation,FOODS_1_011,FOODS_1,FOODS,TX_3,TX,d_1894,0,2016-04-05,11610,Tuesday,4,4,2016,,,,,1,1,1,2.68,0,2,0.0,1.0,0.2857142857142857,0.48795003647426666,0,1,0.5178958,0.48795003647426666,2.1301408404140796,5.755411683919939,0.621475,HIGH,5.133936702611956,89.20190221936123,CRITICAL,Urgent stock replenishment required
FOODS_1_001_WI_2_validation,FOODS_1_001,FOODS_1,FOODS,WI_2,WI,d_1894,0,2016-04-05,11610,Tuesday,4,4,2016,,,,,1,1,1,2.24,0,2,0.0,0.0,0.2857142857142857,0.7559289460184545,0,1,0.5284659,0.7559289460184545,3.3,6.999261426925659,0.63415915,HIGH,6.365102279186249,90.93962763985574,CRITICAL,Urgent stock replenishment required
FOODS_1_008_CA_4_validation,FOODS_1_008,FOODS_1,FOODS,CA_4,CA,d_1894,0,2016-04-05,11610,Tuesday,4,4,2016,,,,,1,1,1,3.54,0,2,0.0,1.0,0.5714285714285714,1.133893419027682,0,1,0.6439949,1.133893419027682,4.950000000000001,9.457964611053468,0.77279395,HIGH,8.685170662403108,91.82917276147133,CRITICAL,Urgent stock replenishment required
FOODS_1_004_TX_2_validation,FOODS_1_004,FOODS_1,FOODS,TX_2,TX,d_1894,0,2016-04-05,11610,Tuesday,4,4,2016,,,,,1,1,1,1.96,0,2,0.0,0.0,0.0,0.0,0,1,0.34899265,0.0,0.0,2.442948579788208,0.4187912,HIGH,2.024157375097275,82.85714205547296,CRITICAL,Urgent stock replenishment required
FOODS_1_004_WI_1_validation,FOODS_1_004,FOODS_1,FOODS,WI_1,WI,d_1894,0,2016-04-05,11610,Tuesday,4,4,2016,,,,,1,1,1,1.96,0,2,0.0,0.0,0.0,0.0,0,1,0.34899265,0.0,0.0,2.442948579788208,0.4187912,HIGH,2.024157375097275,82.85714205547296,CRITICAL,Urgent stock replenishment required
FOODS_1_009_CA_3_validation,FOODS_1_009,FOODS_1,FOODS,CA_3,CA,d_1894,0,2016-04-05,11610,Tuesday,4,4,2016,,,,,1,1,1,1.98,0,2,0.0,0.0,0.0,0.0,0,1,0.13397686,0.0,0.0,0.9378380179405212,0.16077223,HIGH,0.77706578373909,82.85714258476268,CRITICAL,Urgent stock replenishment required
FOODS_1_005_CA_2_validation,FOODS_1_005,FOODS_1,FOODS,CA_2,CA,d_1894,0,2016-04-05,11610,Tuesday,4,4,2016,,,,,1,1,1,3.54,0,2,0.0,1.0,6.285714285714286,6.07492896293956,0,1,3.6425462,6.07492896293956,26.52003959273063,52.01786330794059,4.3710556,HIGH,47.64680770491324,91.59701047859053,CRITICAL,Urgent stock replenishment required
FOODS_1_009_WI_2_validation,FOODS_1_009,FOODS_1,FOODS,WI_2,WI,d_1894,0,2016-04-05,11610,Tuesday,4,4,2016,,,,,1,1,1,2.24,0,2,0.0,0.0,0.0,0.0,0,1,0.13135263,0.0,0.0,0.9194684028625488,0.15762317,HIGH,0.7618452310562134,82.85714100499672,CRITICAL,Urgent stock replenishment required
FOODS_1_005_WI_1_validation,FOODS_1_005,FOODS_1,FOODS,WI_1,WI,d_1894,5,2016-04-05,11610,Tuesday,4,4,2016,,,,,1,1,1,3.54,0,2,0.0,2.0,1.7142857142857142,1.7043362064926915,0,1,1.5403854,1.7043362064926915,7.440262092157767,18.22295976977007,1.8484625,HIGH,16.37449730734484,89.85640924537608,CRITICAL,Urgent stock replenishment required
FOODS_1_008_CA_2_validation,FOODS_1_008,FOODS_1,FOODS,CA_2,CA,d_1894,0,2016-04-05,11610,Tuesday,4,4,2016,,,,,1,1,1,3.54,0,2,0.0,0.0,0.5714285714285714,0.7867957924694432,0,1,0.5241951,0.7867957924694432,3.434748899119119,7.1041143051554965,0.6290341,HIGH,6.475080203192453,91.1454957656502,CRITICAL,Urgent stock replenishment required
FOODS_1_010_CA_2_validation,FOODS_1_010,FOODS_1,FOODS,CA_2,CA,d_1894,0,2016-04-05,11610,Tuesday,4,4,2016,,,,,1,1,1,5.64,0,2,0.0,1.0,0.0,0.0,0,1,0.18819468,0.0,0.0,1.3173627853393555,0.22583362,HIGH,1.0915291607379913,82.85714253396121,CRITICAL,Urgent stock replenishment required
FOODS_1_002_WI_1_validation,FOODS_1_002,FOODS_1,FOODS,WI_1,WI,d_1894,2,2016-04-05,11610,Tuesday,4,4,2016,,,,,1,1,1,9.48,0,2,1.0,1.0,0.42857142857142855,0.5345224838248521,0,1,0.5066356,0.5345224838248521,2.3334523779156213,5.879901562333346,0.6079627,HIGH,5.2719388347866545,89.66032473330333,CRITICAL,Urgent stock replenishment required
FOODS_1_009_CA_4_validation,FOODS_1_009,FOODS_1,FOODS,CA_4,CA,d_1894,0,2016-04-05,11610,Tuesday,4,4,2016,,,,,1,1,1,2.24,0,2,0.0,0.0,0.0,0.0,0,1,0.13135263,0.0,0.0,0.9194684028625488,0.15762317,HIGH,0.7618452310562134,82.85714100499672,CRITICAL,Urgent stock replenishment required
FOODS_1_003_CA_3_validation,FOODS_1_003,FOODS_1,FOODS,CA_3,CA,d_1894,0,2016-04-05,11610,Tuesday,4,4,2016,,,,,1,1,1,3.23,0,2,0.0,1.0,1.1428571428571428,1.0690449676496976,0,1,1.0278031,1.0690449676496976,4.666904755831214,11.861526318788979,1.2333637,HIGH,10.628162571192238,89.60198110724536,CRITICAL,Urgent stock replenishment required
FOODS_1_011_TX_2_validation,FOODS_1_011,FOODS_1,FOODS,TX_2,TX,d_1894,0,2016-04-05,11610,Tuesday,4,4,2016,,,,,1,1,1,2.68,0,2,0.0,0.0,0.14285714285714285,0.37796447300922725,0,1,0.36264923,0.37796447300922725,1.65,4.188544654846192,0.43517908,HIGH,3.7533655703067783,89.61025558039816,CRITICAL,Urgent stock replenishment required
FOODS_1_011_TX_1_validation,FOODS_1_011,FOODS_1,FOODS,TX_1,TX,d_1894,0,2016-04-05,11610,Tuesday,4,4,2016,,,,,1,1,1,2.68,0,2,1.0,0.0,0.42857142857142855,0.5345224838248487,0,1,0.5208188,0.5345224838248487,2.3334523779156062,5.979184303879961,0.6249826,HIGH,5.354201708436236,89.54736024714663,CRITICAL,Urgent stock replenishment required
FOODS_1_006_WI_1_validation,FOODS_1_006,FOODS_1,FOODS,WI_1,WI,d_1894,3,2016-04-05,11610,Tuesday,4,4,2016,,,,,1,1,1,2.48,0,2,0.0,0.0,1.7142857142857142,2.214669705568283,0,1,1.2048165,2.214669705568283,9.668117707185822,18.101832573824005,1.4457798,HIGH,16.656052773408966,92.0130749496286,CRITICAL,Urgent stock replenishment required
FOODS_1_001_TX_2_validation,FOODS_1_001,FOODS_1,FOODS,TX_2,TX,d_1894,0,2016-04-05,11610,Tuesday,4,4,2016,,,,,1,1,1,2.24,0,2,0.0,1.0,0.42857142857142855,1.1338934190276815,0,1,0.6777666,1.1338934190276815,4.949999999999999,9.69436616897583,0.81332,HIGH,8.881046187877654,91.61038517710438,CRITICAL,Urgent stock replenishment required
FOODS_1_001_WI_1_validation,FOODS_1_001,FOODS_1,FOODS,WI_1,WI,d_1894,0,2016-04-05,11610,Tuesday,4,4,2016,,,,,1,1,1,2.24,0,2,1.0,2.0,0.2857142857142857,0.4879500364742667,0,1,0.63937867,0.4879500364742667,2.1301408404140796,6.605791627767595,0.7672544,HIGH,5.83853721559337,88.3851254261631,CRITICAL,Urgent stock replenishment required
FOODS_1_006_TX_2_validation,FOODS_1_006,FOODS_1,FOODS,TX_2,TX,d_1894,0,2016-04-05,11610,Tuesday,4,4,2016,,,,,1,1,1,2.48,0,2,0.0,0.0,0.8571428571428571,0.6900655593423543,0,1,0.7006194,0.6900655593423543,3.012474066278414,7.916810041925387,0.8407433,HIGH,7.076066738626436,89.38027691902938,CRITICAL,Urgent stock replenishment required
FOODS_1_002_CA_4_validation,FOODS_1_002,FOODS_1,FOODS,CA_4,CA,d_1894,0,2016-04-05,11610,Tuesday,4,4,2016,,,,,1,1,1,9.48,0,2,0.0,1.0,0.14285714285714285,0.3779644730092273,0,1,0.3877791,0.3779644730092273,1.6500000000000004,4.36445369720459,0.46533492,HIGH,3.8991187751293186,89.33807174141138,CRITICAL,Urgent stock replenishment required
FOODS_1_008_CA_1_validation,FOODS_1_008,FOODS_1,FOODS,CA_1,CA,d_1894,0,2016-04-05,11610,Tuesday,4,4,2016,,,,,1,1,1,3.54,0,2,0.0,0.0,0.2857142857142857,0.4879500364742667,0,1,0.38776743,0.4879500364742667,2.1301408404140796,4.844512998464617,0.46532094,HIGH,4.379192053678545,90.39488706225896,CRITICAL,Urgent stock replenishment required
FOODS_1_001_WI_3_validation,FOODS_1_001,FOODS_1,FOODS,WI_3,WI,d_1894,0,2016-04-05,11610,Tuesday,4,4,2016,,,,,1,1,1,2.24,0,2,0.0,0.0,0.2857142857142857,0.48795003647426666,0,1,0.5090247,0.48795003647426666,2.1301408404140796,5.693313657644304,0.61082965,HIGH,5.082484006288561,89.27110487693588,CRITICAL,Urgent stock replenishment required
FOODS_1_004_TX_3_validation,FOODS_1_004,FOODS_1,FOODS,TX_3,TX,d_1894,0,2016-04-05,11610,Tuesday,4,4,2016,,,,,1,1,1,1.96,0,2,0.0,0.0,0.0,0.0,0,1,0.34899265,0.0,0.0,2.442948579788208,0.4187912,HIGH,2.024157375097275,82.85714205547296,CRITICAL,Urgent stock replenishment required
FOODS_1_005_TX_3_validation,FOODS_1_005,FOODS_1,FOODS,TX_3,TX,d_1894,1,2016-04-05,11610,Tuesday,4,4,2016,,,,,1,1,1,3.54,0,2,1.0,1.0,1.8571428571428572,1.2149857925879122,0,1,1.6028785,1.2149857925879122,5.304007918546127,16.524156958768295,1.9234542,HIGH,14.600702793309615,88.35974403863293,CRITICAL,Urgent stock replenishment required
FOODS_1_001_TX_1_validation,FOODS_1_001,FOODS_1,FOODS,TX_1,TX,d_1894,1,2016-04-05,11610,Tuesday,4,4,2016,,,,,1,1,1,2.24,0,2,0.0,0.0,0.0,0.0,0,1,0.13135263,0.0,0.0,0.9194684028625488,0.15762317,HIGH,0.7618452310562134,82.85714100499672,CRITICAL,Urgent stock replenishment required
FOODS_1_009_CA_2_validation,FOODS_1_009,FOODS_1,FOODS,CA_2,CA,d_1894,0,2016-04-05,11610,Tuesday,4,4,2016,,,,,1,1,1,2.24,0,2,0.0,0.0,0.0,0.0,0,1,0.13135263,0.0,0.0,0.9194684028625488,0.15762317,HIGH,0.7618452310562134,82.85714100499672,CRITICAL,Urgent stock replenishment required
FOODS_1_003_TX_3_validation,FOODS_1_003,FOODS_1,FOODS,TX_3,TX,d_1894,0,2016-04-05,11610,Tuesday,4,4,2016,,,,,1,1,1,3.23,0,2,0.0,0.0,0.0,0.0,0,1,0.0946203,0.0,0.0,0.6623421311378479,0.11354437,HIGH,0.5487977638840675,82.85714256788698,CRITICAL,Urgent stock replenishment required
FOODS_1_011_CA_1_validation,FOODS_1_011,FOODS_1,FOODS,CA_1,CA,d_1894,1,2016-04-05,11610,Tuesday,4,4,2016,,,,,1,1,1,2.68,0,2,3.0,0.0,1.8571428571428572,1.3451854182690988,0,1,1.4775457,1.3451854182690988,5.872393038617223,16.215213206158726,1.773055,HIGH,14.442158248768894,89.06548477132323,CRITICAL,Urgent stock replenishment required
FOODS_1_006_CA_3_validation,FOODS_1_006,FOODS_1,FOODS,CA_3,CA,d_1894,4,2016-04-05,11610,Tuesday,4,4,2016,,,,,1,1,1,2.48,0,2,1.0,0.0,0.7142857142857143,0.951189731211342,0,1,0.7094413,0.951189731211342,4.152408939398913,9.11849818805614,0.8513296,HIGH,8.267168563403278,90.66370791444609,CRITICAL,Urgent stock replenishment required
FOODS_1_003_WI_2_validation,FOODS_1_003,FOODS_1,FOODS,WI_2,WI,d_1894,0,2016-04-05,11610,Tuesday,4,4,2016,,,,,1,1,1,3.23,0,2,1.0,0.0,0.2857142857142857,0.4879500364742666,0,1,0.3951223,0.4879500364742666,2.1301408404140796,4.895996868017229,0.47414675,HIGH,4.421850114467653,90.31562383859134,CRITICAL,Urgent stock replenishment required
FOODS_1_009_WI_3_validation,FOODS_1_009,FOODS_1,FOODS,WI_3,WI,d_1894,0,2016-04-05,11610,Tuesday,4,4,2016,,,,,1,1,1,2.24,0,2,0.0,0.0,0.0,0.0,0,1,0.13135263,0.0,0.0,0.9194684028625488,0.15762317,HIGH,0.7618452310562134,82.85714100499672,CRITICAL,Urgent stock replenishment required
FOODS_1_004_WI_2_validation,FOODS_1_004,FOODS_1,FOODS,WI_2,WI,d_1894,0,2016-04-05,11610,Tuesday,4,4,2016,,,,,1,1,1,1.96,0,2,0.0,0.0,0.0,7.389734084383283e-07,0,1,0.40907866,7.389734084383283e-07,3.2259807759590005e-06,2.8635538889751606,0.4908944,HIGH,2.3726594819412403,82.85716190207243,CRITICAL,Urgent stock replenishment required
FOODS_1_009_TX_2_validation,FOODS_1_009,FOODS_1,FOODS,TX_2,TX,d_1894,0,2016-04-05,11610,Tuesday,4,4,2016,,,,,1,1,1,2.24,0,2,0.0,0.0,0.0,0.0,0,1,0.13135263,0.0,0.0,0.9194684028625488,0.15762317,HIGH,0.7618452310562134,82.85714100499672,CRITICAL,Urgent stock replenishment required
FOODS_1_010_WI_3_validation,FOODS_1_010,FOODS_1,FOODS,WI_3,WI,d_1894,0,2016-04-05,11610,Tuesday,4,4,2016,,,,,1,1,1,6.77,0,2,0.0,1.0,0.5714285714285714,0.5345224838248488,0,1,0.5899558,0.5345224838248488,2.333452377915607,6.463143025040852,0.707947,HIGH,5.755196009278523,89.04639719375768,CRITICAL,Urgent stock replenishment required
FOODS_1_011_CA_3_validation,FOODS_1_011,FOODS_1,FOODS,CA_3,CA,d_1894,0,2016-04-05,11610,Tuesday,4,4,2016,,,,,1,1,1,2.68,0,2,1.0,2.0,2.2857142857142856,1.1126972805283708,0,1,1.8684838,1.1126972805283708,4.857468476480303,17.93685518760091,2.2421806,HIGH,15.694674601739703,87.49958918433404,CRITICAL,Urgent stock replenishment required
FOODS_1_003_CA_1_validation,FOODS_1_003,FOODS_1,FOODS,CA_1,CA,d_1894,0,2016-04-05,11610,Tuesday,4,4,2016,,,,,1,1,1,3.23,0,2,0.0,0.0,0.42857142857142855,0.5345224838248491,0,1,0.4702869,0.5345224838248491,2.3334523779156084,5.625460777878987,0.5643443,HIGH,5.061116490960347,89.96803445616736,CRITICAL,Urgent stock replenishment required
FOODS_1_006_WI_2_validation,FOODS_1_006,FOODS_1,FOODS,WI_2,WI,d_1894,2,2016-04-05,11610,Tuesday,4,4,2016,,,,,1,1,1,2.48,0,2,0.0,0.0,0.5714285714285714,0.786795792469436,0,1,0.59127885,0.786795792469436,3.434748899119088,7.573700677530953,0.70953465,HIGH,6.864166032450386,90.63159906509698,CRITICAL,Urgent stock replenishment required
FOODS_1_004_TX_1_validation,FOODS_1_004,FOODS_1,FOODS,TX_1,TX,d_1894,0,2016-04-05,11610,Tuesday,4,4,2016,,,,,1,1,1,1.96,0,2,0.0,0.0,0.0,0.0,0,1,0.34899265,0.0,0.0,2.442948579788208,0.4187912,HIGH,2.024157375097275,82.85714205547296,CRITICAL,Urgent stock replenishment required
FOODS_1_005_WI_2_validation,FOODS_1_005,FOODS_1,FOODS,WI_2,WI,d_1894,1,2016-04-05,11610,Tuesday,4,4,2016,,,,,1,1,1,3.54,0,2,1.0,1.0,1.0,1.1547005383792468,0,1,0.9426668,1.1547005383792468,5.040833264451403,11.639500886063953,1.1312002,HIGH,10.508300691705127,90.28136854464938,CRITICAL,Urgent stock replenishment required
FOODS_1_002_WI_3_validation,FOODS_1_002,FOODS_1,FOODS,WI_3,WI,d_1894,1,2016-04-05,11610,Tuesday,4,4,2016,,,,,1,1,1,9.48,0,2,0.0,0.0,0.0,0.0,0,1,0.11765786,0.0,0.0,0.8236050605773926,0.14118944,HIGH,0.6824156194925308,82.85714259867707,CRITICAL,Urgent stock replenishment required
FOODS_1_003_CA_4_validation,FOODS_1_003,FOODS_1,FOODS,CA_4,CA,d_1894,1,2016-04-05,11610,Tuesday,4,4,2016,,,,,1,1,1,3.23,0,2,1.0,0.0,0.2857142857142857,0.48795003647426666,0,1,0.3951223,0.48795003647426666,2.1301408404140796,4.895996868017229,0.47414675,HIGH,4.421850114467653,90.31562383859134,CRITICAL,Urgent stock replenishment required
FOODS_1_005_CA_3_validation,FOODS_1_005,FOODS_1,FOODS,CA_3,CA,d_1894,0,2016-04-05,11610,Tuesday,4,4,2016,,,,,1,1,1,3.54,0,2,0.0,2.0,3.4285714285714284,4.035556254807295,0,1,2.216836,4.035556254807295,17.617179115851663,33.13503094538047,2.6602032,HIGH,30.474827726920388,91.97162899034214,CRITICAL,Urgent stock replenishment required
FOODS_1_002_TX_1_validation,FOODS_1_002,FOODS_1,FOODS,TX_1,TX,d_1894,0,2016-04-05,11610,Tuesday,4,4,2016,,,,,1,1,1,9.48,0,2,0.0,0.0,0.0,0.0,0,1,0.11765786,0.0,0.0,0.8236050605773926,0.14118944,HIGH,0.6824156194925308,82.85714259867707,CRITICAL,Urgent stock replenishment required
FOODS_1_002_CA_2_validation,FOODS_1_002,FOODS_1,FOODS,CA_2,CA,d_1894,0,2016-04-05,11610,Tuesday,4,4,2016,,,,,1,1,1,9.48,0,2,1.0,0.0,0.7142857142857143,0.7559289460184545,0,1,0.5306588,0.7559289460184545,3.3,7.014611530303955,0.6367906,HIGH,6.3778209567070006,90.92194099636247,CRITICAL,Urgent stock replenishment required
FOODS_1_006_CA_2_validation,FOODS_1_006,FOODS_1,FOODS,CA_2,CA,d_1894,1,2016-04-05,11610,Tuesday,4,4,2016,,,,,1,1,1,2.48,0,2,0.0,5.0,0.0,0.0,0,1,0.24325387,0.0,0.0,1.7027771472930908,0.29190466,HIGH,1.4108724892139435,82.85714260711163,CRITICAL,Urgent stock replenishment required
FOODS_1_003_TX_2_validation,FOODS_1_003,FOODS_1,FOODS,TX_2,TX,d_1894,0,2016-04-05,11610,Tuesday,4,4,2016,,,,,1,1,1,3.23,0,2,2.0,0.0,1.5714285714285714,1.618347187425374,0,1,1.23235,1.618347187425374,7.064877918265821,15.69132750322676,1.4788201,HIGH,14.212507417701246,90.57555783459743,CRITICAL,Urgent stock replenishment required
FOODS_1_010_CA_3_validation,FOODS_1_010,FOODS_1,FOODS,CA_3,CA,d_1894,0,2016-04-05,11610,Tuesday,4,4,2016,,,,,1,1,1,5.64,0,2,0.0,0.0,1.0,1.0000000000000002,0,1,0.6922065,1.0000000000000002,4.365489663256576,9.210935296191145,0.8306478,HIGH,8.380287469996382,90.9819383213098,CRITICAL,Urgent stock replenishment required
FOODS_1_009_TX_1_validation,FOODS_1_009,FOODS_1,FOODS,TX_1,TX,d_1894,0,2016-04-05,11610,Tuesday,4,4,2016,,,,,1,1,1,2.24,0,2,0.0,0.0,0.0,0.0,0,1,0.13135263,0.0,0.0,0.9194684028625488,0.15762317,HIGH,0.7618452310562134,82.85714100499672,CRITICAL,Urgent stock replenishment required
FOODS_1_010_TX_2_validation,FOODS_1_010,FOODS_1,FOODS,TX_2,TX,d_1894,0,2016-04-05,11610,Tuesday,4,4,2016,,,,,1,1,1,6.27,0,2,1.0,0.0,0.8571428571428571,0.6900655593423524,0,1,0.583372,0.6900655593423524,3.0124740662784055,7.09607792522616,0.7000464,HIGH,6.396031505128809,90.1347416492042,CRITICAL,Urgent stock replenishment required
FOODS_1_002_CA_1_validation,FOODS_1_002,FOODS_1,FOODS,CA_1,CA,d_1894,0,2016-04-05,11610,Tuesday,4,4,2016,,,,,1,1,1,9.48,0,2,1.0,0.0,0.14285714285714285,0.3779644730092273,0,1,0.32540014,0.3779644730092273,1.6500000000000004,3.927801036834717,0.3904802,HIGH,3.537320846319199,90.05855472684041,CRITICAL,Urgent stock replenishment required
FOODS_1_001_TX_3_validation,FOODS_1_001,FOODS_1,FOODS,TX_3,TX,d_1894,1,2016-04-05,11610,Tuesday,4,4,2016,,,,,1,1,1,2.24,0,2,0.0,0.0,0.42857142857142855,0.534522483824849,0,1,0.59552705,0.534522483824849,2.333452377915608,6.5021416288616525,0.7146325,HIGH,5.7875091177227365,89.00927491387128,CRITICAL,Urgent stock replenishment required
FOODS_1_009_CA_1_validation,FOODS_1_009,FOODS_1,FOODS,CA_1,CA,d_1894,0,2016-04-05,11610,Tuesday,4,4,2016,,,,,1,1,1,2.24,0,2,0.0,0.0,0.0,0.0,0,1,0.13135263,0.0,0.0,0.9194684028625488,0.15762317,HIGH,0.7618452310562134,82.85714100499672,CRITICAL,Urgent stock replenishment required
FOODS_1_011_WI_3_validation,FOODS_1_011,FOODS_1,FOODS,WI_3,WI,d_1894,0,2016-04-05,11610,Tuesday,4,4,2016,,,,,1,1,1,2.68,0,2,0.0,1.0,0.7142857142857143,0.9511897312113419,0,1,0.78808856,0.9511897312113419,4.152408939398913,9.669028621710925,0.9457063,HIGH,8.723322313822894,90.21922113494904,CRITICAL,Urgent stock replenishment required
FOODS_1_002_CA_3_validation,FOODS_1_002,FOODS_1,FOODS,CA_3,CA,d_1894,0,2016-04-05,11610,Tuesday,4,4,2016,,,,,1,1,1,9.48,0,2,1.0,0.0,0.2857142857142857,0.4879500364742667,0,1,0.3661268,0.4879500364742667,2.1301408404140796,4.693028509023699,0.43935218,HIGH,4.253676324489626,90.63819485244355,CRITICAL,Urgent stock replenishment required
FOODS_1_008_TX_1_validation,FOODS_1_008,FOODS_1,FOODS,TX_1,TX,d_1894,0,2016-04-05,11610,Tuesday,4,4,2016,,,,,1,1,1,3.54,0,2,0.0,0.0,0.0,0.0,0,1,0.14085762,0.0,0.0,0.9860033392906189,0.16902915,HIGH,0.8169741928577423,82.85714259806821,CRITICAL,Urgent stock replenishment required
FOODS_1_006_CA_4_validation,FOODS_1_006,FOODS_1,FOODS,CA_4,CA,d_1894,1,2016-04-05,11610,Tuesday,4,4,2016,,,,,1,1,1,2.48,0,2,0.0,0.0,1.4285714285714286,1.6183471874253748,0,1,1.1033648,1.6183471874253748,7.0648779182658235,14.788431575797562,1.3240378,HIGH,13.4643937854991,91.04680044322377,CRITICAL,Urgent stock replenishment required
FOODS_1_011_WI_1_validation,FOODS_1_011,FOODS_1,FOODS,WI_1,WI,d_1894,0,2016-04-05,11610,Tuesday,4,4,2016,,,,,1,1,1,2.68,0,2,3.0,2.0,1.1428571428571428,1.6761634196950514,0,1,1.0544225,1.6761634196950514,7.317274082607539,14.69823168606213,1.2653071,HIGH,13.432924617237362,91.39143336524883,CRITICAL,Urgent stock replenishment required
FOODS_1_003_WI_1_validation,FOODS_1_003,FOODS_1,FOODS,WI_1,WI,d_1895,2,2016-04-06,11610,Wednesday,5,4,2016,,,,,1,1,1,3.23,0,2,2.0,2.0,1.0,0.5773502691896264,0,1,0.9679686,0.5773502691896264,2.520416632225715,9.296196833183966,1.1615623,HIGH,8.134634509613715,87.50497279248751,CRITICAL,Urgent stock replenishment required
FOODS_1_008_TX_2_validation,FOODS_1_008,FOODS_1,FOODS,TX_2,TX,d_1895,0,2016-04-06,11610,Wednesday,5,4,2016,,,,,1,1,1,3.54,0,2,0.0,0.0,0.0,0.0,0,1,0.14085762,0.0,0.0,0.9860033392906189,0.16902915,HIGH,0.8169741928577423,82.85714259806821,CRITICAL,Urgent stock replenishment required
FOODS_1_004_TX_2_validation,FOODS_1_004,FOODS_1,FOODS,TX_2,TX,d_1895,0,2016-04-06,11610,Wednesday,5,4,2016,,,,,1,1,1,1.96,0,2,0.0,0.0,0.0,0.0,0,1,0.34899265,0.0,0.0,2.442948579788208,0.4187912,HIGH,2.024157375097275,82.85714205547296,CRITICAL,Urgent stock replenishment required
FOODS_1_004_CA_2_validation,FOODS_1_004,FOODS_1,FOODS,CA_2,CA,d_1895,0,2016-04-06,11610,Wednesday,5,4,2016,,,,,1,1,1,1.96,0,2,0.0,0.0,0.0,0.0,0,1,0.34899265,0.0,0.0,2.442948579788208,0.4187912,HIGH,2.024157375097275,82.85714205547296,CRITICAL,Urgent stock replenishment required
FOODS_1_005_CA_3_validation,FOODS_1_005,FOODS_1,FOODS,CA_3,CA,d_1895,1,2016-04-06,11610,Wednesday,5,4,2016,,,,,1,1,1,3.54,0,2,4.0,2.0,3.4285714285714284,4.035556254807295,0,1,2.2009919,4.035556254807295,17.617179115851663,33.02412243707969,2.6411903,HIGH,30.38293214662864,92.00223928589392,CRITICAL,Urgent stock replenishment required
FOODS_1_005_TX_3_validation,FOODS_1_005,FOODS_1,FOODS,TX_3,TX,d_1895,0,2016-04-06,11610,Wednesday,5,4,2016,,,,,1,1,1,3.54,0,2,1.0,2.0,1.8571428571428572,1.2149857925879122,0,1,1.6500475,1.2149857925879122,5.304007918546127,16.854340941617416,1.9800571,HIGH,14.874283821294235,88.25194573206986,CRITICAL,Urgent stock replenishment required
FOODS_1_003_CA_3_validation,FOODS_1_003,FOODS_1,FOODS,CA_3,CA,d_1895,0,2016-04-06,11610,Wednesday,5,4,2016,,,,,1,1,1,3.23,0,2,1.0,0.0,1.1428571428571428,1.0690449676496976,0,1,0.9684057,1.0690449676496976,4.666904755831214,11.445744820833657,1.162087,HIGH,10.283657857180092,89.84699570150889,CRITICAL,Urgent stock replenishment required
FOODS_1_004_TX_3_validation,FOODS_1_004,FOODS_1,FOODS,TX_3,TX,d_1895,0,2016-04-06,11610,Wednesday,5,4,2016,,,,,1,1,1,1.96,0,2,0.0,0.0,0.0,0.0,0,1,0.34899265,0.0,0.0,2.442948579788208,0.4187912,HIGH,2.024157375097275,82.85714205547296,CRITICAL,Urgent stock replenishment required
FOODS_1_004_TX_1_validation,FOODS_1_004,FOODS_1,FOODS,TX_1,TX,d_1895,0,2016-04-06,11610,Wednesday,5,4,2016,,,,,1,1,1,1.96,0,2,0.0,0.0,0.0,0.0,0,1,0.34899265,0.0,0.0,2.442948579788208,0.4187912,HIGH,2.024157375097275,82.85714205547296,CRITICAL,Urgent stock replenishment required
FOODS_1_011_CA_2_validation,FOODS_1_011,FOODS_1,FOODS,CA_2,CA,d_1895,5,2016-04-06,11610,Wednesday,5,4,2016,,,,,1,1,1,2.68,0,2,3.0,0.0,2.4285714285714284,2.1491969707422394,0,1,1.7116706,2.1491969707422394,9.382297160077588,21.36399138157417,2.054005,HIGH,19.309986473966138,90.38566871273149,CRITICAL,Urgent stock replenishment required
FOODS_1_008_CA_1_validation,FOODS_1_008,FOODS_1,FOODS,CA_1,CA,d_1895,0,2016-04-06,11610,Wednesday,5,4,2016,,,,,1,1,1,3.54,0,2,0.0,0.0,0.2857142857142857,0.4879500364742667,0,1,0.38776743,0.4879500364742667,2.1301408404140796,4.844512998464617,0.46532094,HIGH,4.379192053678545,90.39488706225896,CRITICAL,Urgent stock replenishment required
FOODS_1_002_CA_3_validation,FOODS_1_002,FOODS_1,FOODS,CA_3,CA,d_1895,0,2016-04-06,11610,Wednesday,5,4,2016,,,,,1,1,1,9.48,0,2,0.0,0.0,0.14285714285714285,0.3779644730092274,0,1,0.32540014,0.3779644730092274,1.6500000000000008,3.9278010368347176,0.3904802,HIGH,3.5373208463191994,90.05855472684041,CRITICAL,Urgent stock replenishment required
FOODS_1_001_CA_3_validation,FOODS_1_001,FOODS_1,FOODS,CA_3,CA,d_1895,1,2016-04-06,11610,Wednesday,5,4,2016,,,,,1,1,1,2.24,0,2,1.0,1.0,0.2857142857142857,0.48795003647427043,0,1,0.55762875,0.48795003647427043,2.130140840414096,6.033542215230991,0.6691545,HIGH,5.364387690427829,88.90942499558622,CRITICAL,Urgent stock replenishment required
FOODS_1_009_TX_3_validation,FOODS_1_009,FOODS_1,FOODS,TX_3,TX,d_1895,0,2016-04-06,11610,Wednesday,5,4,2016,,,,,1,1,1,2.24,0,2,0.0,0.0,0.0,0.0,0,1,0.13135263,0.0,0.0,0.9194684028625488,0.15762317,HIGH,0.7618452310562134,82.85714100499672,CRITICAL,Urgent stock replenishment required
FOODS_1_006_CA_4_validation,FOODS_1_006,FOODS_1,FOODS,CA_4,CA,d_1895,0,2016-04-06,11610,Wednesday,5,4,2016,,,,,1,1,1,2.48,0,2,0.0,0.0,1.5714285714285714,1.5118578920369097,0,1,1.1899105,1.5118578920369097,6.600000000000003,14.929373359680179,1.4278927,HIGH,13.501480674743656,90.43568239245165,CRITICAL,Urgent stock replenishment required
FOODS_1_004_CA_4_validation,FOODS_1_004,FOODS_1,FOODS,CA_4,CA,d_1895,0,2016-04-06,11610,Wednesday,5,4,2016,,,,,1,1,1,1.96,0,2,0.0,0.0,0.0,0.0,0,1,0.34899265,0.0,0.0,2.442948579788208,0.4187912,HIGH,2.024157375097275,82.85714205547296,CRITICAL,Urgent stock replenishment required
FOODS_1_010_CA_4_validation,FOODS_1_010,FOODS_1,FOODS,CA_4,CA,d_1895,0,2016-04-06,11610,Wednesday,5,4,2016,,,,,1,1,1,5.56,0,2,0.0,0.0,0.0,0.0,0,1,0.10841985,0.0,0.0,0.7589389681816101,0.13010383,HIGH,0.628835141658783,82.8571424083611,CRITICAL,Urgent stock replenishment required
FOODS_1_010_TX_3_validation,FOODS_1_010,FOODS_1,FOODS,TX_3,TX,d_1895,0,2016-04-06,11610,Wednesday,5,4,2016,,,,,1,1,1,6.27,0,2,0.0,2.0,2.142857142857143,4.059087394500207,0,1,0.9170129,4.059087394500207,17.719904062945712,24.138994333941806,1.1004155,HIGH,23.038578865725864,95.4413367309646,CRITICAL,Urgent stock replenishment required
FOODS_1_005_CA_2_validation,FOODS_1_005,FOODS_1,FOODS,CA_2,CA,d_1895,7,2016-04-06,11610,Wednesday,5,4,2016,,,,,1,1,1,3.54,0,2,0.0,13.0,6.285714285714286,6.07492896293956,0,1,5.166981,6.07492896293956,26.52003959273063,62.688908611285314,6.200378,HIGH,56.48853067015372,90.10929033781998,CRITICAL,Urgent stock replenishment required
FOODS_1_008_WI_2_validation,FOODS_1_008,FOODS_1,FOODS,WI_2,WI,d_1895,0,2016-04-06,11610,Wednesday,5,4,2016,,,,,1,1,1,3.54,0,2,0.0,0.0,0.14285714285714285,0.37796447300922725,0,1,0.32644004,0.37796447300922725,1.65,3.9350801944732665,0.39172807,HIGH,3.5433521211147307,90.0452327780077,CRITICAL,Urgent stock replenishment required
FOODS_1_006_TX_1_validation,FOODS_1_006,FOODS_1,FOODS,TX_1,TX,d_1895,0,2016-04-06,11610,Wednesday,5,4,2016,,,,,1,1,1,2.48,0,2,0.0,1.0,0.2857142857142857,0.4879500364742666,0,1,0.5218502,0.4879500364742666,2.1301408404140796,5.783092557790789,0.6262203,HIGH,5.156872271898302,89.17153271135417,CRITICAL,Urgent stock replenishment required
FOODS_1_002_TX_2_validation,FOODS_1_002,FOODS_1,FOODS,TX_2,TX,d_1895,0,2016-04-06,11610,Wednesday,5,4,2016,,,,,1,1,1,9.48,0,2,0.0,0.0,0.14285714285714285,0.37796447300922725,0,1,0.32540014,0.37796447300922725,1.65,3.9278010368347167,0.3904802,HIGH,3.5373208463191985,90.05855472684041,CRITICAL,Urgent stock replenishment required
FOODS_1_003_CA_2_validation,FOODS_1_003,FOODS_1,FOODS,CA_2,CA,d_1895,1,2016-04-06,11610,Wednesday,5,4,2016,,,,,1,1,1,3.23,0,2,1.0,1.0,0.2857142857142857,0.48795003647426766,0,1,0.4674313,0.48795003647426766,2.130140840414084,5.402159988287009,0.5609176,HIGH,4.841242372396506,89.61679000424483,CRITICAL,Urgent stock replenishment required
FOODS_1_008_TX_3_validation,FOODS_1_008,FOODS_1,FOODS,TX_3,TX,d_1895,0,2016-04-06,11610,Wednesday,5,4,2016,,,,,1,1,1,3.54,0,2,0.0,0.0,0.14285714285714285,0.37796447300922725,0,1,0.32644004,0.37796447300922725,1.65,3.9350801944732665,0.39172807,HIGH,3.5433521211147307,90.0452327780077,CRITICAL,Urgent stock replenishment required
FOODS_1_001_WI_2_validation,FOODS_1_001,FOODS_1,FOODS,WI_2,WI,d_1895,2,2016-04-06,11610,Wednesday,5,4,2016,,,,,1,1,1,2.24,0,2,0.0,0.0,0.2857142857142857,0.7559289460184545,0,1,0.5284659,0.7559289460184545,3.3,6.999261426925659,0.63415915,HIGH,6.365102279186249,90.93962763985574,CRITICAL,Urgent stock replenishment required
FOODS_1_004_WI_1_validation,FOODS_1_004,FOODS_1,FOODS,WI_1,WI,d_1895,0,2016-04-06,11610,Wednesday,5,4,2016,,,,,1,1,1,1.96,0,2,0.0,0.0,0.0,0.0,0,1,0.34899265,0.0,0.0,2.442948579788208,0.4187912,HIGH,2.024157375097275,82.85714205547296,CRITICAL,Urgent stock replenishment required
FOODS_1_002_CA_1_validation,FOODS_1_002,FOODS_1,FOODS,CA_1,CA,d_1895,1,2016-04-06,11610,Wednesday,5,4,2016,,,,,1,1,1,9.48,0,2,0.0,1.0,0.0,0.0,0,1,0.22204737,0.0,0.0,1.554331660270691,0.26645687,HIGH,1.2878747880458832,82.85714181628369,CRITICAL,Urgent stock replenishment required
FOODS_1_006_CA_1_validation,FOODS_1_006,FOODS_1,FOODS,CA_1,CA,d_1895,8,2016-04-06,11610,Wednesday,5,4,2016,,,,,1,1,1,2.48,0,2,2.0,4.0,1.7142857142857142,0.7559289460184537,0,1,1.5086861,0.7559289460184537,3.299999999999997,13.860802459716794,1.8104234,HIGH,12.050379085540769,86.938538519414,CRITICAL,Urgent stock replenishment required
FOODS_1_011_TX_3_validation,FOODS_1_011,FOODS_1,FOODS,TX_3,TX,d_1895,0,2016-04-06,11610,Wednesday,5,4,2016,,,,,1,1,1,2.68,0,2,0.0,0.0,0.2857142857142857,0.48795003647426666,0,1,0.44728735,0.48795003647426666,2.1301408404140796,5.261152326467546,0.53674483,HIGH,4.724407493474993,89.79796060470775,CRITICAL,Urgent stock replenishment required
FOODS_1_006_TX_3_validation,FOODS_1_006,FOODS_1,FOODS,TX_3,TX,d_1895,2,2016-04-06,11610,Wednesday,5,4,2016,,,,,1,1,1,2.48,0,2,3.0,0.0,0.8571428571428571,1.0690449676496976,0,1,0.7560806,1.0690449676496976,4.666904755831214,9.959469147921059,0.9072968,HIGH,9.052172371149513,90.89010906810294,CRITICAL,Urgent stock replenishment required
FOODS_1_005_TX_1_validation,FOODS_1_005,FOODS_1,FOODS,TX_1,TX,d_1895,0,2016-04-06,11610,Wednesday,5,4,2016,,,,,1,1,1,3.54,0,2,1.0,2.0,0.8571428571428571,1.214985792587912,0,1,0.9095059,1.214985792587912,5.304007918546127,11.670549304196761,1.0914072,HIGH,10.579142124364303,90.64819357354511,CRITICAL,Urgent stock replenishment required
FOODS_1_006_WI_1_validation,FOODS_1_006,FOODS_1,FOODS,WI_1,WI,d_1895,3,2016-04-06,11610,Wednesday,5,4,2016,,,,,1,1,1,2.48,0,2,0.0,0.0,2.142857142857143,2.1157009420498154,0,1,1.5381366,2.1157009420498154,9.236070593060665,20.00302692240637,1.845764,HIGH,18.15726288145941,90.77257633003818,CRITICAL,Urgent stock replenishment required
FOODS_1_002_TX_1_validation,FOODS_1_002,FOODS_1,FOODS,TX_1,TX,d_1895,0,2016-04-06,11610,Wednesday,5,4,2016,,,,,1,1,1,9.48,0,2,0.0,0.0,0.0,0.0,0,1,0.11765786,0.0,0.0,0.8236050605773926,0.14118944,HIGH,0.6824156194925308,82.85714259867707,CRITICAL,Urgent stock replenishment required
FOODS_1_009_WI_2_validation,FOODS_1_009,FOODS_1,FOODS,WI_2,WI,d_1895,0,2016-04-06,11610,Wednesday,5,4,2016,,,,,1,1,1,2.24,0,2,0.0,0.0,0.0,0.0,0,1,0.13135263,0.0,0.0,0.9194684028625488,0.15762317,HIGH,0.7618452310562134,82.85714100499672,CRITICAL,Urgent stock replenishment required
FOODS_1_004_WI_2_validation,FOODS_1_004,FOODS_1,FOODS,WI_2,WI,d_1895,0,2016-04-06,11610,Wednesday,5,4,2016,,,,,1,1,1,1.96,0,2,0.0,0.0,0.0,7.389734084383283e-07,0,1,0.40907866,7.389734084383283e-07,3.2259807759590005e-06,2.8635538889751606,0.4908944,HIGH,2.3726594819412403,82.85716190207243,CRITICAL,Urgent stock replenishment required
FOODS_1_010_TX_1_validation,FOODS_1_010,FOODS_1,FOODS,TX_1,TX,d_1895,0,2016-04-06,11610,Wednesday,5,4,2016,,,,,1,1,1,6.27,0,2,1.0,0.0,0.42857142857142855,0.534522483824849,0,1,0.44574195,0.534522483824849,2.333452377915608,5.453646097779499,0.53489035,HIGH,4.918755744099842,90.19205969566961,CRITICAL,Urgent stock replenishment required
FOODS_1_011_CA_3_validation,FOODS_1_011,FOODS_1,FOODS,CA_3,CA,d_1895,2,2016-04-06,11610,Wednesday,5,4,2016,,,,,1,1,1,2.68,0,2,2.0,1.0,2.142857142857143,1.3451854182690963,0,1,1.6300429,1.3451854182690963,5.872393038617212,17.28269329343899,1.9560516,HIGH,15.326641705380517,88.6820210551266,CRITICAL,Urgent stock replenishment required
FOODS_1_011_WI_3_validation,FOODS_1_011,FOODS_1,FOODS,WI_3,WI,d_1895,0,2016-04-06,11610,Wednesday,5,4,2016,,,,,1,1,1,2.68,0,2,0.0,1.0,0.7142857142857143,0.9511897312113419,0,1,0.78808856,0.9511897312113419,4.152408939398913,9.669028621710925,0.9457063,HIGH,8.723322313822894,90.21922113494904,CRITICAL,Urgent stock replenishment required
FOODS_1_006_CA_2_validation,FOODS_1_006,FOODS_1,FOODS,CA_2,CA,d_1895,1,2016-04-06,11610,Wednesday,5,4,2016,,,,,1,1,1,2.48,0,2,0.0,2.0,0.14285714285714285,0.37796447300922725,0,1,0.45957848,0.37796447300922725,1.65,4.867049360275269,0.5514942,HIGH,4.3155551791191105,88.66881881952051,CRITICAL,Urgent stock replenishment required
FOODS_1_010_CA_2_validation,FOODS_1_010,FOODS_1,FOODS,CA_2,CA,d_1895,0,2016-04-06,11610,Wednesday,5,4,2016,,,,,1,1,1,5.64,0,2,0.0,0.0,0.0,0.0,0,1,0.10841985,0.0,0.0,0.7589389681816101,0.13010383,HIGH,0.628835141658783,82.8571424083611,CRITICAL,Urgent stock replenishment required
FOODS_1_002_TX_3_validation,FOODS_1_002,FOODS_1,FOODS,TX_3,TX,d_1895,0,2016-04-06,11610,Wednesday,5,4,2016,,,,,1,1,1,9.48,0,2,0.0,0.0,0.42857142857142855,1.1338934190276817,0,1,0.40061697,1.1338934190276817,4.95,7.754318904876709,0.4807404,HIGH,7.273578506708145,93.80035301532124,CRITICAL,Urgent stock replenishment required
FOODS_1_002_CA_2_validation,FOODS_1_002,FOODS_1,FOODS,CA_2,CA,d_1895,2,2016-04-06,11610,Wednesday,5,4,2016,,,,,1,1,1,9.48,0,2,0.0,0.0,0.5714285714285714,0.7867957924694432,0,1,0.468846,0.7867957924694432,3.434748899119119,6.716670762675028,0.5626152,HIGH,6.154055546896677,91.62359991046696,CRITICAL,Urgent stock replenishment required
FOODS_1_006_CA_3_validation,FOODS_1_006,FOODS_1,FOODS,CA_3,CA,d_1895,0,2016-04-06,11610,Wednesday,5,4,2016,,,,,1,1,1,2.48,0,2,0.0,1.0,1.1428571428571428,1.5735915849388864,0,1,0.9691991,1.5735915849388864,6.869497798238238,13.653891585622272,1.163039,HIGH,12.490852616582355,91.48199645685914,CRITICAL,Urgent stock replenishment required
FOODS_1_002_WI_3_validation,FOODS_1_002,FOODS_1,FOODS,WI_3,WI,d_1895,0,2016-04-06,11610,Wednesday,5,4,2016,,,,,1,1,1,9.48,0,2,0.0,0.0,0.14285714285714285,0.37796447300922725,0,1,0.32540014,0.37796447300922725,1.65,3.9278010368347167,0.3904802,HIGH,3.5373208463191985,90.05855472684041,CRITICAL,Urgent stock replenishment required
FOODS_1_011_CA_4_validation,FOODS_1_011,FOODS_1,FOODS,CA_4,CA,d_1895,0,2016-04-06,11610,Wednesday,5,4,2016,,,,,1,1,1,2.68,0,2,0.0,2.0,0.7142857142857143,0.7559289460184535,0,1,0.8099942,0.7559289460184535,3.299999999999996,8.969959545135493,0.9719931,HIGH,7.997966456413264,89.16390777649214,CRITICAL,Urgent stock replenishment required
FOODS_1_004_WI_3_validation,FOODS_1_004,FOODS_1,FOODS,WI_3,WI,d_1895,0,2016-04-06,11610,Wednesday,5,4,2016,,,,,1,1,1,1.96,0,2,0.0,0.0,0.0,4.272243734249905e-07,0,1,0.3723237,4.272243734249905e-07,1.8650435860780626e-06,2.6062676483535228,0.44678846,HIGH,2.159479188337272,82.85715358902208,CRITICAL,Urgent stock replenishment required
FOODS_1_005_WI_1_validation,FOODS_1_005,FOODS_1,FOODS,WI_1,WI,d_1895,4,2016-04-06,11610,Wednesday,5,4,2016,,,,,1,1,1,3.54,0,2,1.0,5.0,2.4285714285714284,1.9023794624226815,0,1,2.1473224,1.9023794624226815,8.304817878797815,23.336074554518028,2.576787,HIGH,20.759287559583946,88.95792439763525,CRITICAL,Urgent stock replenishment required
FOODS_1_011_TX_2_validation,FOODS_1_011,FOODS_1,FOODS,TX_2,TX,d_1895,0,2016-04-06,11610,Wednesday,5,4,2016,,,,,1,1,1,2.68,0,2,0.0,0.0,0.14285714285714285,0.37796447300922725,0,1,0.36264923,0.37796447300922725,1.65,4.188544654846192,0.43517908,HIGH,3.7533655703067783,89.61025558039816,CRITICAL,Urgent stock replenishment required
FOODS_1_003_TX_2_validation,FOODS_1_003,FOODS_1,FOODS,TX_2,TX,d_1895,0,2016-04-06,11610,Wednesday,5,4,2016,,,,,1,1,1,3.23,0,2,4.0,0.0,1.2857142857142858,1.7043362064926935,0,1,1.0075772,1.7043362064926935,7.440262092157775,14.493302596613342,1.2090926,HIGH,13.28420997957843,91.65757694648947,CRITICAL,Urgent stock replenishment required
FOODS_1_010_WI_1_validation,FOODS_1_010,FOODS_1,FOODS,WI_1,WI,d_1895,3,2016-04-06,11610,Wednesday,5,4,2016,,,,,1,1,1,6.77,0,2,0.0,0.0,2.0,2.449489742783178,0,1,1.2249972,2.449489742783178,10.69322215237297,19.26820193447746,1.4699967,HIGH,17.798205243727338,92.37086731938494,CRITICAL,Urgent stock replenishment required
FOODS_1_004_CA_1_validation,FOODS_1_004,FOODS_1,FOODS,CA_1,CA,d_1895,0,2016-04-06,11610,Wednesday,5,4,2016,,,,,1,1,1,1.96,0,2,0.0,0.0,0.0,0.0,0,1,0.34899265,0.0,0.0,2.442948579788208,0.4187912,HIGH,2.024157375097275,82.85714205547296,CRITICAL,Urgent stock replenishment required
FOODS_1_003_CA_4_validation,FOODS_1_003,FOODS_1,FOODS,CA_4,CA,d_1895,0,2016-04-06,11610,Wednesday,5,4,2016,,,,,1,1,1,3.23,0,2,0.0,0.0,0.2857142857142857,0.48795003647426666,0,1,0.3951223,0.48795003647426666,2.1301408404140796,4.895996868017229,0.47414675,HIGH,4.421850114467653,90.31562383859134,CRITICAL,Urgent stock replenishment required
FOODS_1_008_CA_4_validation,FOODS_1_008,FOODS_1,FOODS,CA_4,CA,d_1895,0,2016-04-06,11610,Wednesday,5,4,2016,,,,,1,1,1,3.54,0,2,1.0,0.0,0.5714285714285714,1.133893419027682,0,1,0.567588,1.133893419027682,4.950000000000001,8.923115921020509,0.6811056,HIGH,8.242010307312013,92.36695320628985,CRITICAL,Urgent stock replenishment required
FOODS_1_002_WI_2_validation,FOODS_1_002,FOODS_1,FOODS,WI_2,WI,d_1895,2,2016-04-06,11610,Wednesday,5,4,2016,,,,,1,1,1,9.48,0,2,0.0,0.0,0.5714285714285714,1.1338934190276817,0,1,0.43569097,1.1338934190276817,4.95,7.999836874008179,0.5228292,HIGH,7.4770076990127565,93.46450204885906,CRITICAL,Urgent stock replenishment required
FOODS_1_010_CA_3_validation,FOODS_1_010,FOODS_1,FOODS,CA_3,CA,d_1895,1,2016-04-06,11610,Wednesday,5,4,2016,,,,,1,1,1,5.64,0,2,3.0,1.0,1.0,1.0000000000000002,0,1,0.7723935,1.0000000000000002,4.365489663256576,9.772244156969954,0.92687225,HIGH,8.845371903551985,90.51525689974818,CRITICAL,Urgent stock replenishment required
FOODS_1_011_WI_2_validation,FOODS_1_011,FOODS_1,FOODS,WI_2,WI,d_1895,1,2016-04-06,11610,Wednesday,5,4,2016,,,,,1,1,1,2.68,0,2,0.0,2.0,1.4285714285714286,2.14919697074224,0,1,1.1708252,2.14919697074224,9.38229716007759,17.57807409946968,1.4049903,HIGH,16.173083784032364,92.00714306079922,CRITICAL,Urgent stock replenishment required
FOODS_1_006_WI_3_validation,FOODS_1_006,FOODS_1,FOODS,WI_3,WI,d_1895,0,2016-04-06,11610,Wednesday,5,4,2016,,,,,1,1,1,2.48,0,2,1.0,1.0,1.5714285714285714,1.618347187425374,0,1,1.2616725,1.618347187425374,7.064877918265821,15.896584918998244,1.5140071,HIGH,14.382577827476027,90.47589718649064,CRITICAL,Urgent stock replenishment required
FOODS_1_009_TX_1_validation,FOODS_1_009,FOODS_1,FOODS,TX_1,TX,d_1895,0,2016-04-06,11610,Wednesday,5,4,2016,,,,,1,1,1,2.24,0,2,0.0,0.0,0.0,0.0,0,1,0.13135263,0.0,0.0,0.9194684028625488,0.15762317,HIGH,0.7618452310562134,82.85714100499672,CRITICAL,Urgent stock replenishment required
FOODS_1_005_WI_3_validation,FOODS_1_005,FOODS_1,FOODS,WI_3,WI,d_1895,2,2016-04-06,11610,Wednesday,5,4,2016,,,,,1,1,1,3.54,0,2,1.0,2.0,0.8571428571428571,0.899735410842438,0,1,0.9459629,0.899735410842438,3.9277856356985703,10.549525976885093,1.1351556,HIGH,9.414370418298972,89.23974820220981,CRITICAL,Urgent stock replenishment required
FOODS_1_001_CA_2_validation,FOODS_1_001,FOODS_1,FOODS,CA_2,CA,d_1895,2,2016-04-06,11610,Wednesday,5,4,2016,,,,,1,1,1,2.24,0,2,0.0,0.0,0.2857142857142857,0.4879500364742666,0,1,0.5090247,0.4879500364742666,2.1301408404140796,5.693313657644304,0.61082965,HIGH,5.082484006288561,89.27110487693588,CRITICAL,Urgent stock replenishment required
FOODS_1_003_CA_1_validation,FOODS_1_003,FOODS_1,FOODS,CA_1,CA,d_1895,1,2016-04-06,11610,Wednesday,5,4,2016,,,,,1,1,1,3.23,0,2,0.0,0.0,0.42857142857142855,0.5345224838248491,0,1,0.4702869,0.5345224838248491,2.3334523779156084,5.625460777878987,0.5643443,HIGH,5.061116490960347,89.96803445616736,CRITICAL,Urgent stock replenishment required
FOODS_1_003_WI_3_validation,FOODS_1_003,FOODS_1,FOODS,WI_3,WI,d_1895,0,2016-04-06,11610,Wednesday,5,4,2016,,,,,1,1,1,3.23,0,2,0.0,1.0,0.0,0.0,0,1,0.1766343,0.0,0.0,1.2364400625228882,0.21196117,HIGH,1.0244788974523544,82.857141927443,CRITICAL,Urgent stock replenishment required
FOODS_1_008_TX_1_validation,FOODS_1_008,FOODS_1,FOODS,TX_1,TX,d_1895,0,2016-04-06,11610,Wednesday,5,4,2016,,,,,1,1,1,3.54,0,2,0.0,0.0,0.0,0.0,0,1,0.14085762,0.0,0.0,0.9860033392906189,0.16902915,HIGH,0.8169741928577423,82.85714259806821,CRITICAL,Urgent stock replenishment required
FOODS_1_009_WI_1_validation,FOODS_1_009,FOODS_1,FOODS,WI_1,WI,d_1895,0,2016-04-06,11610,Wednesday,5,4,2016,,,,,1,1,1,2.24,0,2,0.0,0.0,0.0,0.0,0,1,0.13135263,0.0,0.0,0.9194684028625488,0.15762317,HIGH,0.7618452310562134,82.85714100499672,CRITICAL,Urgent stock replenishment required
FOODS_1_006_WI_2_validation,FOODS_1_006,FOODS_1,FOODS,WI_2,WI,d_1895,0,2016-04-06,11610,Wednesday,5,4,2016,,,,,1,1,1,2.48,0,2,0.0,2.0,0.8571428571428571,0.8997354108424309,0,1,0.9479986,0.8997354108424309,3.9277856356985392,10.563775778520805,1.1375984,HIGH,9.42617738317321,89.23113838083671,CRITICAL,Urgent stock replenishment required
FOODS_1_001_TX_1_validation,FOODS_1_001,FOODS_1,FOODS,TX_1,TX,d_1895,0,2016-04-06,11610,Wednesday,5,4,2016,,,,,1,1,1,2.24,0,2,0.0,0.0,0.14285714285714285,0.37796447300922725,0,1,0.43458158,0.37796447300922725,1.65,4.692071104049683,0.5214979,HIGH,4.170573198795319,88.8855498203285,CRITICAL,Urgent stock replenishment required
FOODS_1_009_CA_4_validation,FOODS_1_009,FOODS_1,FOODS,CA_4,CA,d_1895,0,2016-04-06,11610,Wednesday,5,4,2016,,,,,1,1,1,2.24,0,2,0.0,0.0,0.0,0.0,0,1,0.13135263,0.0,0.0,0.9194684028625488,0.15762317,HIGH,0.7618452310562134,82.85714100499672,CRITICAL,Urgent stock replenishment required
FOODS_1_005_CA_1_validation,FOODS_1_005,FOODS_1,FOODS,CA_1,CA,d_1895,0,2016-04-06,11610,Wednesday,5,4,2016,,,,,1,1,1,3.54,0,2,0.0,1.0,0.7142857142857143,1.2535663410560098,0,1,0.7205655,1.2535663410560098,5.472430904086376,10.516389568026806,0.8646786,HIGH,9.651710946734692,91.77779963647397,CRITICAL,Urgent stock replenishment required
FOODS_1_009_CA_1_validation,FOODS_1_009,FOODS_1,FOODS,CA_1,CA,d_1895,0,2016-04-06,11610,Wednesday,5,4,2016,,,,,1,1,1,2.24,0,2,0.0,0.0,0.0,0.0,0,1,0.13135263,0.0,0.0,0.9194684028625488,0.15762317,HIGH,0.7618452310562134,82.85714100499672,CRITICAL,Urgent stock replenishment required
FOODS_1_005_CA_4_validation,FOODS_1_005,FOODS_1,FOODS,CA_4,CA,d_1895,1,2016-04-06,11610,Wednesday,5,4,2016,,,,,1,1,1,3.54,0,2,0.0,0.0,2.4285714285714284,2.9920529661723823,0,1,1.760564,2.9920529661723823,13.061776295741709,25.38572420223585,2.1126769,HIGH,23.27304734333387,91.67769711011078,CRITICAL,Urgent stock replenishment required
FOODS_1_001_CA_1_validation,FOODS_1_001,FOODS_1,FOODS,CA_1,CA,d_1895,3,2016-04-06,11610,Wednesday,5,4,2016,,,,,1,1,1,2.24,0,2,1.0,0.0,1.4285714285714286,1.8126539343499317,0,1,1.1443927,1.8126539343499317,7.913122013465989,15.923870876686204,1.3732713,HIGH,14.55059953059398,91.37602058741382,CRITICAL,Urgent stock replenishment required
FOODS_1_005_TX_2_validation,FOODS_1_005,FOODS_1,FOODS,TX_2,TX,d_1895,0,2016-04-06,11610,Wednesday,5,4,2016,,,,,1,1,1,3.54,0,2,1.0,1.0,1.5714285714285714,1.7182493859684487,0,1,1.4154823,1.7182493859684487,7.500999933342219,17.409375673393487,1.6985788,HIGH,15.710796838859796,90.24330989002894,CRITICAL,Urgent stock replenishment required
FOODS_1_004_CA_3_validation,FOODS_1_004,FOODS_1,FOODS,CA_3,CA,d_1895,0,2016-04-06,11610,Wednesday,5,4,2016,,,,,1,1,1,1.5,0,2,0.0,0.0,0.0,0.0,0,1,0.6621903,0.0,0.0,4.635332107543945,0.79462844,HIGH,3.8407036662101746,82.85714113039447,CRITICAL,Urgent stock replenishment required
FOODS_1_008_CA_2_validation,FOODS_1_008,FOODS_1,FOODS,CA_2,CA,d_1895,0,2016-04-06,11610,Wednesday,5,4,2016,,,,,1,1,1,3.54,0,2,2.0,0.0,0.5714285714285714,0.7867957924694432,0,1,0.5205985,0.7867957924694432,3.434748899119119,7.078938256876688,0.6247182,HIGH,6.454220067637186,91.17497332834296,CRITICAL,Urgent stock replenishment required
FOODS_1_011_TX_1_validation,FOODS_1_011,FOODS_1,FOODS,TX_1,TX,d_1895,0,2016-04-06,11610,Wednesday,5,4,2016,,,,,1,1,1,2.68,0,2,1.0,0.0,0.2857142857142857,0.4879500364742665,0,1,0.44728735,0.4879500364742665,2.1301408404140787,5.2611523264675455,0.53674483,HIGH,4.724407493474992,89.79796060470775,CRITICAL,Urgent stock replenishment required
FOODS_1_010_TX_2_validation,FOODS_1_010,FOODS_1,FOODS,TX_2,TX,d_1895,0,2016-04-06,11610,Wednesday,5,4,2016,,,,,1,1,1,6.27,0,2,0.0,1.0,0.7142857142857143,0.7559289460184528,0,1,0.6534586,0.7559289460184528,3.2999999999999927,7.874210166931145,0.78415036,HIGH,7.0900598049163746,90.04153628883415,CRITICAL,Urgent stock replenishment required
FOODS_1_010_WI_2_validation,FOODS_1_010,FOODS_1,FOODS,WI_2,WI,d_1895,1,2016-04-06,11610,Wednesday,5,4,2016,,,,,1,1,1,6.77,0,2,0.0,0.0,0.14285714285714285,0.37796447300922725,0,1,0.32540014,0.37796447300922725,1.65,3.9278010368347167,0.3904802,HIGH,3.5373208463191985,90.05855472684041,CRITICAL,Urgent stock replenishment required
FOODS_1_008_CA_3_validation,FOODS_1_008,FOODS_1,FOODS,CA_3,CA,d_1895,0,2016-04-06,11610,Wednesday,5,4,2016,,,,,1,1,1,3.54,0,2,0.0,0.0,0.0,0.0,0,1,0.14085762,0.0,0.0,0.9860033392906189,0.16902915,HIGH,0.8169741928577423,82.85714259806821,CRITICAL,Urgent stock replenishment required
FOODS_1_001_WI_1_validation,FOODS_1_001,FOODS_1,FOODS,WI_1,WI,d_1895,0,2016-04-06,11610,Wednesday,5,4,2016,,,,,1,1,1,2.24,0,2,0.0,0.0,0.14285714285714285,0.3779644730092274,0,1,0.43458158,0.3779644730092274,1.6500000000000008,4.692071104049683,0.5214979,HIGH,4.170573198795319,88.8855498203285,CRITICAL,Urgent stock replenishment required
FOODS_1_009_TX_2_validation,FOODS_1_009,FOODS_1,FOODS,TX_2,TX,d_1895,0,2016-04-06,11610,Wednesday,5,4,2016,,,,,1,1,1,2.24,0,2,0.0,0.0,0.0,0.0,0,1,0.13135263,0.0,0.0,0.9194684028625488,0.15762317,HIGH,0.7618452310562134,82.85714100499672,CRITICAL,Urgent stock replenishment required
FOODS_1_006_TX_2_validation,FOODS_1_006,FOODS_1,FOODS,TX_2,TX,d_1895,1,2016-04-06,11610,Wednesday,5,4,2016,,,,,1,1,1,2.48,0,2,1.0,0.0,0.8571428571428571,0.6900655593423543,0,1,0.7006194,0.6900655593423543,3.012474066278414,7.916810041925387,0.8407433,HIGH,7.076066738626436,89.38027691902938,CRITICAL,Urgent stock replenishment required
FOODS_1_001_CA_4_validation,FOODS_1_001,FOODS_1,FOODS,CA_4,CA,d_1895,1,2016-04-06,11610,Wednesday,5,4,2016,,,,,1,1,1,2.24,0,2,0.0,0.0,0.14285714285714285,0.37796447300922725,0,1,0.43458158,0.37796447300922725,1.65,4.692071104049683,0.5214979,HIGH,4.170573198795319,88.8855498203285,CRITICAL,Urgent stock replenishment required
FOODS_1_002_CA_4_validation,FOODS_1_002,FOODS_1,FOODS,CA_4,CA,d_1895,3,2016-04-06,11610,Wednesday,5,4,2016,,,,,1,1,1,9.48,0,2,0.0,0.0,0.14285714285714285,0.3779644730092273,0,1,0.32540014,0.3779644730092273,1.6500000000000004,3.927801036834717,0.3904802,HIGH,3.537320846319199,90.05855472684041,CRITICAL,Urgent stock replenishment required
FOODS_1_003_TX_1_validation,FOODS_1_003,FOODS_1,FOODS,TX_1,TX,d_1895,0,2016-04-06,11610,Wednesday,5,4,2016,,,,,1,1,1,3.23,0,2,0.0,1.0,0.14285714285714285,0.37796447300922725,0,1,0.3886425,0.37796447300922725,1.65,4.370497369766236,0.466371,HIGH,3.904126369953156,89.32910924419514,CRITICAL,Urgent stock replenishment required
FOODS_1_001_WI_3_validation,FOODS_1_001,FOODS_1,FOODS,WI_3,WI,d_1895,1,2016-04-06,11610,Wednesday,5,4,2016,,,,,1,1,1,2.24,0,2,1.0,0.0,0.2857142857142857,0.48795003647426666,0,1,0.5090247,0.48795003647426666,2.1301408404140796,5.693313657644304,0.61082965,HIGH,5.082484006288561,89.27110487693588,CRITICAL,Urgent stock replenishment required
FOODS_1_011_CA_1_validation,FOODS_1_011,FOODS_1,FOODS,CA_1,CA,d_1895,0,2016-04-06,11610,Wednesday,5,4,2016,,,,,1,1,1,2.68,0,2,4.0,0.0,1.5714285714285714,1.2724180205607039,0,1,1.2660978,1.2724180205607039,5.554727716099144,14.417411965977074,1.5193174,HIGH,12.898094577442528,89.46192706347085,CRITICAL,Urgent stock replenishment required
FOODS_1_005_WI_2_validation,FOODS_1_005,FOODS_1,FOODS,WI_2,WI,d_1895,1,2016-04-06,11610,Wednesday,5,4,2016,,,,,1,1,1,3.54,0,2,0.0,2.0,1.0,1.1547005383792468,0,1,1.0184232,1.1547005383792468,5.040833264451403,12.169795781236072,1.2221079,HIGH,10.947687893968006,89.95786035167191,CRITICAL,Urgent stock replenishment required
FOODS_1_009_CA_2_validation,FOODS_1_009,FOODS_1,FOODS,CA_2,CA,d_1895,0,2016-04-06,11610,Wednesday,5,4,2016,,,,,1,1,1,2.24,0,2,0.0,0.0,0.0,0.0,0,1,0.13135263,0.0,0.0,0.9194684028625488,0.15762317,HIGH,0.7618452310562134,82.85714100499672,CRITICAL,Urgent stock replenishment required
FOODS_1_011_WI_1_validation,FOODS_1_011,FOODS_1,FOODS,WI_1,WI,d_1895,4,2016-04-06,11610,Wednesday,5,4,2016,,,,,1,1,1,2.68,0,2,0.0,1.0,0.7142857142857143,1.496026483086191,0,1,0.7258637,1.496026483086191,6.5308881478708525,11.611934252302005,0.87103647,HIGH,10.740897782365634,92.4987822785537,CRITICAL,Urgent stock replenishment required
FOODS_1_008_WI_3_validation,FOODS_1_008,FOODS_1,FOODS,WI_3,WI,d_1895,1,2016-04-06,11610,Wednesday,5,4,2016,,,,,1,1,1,3.54,0,2,0.0,0.0,0.14285714285714285,0.37796447300922725,0,1,0.32644004,0.37796447300922725,1.65,3.9350801944732665,0.39172807,HIGH,3.5433521211147307,90.0452327780077,CRITICAL,Urgent stock replenishment required
FOODS_1_003_TX_3_validation,FOODS_1_003,FOODS_1,FOODS,TX_3,TX,d_1895,0,2016-04-06,11610,Wednesday,5,4,2016,,,,,1,1,1,3.23,0,2,0.0,0.0,0.0,0.0,0,1,0.0946203,0.0,0.0,0.6623421311378479,0.11354437,HIGH,0.5487977638840675,82.85714256788698,CRITICAL,Urgent stock replenishment required
FOODS_1_009_CA_3_validation,FOODS_1_009,FOODS_1,FOODS,CA_3,CA,d_1895,0,2016-04-06,11610,Wednesday,5,4,2016,,,,,1,1,1,1.98,0,2,0.0,0.0,0.0,0.0,0,1,0.13397686,0.0,0.0,0.9378380179405212,0.16077223,HIGH,0.77706578373909,82.85714258476268,CRITICAL,Urgent stock replenishment required
FOODS_1_001_TX_2_validation,FOODS_1_001,FOODS_1,FOODS,TX_2,TX,d_1895,0,2016-04-06,11610,Wednesday,5,4,2016,,,,,1,1,1,2.24,0,2,0.0,0.0,0.42857142857142855,1.1338934190276815,0,1,0.6131019,1.1338934190276815,4.949999999999999,9.24171323776245,0.7357223,HIGH,8.505990934371948,92.03911347969253,CRITICAL,Urgent stock replenishment required
FOODS_1_002_WI_1_validation,FOODS_1_002,FOODS_1,FOODS,WI_1,WI,d_1895,2,2016-04-06,11610,Wednesday,5,4,2016,,,,,1,1,1,9.48,0,2,0.0,1.0,0.5714285714285714,0.7867957924694452,0,1,0.5634217,0.7867957924694452,3.434748899119128,7.378700982706775,0.6761061,HIGH,6.702594887392749,90.83705794693952,CRITICAL,Urgent stock replenishment required
FOODS_1_010_CA_1_validation,FOODS_1_010,FOODS_1,FOODS,CA_1,CA,d_1895,3,2016-04-06,11610,Wednesday,5,4,2016,,,,,1,1,1,5.64,0,2,0.0,0.0,0.2857142857142857,0.4879500364742666,0,1,0.38243505,0.4879500364742666,2.1301408404140796,4.807186185720476,0.4589221,HIGH,4.348264097574266,90.45341556544207,CRITICAL,Urgent stock replenishment required
FOODS_1_008_WI_1_validation,FOODS_1_008,FOODS_1,FOODS,WI_1,WI,d_1895,0,2016-04-06,11610,Wednesday,5,4,2016,,,,,1,1,1,3.54,0,2,1.0,1.0,0.2857142857142857,0.4879500364742671,0,1,0.46496168,0.4879500364742671,2.1301408404140814,5.384872495534931,0.557954,HIGH,4.826918482187305,89.63849164840441,CRITICAL,Urgent stock replenishment required
FOODS_1_010_WI_3_validation,FOODS_1_010,FOODS_1,FOODS,WI_3,WI,d_1895,2,2016-04-06,11610,Wednesday,5,4,2016,,,,,1,1,1,6.77,0,2,0.0,0.0,0.5714285714285714,0.5345224838248488,0,1,0.49312797,0.5345224838248488,2.333452377915607,5.78534809172176,0.5917536,HIGH,5.193594489693867,89.77151257545538,CRITICAL,Urgent stock replenishment required
FOODS_1_001_TX_3_validation,FOODS_1_001,FOODS_1,FOODS,TX_3,TX,d_1895,0,2016-04-06,11610,Wednesday,5,4,2016,,,,,1,1,1,2.24,0,2,0.0,0.0,0.5714285714285714,0.534522483824849,0,1,0.64257365,0.534522483824849,2.333452377915608,6.831467781663166,0.7710884,HIGH,6.060379360318409,88.71269768095092,CRITICAL,Urgent stock replenishment required
FOODS_1_003_WI_2_validation,FOODS_1_003,FOODS_1,FOODS,WI_2,WI,d_1895,0,2016-04-06,11610,Wednesday,5,4,2016,,,,,1,1,1,3.23,0,2,0.0,0.0,0.14285714285714285,0.37796447300922725,0,1,0.32626355,0.37796447300922725,1.65,3.9338449478149413,0.39151627,HIGH,3.542328679561615,90.04749110737589,CRITICAL,Urgent stock replenishment required
FOODS_1_009_WI_3_validation,FOODS_1_009,FOODS_1,FOODS,WI_3,WI,d_1895,0,2016-04-06,11610,Wednesday,5,4,2016,,,,,1,1,1,2.24,0,2,0.0,0.0,0.0,0.0,0,1,0.13135263,0.0,0.0,0.9194684028625488,0.15762317,HIGH,0.7618452310562134,82.85714100499672,CRITICAL,Urgent stock replenishment required
FOODS_1_001_CA_4_validation,FOODS_1_001,FOODS_1,FOODS,CA_4,CA,d_1896,0,2016-04-07,11610,Thursday,6,4,2016,,,,,1,1,0,2.24,0,2,0.0,1.0,0.2857142857142857,0.4879500364742666,0,1,0.55762875,0.4879500364742666,2.1301408404140796,6.033542215230974,0.6691545,HIGH,5.3643876904278125,88.90942499558619,CRITICAL,Urgent stock replenishment required
FOODS_1_003_WI_1_validation,FOODS_1_003,FOODS_1,FOODS,WI_1,WI,d_1896,3,2016-04-07,11610,Thursday,6,4,2016,,,,,1,1,0,3.23,0,2,0.0,1.0,1.0,0.5773502691896264,0,1,0.9001935,0.5773502691896264,2.520416632225715,8.821771040489875,1.0802323,HIGH,7.741538777878485,87.75492746690688,CRITICAL,Urgent stock replenishment required
FOODS_1_005_WI_2_validation,FOODS_1_005,FOODS_1,FOODS,WI_2,WI,d_1896,2,2016-04-07,11610,Thursday,6,4,2016,,,,,1,1,0,3.54,0,2,0.0,0.0,1.1428571428571428,1.0690449676496927,0,1,0.97435206,1.0690449676496927,4.666904755831193,11.48736936688466,1.1692225,HIGH,10.318146892786455,89.82166902834348,CRITICAL,Urgent stock replenishment required
FOODS_1_001_TX_3_validation,FOODS_1_001,FOODS_1,FOODS,TX_3,TX,d_1896,0,2016-04-07,11610,Thursday,6,4,2016,,,,,1,1,0,2.24,0,2,0.0,4.0,0.5714285714285714,0.534522483824849,0,1,0.8512254,0.534522483824849,2.333452377915608,8.29203001081966,1.0214705,HIGH,7.270559464097248,87.68129703595416,CRITICAL,Urgent stock replenishment required
FOODS_1_004_CA_4_validation,FOODS_1_004,FOODS_1,FOODS,CA_4,CA,d_1896,0,2016-04-07,11610,Thursday,6,4,2016,,,,,1,1,0,1.96,0,2,0.0,0.0,0.0,0.0,0,1,0.34899265,0.0,0.0,2.442948579788208,0.4187912,HIGH,2.024157375097275,82.85714205547296,CRITICAL,Urgent stock replenishment required
FOODS_1_004_TX_2_validation,FOODS_1_004,FOODS_1,FOODS,TX_2,TX,d_1896,0,2016-04-07,11610,Thursday,6,4,2016,,,,,1,1,0,1.96,0,2,0.0,0.0,0.0,0.0,0,1,0.34899265,0.0,0.0,2.442948579788208,0.4187912,HIGH,2.024157375097275,82.85714205547296,CRITICAL,Urgent stock replenishment required
FOODS_1_003_TX_2_validation,FOODS_1_003,FOODS_1,FOODS,TX_2,TX,d_1896,0,2016-04-07,11610,Thursday,6,4,2016,,,,,1,1,0,3.23,0,2,2.0,0.0,0.7142857142857143,1.2535663410560176,0,1,0.6350784,1.2535663410560176,5.47243090408641,9.91797943847972,0.7620941,HIGH,9.15588535803157,92.31603488215168,CRITICAL,Urgent stock replenishment required
FOODS_1_005_CA_3_validation,FOODS_1_005,FOODS_1,FOODS,CA_3,CA,d_1896,0,2016-04-07,11610,Thursday,6,4,2016,,,,,1,1,0,3.54,0,2,9.0,0.0,3.0,4.12310562561766,0,1,2.1004336,4.12310562561766,17.999374989148926,32.702410343763184,2.5205204,HIGH,30.18188989507849,92.2925545175743,CRITICAL,Urgent stock replenishment required
FOODS_1_010_WI_1_validation,FOODS_1_010,FOODS_1,FOODS,WI_1,WI,d_1896,4,2016-04-07,11610,Thursday,6,4,2016,,,,,1,1,0,6.77,0,2,3.0,0.0,2.4285714285714284,2.2990681342044397,0,1,1.4462819,2.2990681342044397,10.036558174992061,20.160532021427606,1.7355384,HIGH,18.42499365797088,91.39140593307701,CRITICAL,Urgent stock replenishment required
FOODS_1_008_CA_3_validation,FOODS_1_008,FOODS_1,FOODS,CA_3,CA,d_1896,0,2016-04-07,11610,Thursday,6,4,2016,,,,,1,1,0,3.54,0,2,0.0,0.0,0.0,0.0,0,1,0.14085762,0.0,0.0,0.9860033392906189,0.16902915,HIGH,0.8169741928577423,82.85714259806821,CRITICAL,Urgent stock replenishment required
FOODS_1_001_CA_2_validation,FOODS_1_001,FOODS_1,FOODS,CA_2,CA,d_1896,0,2016-04-07,11610,Thursday,6,4,2016,,,,,1,1,0,2.24,0,2,0.0,1.0,0.5714285714285714,0.7867957924694432,0,1,0.70628595,0.7867957924694432,3.434748899119119,8.37875057377122,0.8475432,HIGH,7.531207393782358,89.88461140444967,CRITICAL,Urgent stock replenishment required
FOODS_1_010_TX_3_validation,FOODS_1_010,FOODS_1,FOODS,TX_3,TX,d_1896,0,2016-04-07,11610,Thursday,6,4,2016,,,,,1,1,0,6.27,0,2,0.0,0.0,2.142857142857143,4.059087394500207,0,1,0.8021305,4.059087394500207,17.719904062945712,23.33481752653824,0.96255666,HIGH,22.372260866362918,95.87501955358928,CRITICAL,Urgent stock replenishment required
FOODS_1_009_TX_3_validation,FOODS_1_009,FOODS_1,FOODS,TX_3,TX,d_1896,0,2016-04-07,11610,Thursday,6,4,2016,,,,,1,1,0,2.24,0,2,0.0,0.0,0.0,0.0,0,1,0.13135263,0.0,0.0,0.9194684028625488,0.15762317,HIGH,0.7618452310562134,82.85714100499672,CRITICAL,Urgent stock replenishment required
FOODS_1_004_TX_3_validation,FOODS_1_004,FOODS_1,FOODS,TX_3,TX,d_1896,0,2016-04-07,11610,Thursday,6,4,2016,,,,,1,1,0,1.96,0,2,0.0,0.0,0.0,0.0,0,1,0.34899265,0.0,0.0,2.442948579788208,0.4187912,HIGH,2.024157375097275,82.85714205547296,CRITICAL,Urgent stock replenishment required
FOODS_1_011_CA_1_validation,FOODS_1_011,FOODS_1,FOODS,CA_1,CA,d_1896,1,2016-04-07,11610,Thursday,6,4,2016,,,,,1,1,0,2.68,0,2,1.0,0.0,1.0,0.8164965809277261,0,1,0.89401525,0.8164965809277261,3.564407384124324,9.822514092650936,1.0728184,HIGH,8.749695694175289,89.07796529120468,CRITICAL,Urgent stock replenishment required
FOODS_1_004_CA_2_validation,FOODS_1_004,FOODS_1,FOODS,CA_2,CA,d_1896,0,2016-04-07,11610,Thursday,6,4,2016,,,,,1,1,0,1.96,0,2,0.0,0.0,0.0,0.0,0,1,0.34899265,0.0,0.0,2.442948579788208,0.4187912,HIGH,2.024157375097275,82.85714205547296,CRITICAL,Urgent stock replenishment required
FOODS_1_002_WI_1_validation,FOODS_1_002,FOODS_1,FOODS,WI_1,WI,d_1896,0,2016-04-07,11610,Thursday,6,4,2016,,,,,1,1,0,9.48,0,2,1.0,0.0,0.8571428571428571,0.8997354108424388,0,1,0.59875566,0.8997354108424388,3.927785635698574,8.119075060594813,0.7185068,HIGH,7.400568247545497,91.15038587909449,CRITICAL,Urgent stock replenishment required
FOODS_1_006_CA_3_validation,FOODS_1_006,FOODS_1,FOODS,CA_3,CA,d_1896,0,2016-04-07,11610,Thursday,6,4,2016,,,,,1,1,0,2.48,0,2,0.0,1.0,1.1428571428571428,1.5735915849388864,0,1,0.9691991,1.5735915849388864,6.869497798238238,13.653891585622272,1.163039,HIGH,12.490852616582355,91.48199645685914,CRITICAL,Urgent stock replenishment required
FOODS_1_002_TX_1_validation,FOODS_1_002,FOODS_1,FOODS,TX_1,TX,d_1896,0,2016-04-07,11610,Thursday,6,4,2016,,,,,1,1,0,9.48,0,2,0.0,0.0,0.0,0.0,0,1,0.11765786,0.0,0.0,0.8236050605773926,0.14118944,HIGH,0.6824156194925308,82.85714259867707,CRITICAL,Urgent stock replenishment required
FOODS_1_006_TX_2_validation,FOODS_1_006,FOODS_1,FOODS,TX_2,TX,d_1896,0,2016-04-07,11610,Thursday,6,4,2016,,,,,1,1,0,2.48,0,2,1.0,0.0,0.8571428571428571,0.6900655593423543,0,1,0.7006194,0.6900655593423543,3.012474066278414,7.916810041925387,0.8407433,HIGH,7.076066738626436,89.38027691902938,CRITICAL,Urgent stock replenishment required
FOODS_1_006_WI_2_validation,FOODS_1_006,FOODS_1,FOODS,WI_2,WI,d_1896,1,2016-04-07,11610,Thursday,6,4,2016,,,,,1,1,0,2.48,0,2,0.0,0.0,0.8571428571428571,0.8997354108424309,0,1,0.75017816,0.8997354108424309,3.9277856356985392,9.17903256486724,0.90021384,HIGH,8.278818727243644,90.19271550392831,CRITICAL,Urgent stock replenishment required
FOODS_1_006_TX_3_validation,FOODS_1_006,FOODS_1,FOODS,TX_3,TX,d_1896,1,2016-04-07,11610,Thursday,6,4,2016,,,,,1,1,0,2.48,0,2,0.0,0.0,0.7142857142857143,0.7559289460184545,0,1,0.6524972,0.7559289460184545,3.3,7.867480087280273,0.78299665,HIGH,7.084483432769775,90.04768177581529,CRITICAL,Urgent stock replenishment required
FOODS_1_002_WI_3_validation,FOODS_1_002,FOODS_1,FOODS,WI_3,WI,d_1896,0,2016-04-07,11610,Thursday,6,4,2016,,,,,1,1,0,9.48,0,2,0.0,0.0,0.14285714285714285,0.37796447300922725,0,1,0.32540014,0.37796447300922725,1.65,3.9278010368347167,0.3904802,HIGH,3.5373208463191985,90.05855472684041,CRITICAL,Urgent stock replenishment required
FOODS_1_006_WI_1_validation,FOODS_1_006,FOODS_1,FOODS,WI_1,WI,d_1896,1,2016-04-07,11610,Thursday,6,4,2016,,,,,1,1,0,2.48,0,2,0.0,2.0,2.5714285714285716,1.902379462422684,0,1,1.9184759,1.902379462422684,8.304817878797826,21.73414870460349,2.3021712,HIGH,19.43197747428733,89.40758498708283,CRITICAL,Urgent stock replenishment required
FOODS_1_003_CA_4_validation,FOODS_1_003,FOODS_1,FOODS,CA_4,CA,d_1896,0,2016-04-07,11610,Thursday,6,4,2016,,,,,1,1,0,3.23,0,2,0.0,2.0,0.2857142857142857,0.48795003647426666,0,1,0.57020706,0.48795003647426666,2.1301408404140796,6.121590196493181,0.6842485,HIGH,5.4373416894703235,88.82237318965198,CRITICAL,Urgent stock replenishment required
FOODS_1_008_CA_4_validation,FOODS_1_008,FOODS_1,FOODS,CA_4,CA,d_1896,0,2016-04-07,11610,Thursday,6,4,2016,,,,,1,1,0,3.54,0,2,0.0,0.0,0.42857142857142855,1.133893419027682,0,1,0.5154657,1.133893419027682,4.950000000000001,8.558259677886964,0.6185588,HIGH,7.9397008538246165,92.77237607476908,CRITICAL,Urgent stock replenishment required
FOODS_1_008_TX_3_validation,FOODS_1_008,FOODS_1,FOODS,TX_3,TX,d_1896,0,2016-04-07,11610,Thursday,6,4,2016,,,,,1,1,0,3.54,0,2,0.0,0.0,0.14285714285714285,0.37796447300922725,0,1,0.32644004,0.37796447300922725,1.65,3.9350801944732665,0.39172807,HIGH,3.5433521211147307,90.0452327780077,CRITICAL,Urgent stock replenishment required
FOODS_1_010_TX_2_validation,FOODS_1_010,FOODS_1,FOODS,TX_2,TX,d_1896,0,2016-04-07,11610,Thursday,6,4,2016,,,,,1,1,0,6.27,0,2,1.0,1.0,0.7142857142857143,0.7559289460184528,0,1,0.6534586,0.7559289460184528,3.2999999999999927,7.874210166931145,0.78415036,HIGH,7.0900598049163746,90.04153628883415,CRITICAL,Urgent stock replenishment required
FOODS_1_003_WI_3_validation,FOODS_1_003,FOODS_1,FOODS,WI_3,WI,d_1896,0,2016-04-07,11610,Thursday,6,4,2016,,,,,1,1,0,3.23,0,2,0.0,0.0,0.0,0.0,0,1,0.0946203,0.0,0.0,0.6623421311378479,0.11354437,HIGH,0.5487977638840675,82.85714256788698,CRITICAL,Urgent stock replenishment required
FOODS_1_009_WI_2_validation,FOODS_1_009,FOODS_1,FOODS,WI_2,WI,d_1896,0,2016-04-07,11610,Thursday,6,4,2016,,,,,1,1,0,2.24,0,2,0.0,0.0,0.0,0.0,0,1,0.13135263,0.0,0.0,0.9194684028625488,0.15762317,HIGH,0.7618452310562134,82.85714100499672,CRITICAL,Urgent stock replenishment required
FOODS_1_006_CA_4_validation,FOODS_1_006,FOODS_1,FOODS,CA_4,CA,d_1896,1,2016-04-07,11610,Thursday,6,4,2016,,,,,1,1,0,2.48,0,2,3.0,3.0,1.5714285714285714,1.5118578920369097,0,1,1.4386839,1.5118578920369097,6.600000000000003,16.67078742980957,1.7264208,HIGH,14.944366669654848,89.64403590758013,CRITICAL,Urgent stock replenishment required
FOODS_1_005_WI_3_validation,FOODS_1_005,FOODS_1,FOODS,WI_3,WI,d_1896,0,2016-04-07,11610,Thursday,6,4,2016,,,,,1,1,0,3.54,0,2,0.0,2.0,1.0,1.0000000000000007,0,1,1.0480254,1.0000000000000007,4.365489663256577,11.701667489184311,1.2576305,HIGH,10.444037021769455,89.25255337688182,CRITICAL,Urgent stock replenishment required
FOODS_1_004_CA_3_validation,FOODS_1_004,FOODS_1,FOODS,CA_3,CA,d_1896,0,2016-04-07,11610,Thursday,6,4,2016,,,,,1,1,0,1.5,0,2,0.0,0.0,0.0,0.0,0,1,0.6621903,0.0,0.0,4.635332107543945,0.79462844,HIGH,3.8407036662101746,82.85714113039447,CRITICAL,Urgent stock replenishment required
FOODS_1_001_TX_2_validation,FOODS_1_001,FOODS_1,FOODS,TX_2,TX,d_1896,0,2016-04-07,11610,Thursday,6,4,2016,,,,,1,1,0,2.24,0,2,3.0,0.0,0.42857142857142855,1.1338934190276815,0,1,0.60736823,1.1338934190276815,4.949999999999999,9.201577377319335,0.7288419,HIGH,8.472735476493835,92.07916348536068,CRITICAL,Urgent stock replenishment required
FOODS_1_008_WI_1_validation,FOODS_1_008,FOODS_1,FOODS,WI_1,WI,d_1896,0,2016-04-07,11610,Thursday,6,4,2016,,,,,1,1,0,3.54,0,2,0.0,1.0,0.14285714285714285,0.377964473009228,0,1,0.38881904,0.377964473009228,1.6500000000000032,4.371733331680301,0.46658286,HIGH,3.905150467157367,89.32727984248756,CRITICAL,Urgent stock replenishment required
FOODS_1_010_CA_2_validation,FOODS_1_010,FOODS_1,FOODS,CA_2,CA,d_1896,1,2016-04-07,11610,Thursday,6,4,2016,,,,,1,1,0,5.64,0,2,0.0,0.0,0.0,0.0,0,1,0.10841985,0.0,0.0,0.7589389681816101,0.13010383,HIGH,0.628835141658783,82.8571424083611,CRITICAL,Urgent stock replenishment required
FOODS_1_004_WI_3_validation,FOODS_1_004,FOODS_1,FOODS,WI_3,WI,d_1896,0,2016-04-07,11610,Thursday,6,4,2016,,,,,1,1,0,1.96,0,2,0.0,0.0,0.0,4.272243734249905e-07,0,1,0.3723237,4.272243734249905e-07,1.8650435860780626e-06,2.6062676483535228,0.44678846,HIGH,2.159479188337272,82.85715358902208,CRITICAL,Urgent stock replenishment required
FOODS_1_011_TX_2_validation,FOODS_1_011,FOODS_1,FOODS,TX_2,TX,d_1896,1,2016-04-07,11610,Thursday,6,4,2016,,,,,1,1,0,2.68,0,2,0.0,0.0,0.14285714285714285,0.37796447300922725,0,1,0.36264923,0.37796447300922725,1.65,4.188544654846192,0.43517908,HIGH,3.7533655703067783,89.61025558039816,CRITICAL,Urgent stock replenishment required
FOODS_1_011_TX_1_validation,FOODS_1_011,FOODS_1,FOODS,TX_1,TX,d_1896,0,2016-04-07,11610,Thursday,6,4,2016,,,,,1,1,0,2.68,0,2,1.0,1.0,0.14285714285714285,0.3779644730092271,0,1,0.42502818,0.3779644730092271,1.6499999999999995,4.625197315216064,0.51003385,HIGH,4.115163469314575,88.97271162413828,CRITICAL,Urgent stock replenishment required
FOODS_1_010_WI_2_validation,FOODS_1_010,FOODS_1,FOODS,WI_2,WI,d_1896,2,2016-04-07,11610,Thursday,6,4,2016,,,,,1,1,0,6.77,0,2,0.0,1.0,0.2857142857142857,0.4879500364742666,0,1,0.46210796,0.4879500364742666,2.1301408404140796,5.364896594884905,0.55452955,HIGH,4.81036704719356,89.66374210790839,CRITICAL,Urgent stock replenishment required
FOODS_1_009_WI_3_validation,FOODS_1_009,FOODS_1,FOODS,WI_3,WI,d_1896,0,2016-04-07,11610,Thursday,6,4,2016,,,,,1,1,0,2.24,0,2,0.0,0.0,0.0,0.0,0,1,0.13135263,0.0,0.0,0.9194684028625488,0.15762317,HIGH,0.7618452310562134,82.85714100499672,CRITICAL,Urgent stock replenishment required
FOODS_1_003_WI_2_validation,FOODS_1_003,FOODS_1,FOODS,WI_2,WI,d_1896,0,2016-04-07,11610,Thursday,6,4,2016,,,,,1,1,0,3.23,0,2,0.0,0.0,0.14285714285714285,0.37796447300922725,0,1,0.32626355,0.37796447300922725,1.65,3.9338449478149413,0.39151627,HIGH,3.542328679561615,90.04749110737589,CRITICAL,Urgent stock replenishment required
FOODS_1_008_WI_3_validation,FOODS_1_008,FOODS_1,FOODS,WI_3,WI,d_1896,1,2016-04-07,11610,Thursday,6,4,2016,,,,,1,1,0,3.54,0,2,0.0,0.0,0.2857142857142857,0.4879500364742666,0,1,0.38776743,0.4879500364742666,2.1301408404140796,4.844512998464617,0.46532094,HIGH,4.379192053678545,90.39488706225896,CRITICAL,Urgent stock replenishment required
FOODS_1_002_CA_4_validation,FOODS_1_002,FOODS_1,FOODS,CA_4,CA,d_1896,0,2016-04-07,11610,Thursday,6,4,2016,,,,,1,1,0,9.48,0,2,1.0,1.0,0.5714285714285714,1.133893419027682,0,1,0.519484,1.133893419027682,4.950000000000001,8.586387825012208,0.6233808,HIGH,7.963007044792176,92.73989490197357,CRITICAL,Urgent stock replenishment required
FOODS_1_004_CA_1_validation,FOODS_1_004,FOODS_1,FOODS,CA_1,CA,d_1896,0,2016-04-07,11610,Thursday,6,4,2016,,,,,1,1,0,1.96,0,2,0.0,0.0,0.0,0.0,0,1,0.34899265,0.0,0.0,2.442948579788208,0.4187912,HIGH,2.024157375097275,82.85714205547296,CRITICAL,Urgent stock replenishment required
FOODS_1_003_TX_3_validation,FOODS_1_003,FOODS_1,FOODS,TX_3,TX,d_1896,0,2016-04-07,11610,Thursday,6,4,2016,,,,,1,1,0,3.23,0,2,0.0,0.0,0.0,0.0,0,1,0.0946203,0.0,0.0,0.6623421311378479,0.11354437,HIGH,0.5487977638840675,82.85714256788698,CRITICAL,Urgent stock replenishment required
FOODS_1_001_WI_3_validation,FOODS_1_001,FOODS_1,FOODS,WI_3,WI,d_1896,1,2016-04-07,11610,Thursday,6,4,2016,,,,,1,1,0,2.24,0,2,1.0,0.0,0.2857142857142857,0.48795003647426666,0,1,0.5090247,0.48795003647426666,2.1301408404140796,5.693313657644304,0.61082965,HIGH,5.082484006288561,89.27110487693588,CRITICAL,Urgent stock replenishment required
FOODS_1_009_TX_2_validation,FOODS_1_009,FOODS_1,FOODS,TX_2,TX,d_1896,0,2016-04-07,11610,Thursday,6,4,2016,,,,,1,1,0,2.24,0,2,0.0,0.0,0.0,0.0,0,1,0.13135263,0.0,0.0,0.9194684028625488,0.15762317,HIGH,0.7618452310562134,82.85714100499672,CRITICAL,Urgent stock replenishment required
FOODS_1_011_CA_4_validation,FOODS_1_011,FOODS_1,FOODS,CA_4,CA,d_1896,2,2016-04-07,11610,Thursday,6,4,2016,,,,,1,1,0,2.68,0,2,0.0,1.0,0.7142857142857143,0.7559289460184536,0,1,0.7291483,0.7559289460184536,3.2999999999999963,8.404038238525388,0.874978,HIGH,7.52906023263931,89.5886003721991,CRITICAL,Urgent stock replenishment required
FOODS_1_001_WI_1_validation,FOODS_1_001,FOODS_1,FOODS,WI_1,WI,d_1896,0,2016-04-07,11610,Thursday,6,4,2016,,,,,1,1,0,2.24,0,2,1.0,1.0,0.14285714285714285,0.3779644730092274,0,1,0.472739,0.3779644730092274,1.6500000000000008,4.959173107147217,0.56728685,HIGH,4.3918862581253055,88.5608580953883,CRITICAL,Urgent stock replenishment required
FOODS_1_003_CA_1_validation,FOODS_1_003,FOODS_1,FOODS,CA_1,CA,d_1896,1,2016-04-07,11610,Thursday,6,4,2016,,,,,1,1,0,3.23,0,2,1.0,0.0,0.5714285714285714,0.5345224838248492,0,1,0.53154993,0.5345224838248492,2.333452377915609,6.054301891923178,0.63785994,HIGH,5.416441951394308,89.46435192834016,CRITICAL,Urgent stock replenishment required
FOODS_1_010_CA_4_validation,FOODS_1_010,FOODS_1,FOODS,CA_4,CA,d_1896,0,2016-04-07,11610,Thursday,6,4,2016,,,,,1,1,0,5.56,0,2,0.0,0.0,0.0,0.0,0,1,0.10841985,0.0,0.0,0.7589389681816101,0.13010383,HIGH,0.628835141658783,82.8571424083611,CRITICAL,Urgent stock replenishment required
FOODS_1_005_CA_2_validation,FOODS_1_005,FOODS_1,FOODS,CA_2,CA,d_1896,4,2016-04-07,11610,Thursday,6,4,2016,,,,,1,1,0,3.54,0,2,8.0,7.0,7.285714285714286,5.407226205560042,0,1,4.5152893,5.407226205560042,23.605190107262437,55.21221525374681,5.4183474,HIGH,49.7938678950432,90.18632501195302,CRITICAL,Urgent stock replenishment required
FOODS_1_009_CA_2_validation,FOODS_1_009,FOODS_1,FOODS,CA_2,CA,d_1896,0,2016-04-07,11610,Thursday,6,4,2016,,,,,1,1,0,2.24,0,2,0.0,0.0,0.0,0.0,0,1,0.13135263,0.0,0.0,0.9194684028625488,0.15762317,HIGH,0.7618452310562134,82.85714100499672,CRITICAL,Urgent stock replenishment required
FOODS_1_006_WI_3_validation,FOODS_1_006,FOODS_1,FOODS,WI_3,WI,d_1896,0,2016-04-07,11610,Thursday,6,4,2016,,,,,1,1,0,2.48,0,2,1.0,1.0,1.4285714285714286,1.7182493859684491,0,1,1.176173,1.7182493859684491,7.5009999333422215,15.73421049700189,1.4114076,HIGH,14.322802907089475,91.02968915929176,CRITICAL,Urgent stock replenishment required
FOODS_1_011_WI_2_validation,FOODS_1_011,FOODS_1,FOODS,WI_2,WI,d_1896,0,2016-04-07,11610,Thursday,6,4,2016,,,,,1,1,0,2.68,0,2,0.0,0.0,1.5714285714285714,2.0701966780270626,0,1,1.1974908,2.0701966780270626,9.037422198835241,17.41985799748026,1.4369891,HIGH,15.982868928495275,91.75085658452072,CRITICAL,Urgent stock replenishment required
FOODS_1_005_WI_1_validation,FOODS_1_005,FOODS_1,FOODS,WI_1,WI,d_1896,3,2016-04-07,11610,Thursday,6,4,2016,,,,,1,1,0,3.54,0,2,1.0,3.0,2.857142857142857,1.8644544714716065,0,1,2.2063432,1.8644544714716065,8.139256722821798,23.583659417523947,2.6476119,HIGH,20.936047561063376,88.77353251424054,CRITICAL,Urgent stock replenishment required
FOODS_1_003_TX_1_validation,FOODS_1_003,FOODS_1,FOODS,TX_1,TX,d_1896,0,2016-04-07,11610,Thursday,6,4,2016,,,,,1,1,0,3.23,0,2,0.0,0.0,0.14285714285714285,0.37796447300922725,0,1,0.32626355,0.37796447300922725,1.65,3.9338449478149413,0.39151627,HIGH,3.542328679561615,90.04749110737589,CRITICAL,Urgent stock replenishment required
FOODS_1_009_CA_3_validation,FOODS_1_009,FOODS_1,FOODS,CA_3,CA,d_1896,0,2016-04-07,11610,Thursday,6,4,2016,,,,,1,1,0,1.98,0,2,0.0,0.0,0.0,0.0,0,1,0.13397686,0.0,0.0,0.9378380179405212,0.16077223,HIGH,0.77706578373909,82.85714258476268,CRITICAL,Urgent stock replenishment required
FOODS_1_010_CA_1_validation,FOODS_1_010,FOODS_1,FOODS,CA_1,CA,d_1896,0,2016-04-07,11610,Thursday,6,4,2016,,,,,1,1,0,5.64,0,2,0.0,0.0,0.7142857142857143,1.1126972805283737,0,1,0.54270196,1.1126972805283737,4.857468476480316,8.656382193750215,0.6512424,HIGH,8.005139818376374,92.47673726971034,CRITICAL,Urgent stock replenishment required
FOODS_1_011_WI_3_validation,FOODS_1_011,FOODS_1,FOODS,WI_3,WI,d_1896,0,2016-04-07,11610,Thursday,6,4,2016,,,,,1,1,0,2.68,0,2,2.0,1.0,0.7142857142857143,0.9511897312113419,0,1,0.7921564,0.9511897312113419,4.152408939398913,9.697503906287341,0.9505877,HIGH,8.746916216410785,90.19760446541046,CRITICAL,Urgent stock replenishment required
FOODS_1_010_CA_3_validation,FOODS_1_010,FOODS_1,FOODS,CA_3,CA,d_1896,0,2016-04-07,11610,Thursday,6,4,2016,,,,,1,1,0,5.64,0,2,1.0,0.0,0.7142857142857143,0.48795003647426743,0,1,0.536415,0.48795003647426743,2.130140840414083,5.8850455874233605,0.643698,HIGH,5.24134761035732,89.06214119323637,CRITICAL,Urgent stock replenishment required
FOODS_1_005_TX_2_validation,FOODS_1_005,FOODS_1,FOODS,TX_2,TX,d_1896,1,2016-04-07,11610,Thursday,6,4,2016,,,,,1,1,0,3.54,0,2,5.0,1.0,1.4285714285714286,1.812653934349931,0,1,1.2672511,1.812653934349931,7.913122013465985,16.783880070106612,1.5207014,HIGH,15.263178661720382,90.93951218648948,CRITICAL,Urgent stock replenishment required
FOODS_1_002_WI_2_validation,FOODS_1_002,FOODS_1,FOODS,WI_2,WI,d_1896,0,2016-04-07,11610,Thursday,6,4,2016,,,,,1,1,0,9.48,0,2,0.0,0.0,0.8571428571428571,1.2149857925879117,0,1,0.53611195,1.2149857925879117,5.304007918546126,9.056791693875716,0.6433344,HIGH,8.413457305142806,92.89666351531592,CRITICAL,Urgent stock replenishment required
FOODS_1_009_TX_1_validation,FOODS_1_009,FOODS_1,FOODS,TX_1,TX,d_1896,0,2016-04-07,11610,Thursday,6,4,2016,,,,,1,1,0,2.24,0,2,0.0,0.0,0.0,0.0,0,1,0.13135263,0.0,0.0,0.9194684028625488,0.15762317,HIGH,0.7618452310562134,82.85714100499672,CRITICAL,Urgent stock replenishment required
FOODS_1_005_CA_1_validation,FOODS_1_005,FOODS_1,FOODS,CA_1,CA,d_1896,3,2016-04-07,11610,Thursday,6,4,2016,,,,,1,1,0,3.54,0,2,0.0,2.0,0.7142857142857143,1.2535663410560098,0,1,0.83199835,1.2535663410560098,5.472430904086376,11.296419341738964,0.99839807,HIGH,10.298021276171948,91.16181831283431,CRITICAL,Urgent stock replenishment required
FOODS_1_011_WI_1_validation,FOODS_1_011,FOODS_1,FOODS,WI_1,WI,d_1896,0,2016-04-07,11610,Thursday,6,4,2016,,,,,1,1,0,2.68,0,2,0.0,0.0,1.2857142857142858,1.889822365046136,0,1,0.95229906,1.889822365046136,8.25,14.916093349456787,1.142759,HIGH,13.773334383964539,92.3387515838129,CRITICAL,Urgent stock replenishment required
FOODS_1_009_CA_1_validation,FOODS_1_009,FOODS_1,FOODS,CA_1,CA,d_1896,0,2016-04-07,11610,Thursday,6,4,2016,,,,,1,1,0,2.24,0,2,0.0,0.0,0.0,0.0,0,1,0.13135263,0.0,0.0,0.9194684028625488,0.15762317,HIGH,0.7618452310562134,82.85714100499672,CRITICAL,Urgent stock replenishment required
FOODS_1_005_CA_4_validation,FOODS_1_005,FOODS_1,FOODS,CA_4,CA,d_1896,0,2016-04-07,11610,Thursday,6,4,2016,,,,,1,1,0,3.54,0,2,2.0,0.0,2.5714285714285716,2.8784916685156974,0,1,1.9343431,2.8784916685156974,12.566025624675447,26.10642708341568,2.3212118,HIGH,23.78521526853531,91.1086576211153,CRITICAL,Urgent stock replenishment required
FOODS_1_001_TX_1_validation,FOODS_1_001,FOODS_1,FOODS,TX_1,TX,d_1896,0,2016-04-07,11610,Thursday,6,4,2016,,,,,1,1,0,2.24,0,2,0.0,1.0,0.14285714285714285,0.37796447300922725,0,1,0.4751261,0.37796447300922725,1.65,4.97588267326355,0.5701513,HIGH,4.405731344223023,88.54170472901082,CRITICAL,Urgent stock replenishment required
FOODS_1_009_CA_4_validation,FOODS_1_009,FOODS_1,FOODS,CA_4,CA,d_1896,0,2016-04-07,11610,Thursday,6,4,2016,,,,,1,1,0,2.24,0,2,0.0,0.0,0.0,0.0,0,1,0.13135263,0.0,0.0,0.9194684028625488,0.15762317,HIGH,0.7618452310562134,82.85714100499672,CRITICAL,Urgent stock replenishment required
FOODS_1_009_WI_1_validation,FOODS_1_009,FOODS_1,FOODS,WI_1,WI,d_1896,0,2016-04-07,11610,Thursday,6,4,2016,,,,,1,1,0,2.24,0,2,0.0,0.0,0.0,0.0,0,1,0.13135263,0.0,0.0,0.9194684028625488,0.15762317,HIGH,0.7618452310562134,82.85714100499672,CRITICAL,Urgent stock replenishment required
FOODS_1_008_TX_1_validation,FOODS_1_008,FOODS_1,FOODS,TX_1,TX,d_1896,1,2016-04-07,11610,Thursday,6,4,2016,,,,,1,1,0,3.54,0,2,0.0,0.0,0.0,0.0,0,1,0.14085762,0.0,0.0,0.9860033392906189,0.16902915,HIGH,0.8169741928577423,82.85714259806821,CRITICAL,Urgent stock replenishment required
FOODS_1_008_CA_2_validation,FOODS_1_008,FOODS_1,FOODS,CA_2,CA,d_1896,0,2016-04-07,11610,Thursday,6,4,2016,,,,,1,1,0,3.54,0,2,1.0,0.0,0.2857142857142857,0.48795003647426677,0,1,0.38776743,0.48795003647426677,2.13014084041408,4.844512998464618,0.46532094,HIGH,4.379192053678546,90.39488706225896,CRITICAL,Urgent stock replenishment required
FOODS_1_008_CA_1_validation,FOODS_1_008,FOODS_1,FOODS,CA_1,CA,d_1896,0,2016-04-07,11610,Thursday,6,4,2016,,,,,1,1,0,3.54,0,2,0.0,0.0,0.2857142857142857,0.4879500364742667,0,1,0.38776743,0.4879500364742667,2.1301408404140796,4.844512998464617,0.46532094,HIGH,4.379192053678545,90.39488706225896,CRITICAL,Urgent stock replenishment required
FOODS_1_001_CA_3_validation,FOODS_1_001,FOODS_1,FOODS,CA_3,CA,d_1896,0,2016-04-07,11610,Thursday,6,4,2016,,,,,1,1,0,2.24,0,2,0.0,0.0,0.2857142857142857,0.48795003647427043,0,1,0.5090247,0.48795003647427043,2.130140840414096,5.693313657644321,0.61082965,HIGH,5.082484006288578,89.27110487693591,CRITICAL,Urgent stock replenishment required
FOODS_1_010_WI_3_validation,FOODS_1_010,FOODS_1,FOODS,WI_3,WI,d_1896,2,2016-04-07,11610,Thursday,6,4,2016,,,,,1,1,0,6.77,0,2,1.0,1.0,0.8571428571428571,0.6900655593423543,0,1,0.6901342,0.6900655593423543,3.012474066278414,7.843413836023287,0.8281611,HIGH,7.015252715608553,89.4413180570538,CRITICAL,Urgent stock replenishment required
FOODS_1_005_TX_3_validation,FOODS_1_005,FOODS_1,FOODS,TX_3,TX,d_1896,1,2016-04-07,11610,Thursday,6,4,2016,,,,,1,1,0,3.54,0,2,3.0,0.0,1.7142857142857142,1.3801311186847085,0,1,1.460434,1.3801311186847085,6.024948132556828,16.247985852283392,1.7525208,HIGH,14.495465052646551,89.213919709374,CRITICAL,Urgent stock replenishment required
FOODS_1_011_CA_2_validation,FOODS_1_011,FOODS_1,FOODS,CA_2,CA,d_1896,2,2016-04-07,11610,Thursday,6,4,2016,,,,,1,1,0,2.68,0,2,0.0,2.0,2.7142857142857144,2.3603873774083297,0,1,1.7487594,2.3603873774083297,10.304246697357359,22.54556253903216,2.0985115,HIGH,20.447051081588924,90.69213086251374,CRITICAL,Urgent stock replenishment required
FOODS_1_004_TX_1_validation,FOODS_1_004,FOODS_1,FOODS,TX_1,TX,d_1896,0,2016-04-07,11610,Thursday,6,4,2016,,,,,1,1,0,1.96,0,2,0.0,0.0,0.0,0.0,0,1,0.34899265,0.0,0.0,2.442948579788208,0.4187912,HIGH,2.024157375097275,82.85714205547296,CRITICAL,Urgent stock replenishment required
FOODS_1_002_CA_2_validation,FOODS_1_002,FOODS_1,FOODS,CA_2,CA,d_1896,0,2016-04-07,11610,Thursday,6,4,2016,,,,,1,1,0,9.48,0,2,0.0,2.0,0.8571428571428571,0.8997354108424375,0,1,0.7707887,0.8997354108424375,3.927785635698568,9.323306799638997,0.9249465,HIGH,8.398360312689077,90.07920143756574,CRITICAL,Urgent stock replenishment required
FOODS_1_008_TX_2_validation,FOODS_1_008,FOODS_1,FOODS,TX_2,TX,d_1896,0,2016-04-07,11610,Thursday,6,4,2016,,,,,1,1,0,3.54,0,2,0.0,0.0,0.0,0.0,0,1,0.14085762,0.0,0.0,0.9860033392906189,0.16902915,HIGH,0.8169741928577423,82.85714259806821,CRITICAL,Urgent stock replenishment required
FOODS_1_002_CA_1_validation,FOODS_1_002,FOODS_1,FOODS,CA_1,CA,d_1896,0,2016-04-07,11610,Thursday,6,4,2016,,,,,1,1,0,9.48,0,2,0.0,0.0,0.14285714285714285,0.37796447300922725,0,1,0.32540014,0.37796447300922725,1.65,3.9278010368347167,0.3904802,HIGH,3.5373208463191985,90.05855472684041,CRITICAL,Urgent stock replenishment required
FOODS_1_003_CA_2_validation,FOODS_1_003,FOODS_1,FOODS,CA_2,CA,d_1896,0,2016-04-07,11610,Thursday,6,4,2016,,,,,1,1,0,3.23,0,2,0.0,0.0,0.2857142857142857,0.48795003647426766,0,1,0.3951223,0.48795003647426766,2.130140840414084,4.895996868017233,0.47414675,HIGH,4.421850114467658,90.31562383859134,CRITICAL,Urgent stock replenishment required
FOODS_1_006_CA_1_validation,FOODS_1_006,FOODS_1,FOODS,CA_1,CA,d_1896,3,2016-04-07,11610,Thursday,6,4,2016,,,,,1,1,0,2.48,0,2,3.0,0.0,2.5714285714285716,2.5071326821120348,0,1,1.6274775,2.5071326821120348,10.944861808172817,22.337204375616665,1.9529731,HIGH,20.384231248251552,91.25685965654242,CRITICAL,Urgent stock replenishment required
FOODS_1_006_CA_2_validation,FOODS_1_006,FOODS_1,FOODS,CA_2,CA,d_1896,3,2016-04-07,11610,Thursday,6,4,2016,,,,,1,1,0,2.48,0,2,0.0,0.0,0.2857142857142857,0.4879500364742666,0,1,0.4548572,0.4879500364742666,2.1301408404140796,5.314141332510027,0.54582864,HIGH,4.768312692049059,89.728751903496,CRITICAL,Urgent stock replenishment required
FOODS_1_002_CA_3_validation,FOODS_1_002,FOODS_1,FOODS,CA_3,CA,d_1896,0,2016-04-07,11610,Thursday,6,4,2016,,,,,1,1,0,9.48,0,2,0.0,1.0,0.14285714285714285,0.3779644730092274,0,1,0.3877791,0.3779644730092274,1.6500000000000008,4.36445369720459,0.46533492,HIGH,3.8991187751293186,89.33807174141138,CRITICAL,Urgent stock replenishment required
FOODS_1_011_CA_3_validation,FOODS_1_011,FOODS_1,FOODS,CA_3,CA,d_1896,4,2016-04-07,11610,Thursday,6,4,2016,,,,,1,1,0,2.68,0,2,2.0,2.0,2.142857142857143,1.3451854182690963,0,1,1.7053702,1.3451854182690963,5.872393038617212,17.809984591351586,2.0464444,HIGH,15.763540175305444,88.50956661108015,CRITICAL,Urgent stock replenishment required
FOODS_1_003_CA_3_validation,FOODS_1_003,FOODS_1,FOODS,CA_3,CA,d_1896,0,2016-04-07,11610,Thursday,6,4,2016,,,,,1,1,0,3.23,0,2,2.0,0.0,1.0,1.1547005383792515,0,1,0.8596665,1.1547005383792515,5.0408332644514235,11.058499127488533,1.0315999,HIGH,10.026899248223701,90.67142957310958,CRITICAL,Urgent stock replenishment required
FOODS_1_004_WI_1_validation,FOODS_1_004,FOODS_1,FOODS,WI_1,WI,d_1896,0,2016-04-07,11610,Thursday,6,4,2016,,,,,1,1,0,1.96,0,2,0.0,0.0,0.0,0.0,0,1,0.34899265,0.0,0.0,2.442948579788208,0.4187912,HIGH,2.024157375097275,82.85714205547296,CRITICAL,Urgent stock replenishment required
FOODS_1_001_WI_2_validation,FOODS_1_001,FOODS_1,FOODS,WI_2,WI,d_1896,0,2016-04-07,11610,Thursday,6,4,2016,,,,,1,1,0,2.24,0,2,0.0,0.0,0.5714285714285714,0.9759000729485332,0,1,0.6882427,0.9759000729485332,4.260281680828159,9.07798015952689,0.82589126,HIGH,8.252088903194492,90.90225753065052,CRITICAL,Urgent stock replenishment required
FOODS_1_011_TX_3_validation,FOODS_1_011,FOODS_1,FOODS,TX_3,TX,d_1896,0,2016-04-07,11610,Thursday,6,4,2016,,,,,1,1,0,2.68,0,2,0.0,0.0,0.2857142857142857,0.48795003647426666,0,1,0.44728735,0.48795003647426666,2.1301408404140796,5.261152326467546,0.53674483,HIGH,4.724407493474993,89.79796060470775,CRITICAL,Urgent stock replenishment required
FOODS_1_005_TX_1_validation,FOODS_1_005,FOODS_1,FOODS,TX_1,TX,d_1896,0,2016-04-07,11610,Thursday,6,4,2016,,,,,1,1,0,3.54,0,2,0.0,0.0,0.7142857142857143,1.2535663410560176,0,1,0.6350826,1.2535663410560176,5.47243090408641,9.91800900238353,0.76209915,HIGH,9.155909855540573,92.31600670396844,CRITICAL,Urgent stock replenishment required
FOODS_1_001_CA_1_validation,FOODS_1_001,FOODS_1,FOODS,CA_1,CA,d_1896,0,2016-04-07,11610,Thursday,6,4,2016,,,,,1,1,0,2.24,0,2,0.0,1.0,1.7142857142857142,1.8898223650461368,0,1,1.3120495,1.8898223650461368,8.250000000000004,17.434346199035648,1.5744594,HIGH,15.859886765480045,90.96920862083894,CRITICAL,Urgent stock replenishment required
FOODS_1_010_TX_1_validation,FOODS_1_010,FOODS_1,FOODS,TX_1,TX,d_1896,0,2016-04-07,11610,Thursday,6,4,2016,,,,,1,1,0,6.27,0,2,0.0,0.0,0.2857142857142857,0.4879500364742669,0,1,0.38243505,0.4879500364742669,2.1301408404140805,4.807186185720477,0.4589221,HIGH,4.348264097574267,90.45341556544207,CRITICAL,Urgent stock replenishment required
FOODS_1_002_TX_3_validation,FOODS_1_002,FOODS_1,FOODS,TX_3,TX,d_1896,0,2016-04-07,11610,Thursday,6,4,2016,,,,,1,1,0,9.48,0,2,0.0,0.0,0.42857142857142855,1.1338934190276817,0,1,0.40061697,1.1338934190276817,4.95,7.754318904876709,0.4807404,HIGH,7.273578506708145,93.80035301532124,CRITICAL,Urgent stock replenishment required
FOODS_1_008_WI_2_validation,FOODS_1_008,FOODS_1,FOODS,WI_2,WI,d_1896,0,2016-04-07,11610,Thursday,6,4,2016,,,,,1,1,0,3.54,0,2,0.0,0.0,0.14285714285714285,0.37796447300922725,0,1,0.32644004,0.37796447300922725,1.65,3.9350801944732665,0.39172807,HIGH,3.5433521211147307,90.0452327780077,CRITICAL,Urgent stock replenishment required
FOODS_1_006_TX_1_validation,FOODS_1_006,FOODS_1,FOODS,TX_1,TX,d_1896,0,2016-04-07,11610,Thursday,6,4,2016,,,,,1,1,0,2.48,0,2,0.0,0.0,0.2857142857142857,0.4879500364742666,0,1,0.4548572,0.4879500364742666,2.1301408404140796,5.314141332510027,0.54582864,HIGH,4.768312692049059,89.728751903496,CRITICAL,Urgent stock replenishment required
FOODS_1_002_TX_2_validation,FOODS_1_002,FOODS_1,FOODS,TX_2,TX,d_1896,0,2016-04-07,11610,Thursday,6,4,2016,,,,,1,1,0,9.48,0,2,0.0,0.0,0.14285714285714285,0.37796447300922725,0,1,0.32540014,0.37796447300922725,1.65,3.9278010368347167,0.3904802,HIGH,3.5373208463191985,90.05855472684041,CRITICAL,Urgent stock replenishment required
FOODS_1_004_WI_2_validation,FOODS_1_004,FOODS_1,FOODS,WI_2,WI,d_1896,0,2016-04-07,11610,Thursday,6,4,2016,,,,,1,1,0,1.96,0,2,0.0,0.0,0.0,7.389734084383283e-07,0,1,0.40907866,7.389734084383283e-07,3.2259807759590005e-06,2.8635538889751606,0.4908944,HIGH,2.3726594819412403,82.85716190207243,CRITICAL,Urgent stock replenishment required
FOODS_1_003_TX_3_validation,FOODS_1_003,FOODS_1,FOODS,TX_3,TX,d_1897,0,2016-04-08,11610,Friday,7,4,2016,,,,,1,0,1,3.23,0,2,0.0,0.0,0.0,0.0,0,1,0.0946203,0.0,0.0,0.6623421311378479,0.11354437,HIGH,0.5487977638840675,82.85714256788698,CRITICAL,Urgent stock replenishment required
FOODS_1_002_CA_1_validation,FOODS_1_002,FOODS_1,FOODS,CA_1,CA,d_1897,0,2016-04-08,11610,Friday,7,4,2016,,,,,1,0,1,9.48,0,2,0.0,0.0,0.14285714285714285,0.37796447300922725,0,1,0.32540014,0.37796447300922725,1.65,3.9278010368347167,0.3904802,HIGH,3.5373208463191985,90.05855472684041,CRITICAL,Urgent stock replenishment required
FOODS_1_006_TX_1_validation,FOODS_1_006,FOODS_1,FOODS,TX_1,TX,d_1897,1,2016-04-08,11610,Friday,7,4,2016,,,,,1,0,1,2.48,0,2,1.0,0.0,0.2857142857142857,0.4879500364742666,0,1,0.4548572,0.4879500364742666,2.1301408404140796,5.314141332510027,0.54582864,HIGH,4.768312692049059,89.728751903496,CRITICAL,Urgent stock replenishment required
FOODS_1_004_TX_3_validation,FOODS_1_004,FOODS_1,FOODS,TX_3,TX,d_1897,0,2016-04-08,11610,Friday,7,4,2016,,,,,1,0,1,1.96,0,2,0.0,0.0,0.0,0.0,0,1,0.34899265,0.0,0.0,2.442948579788208,0.4187912,HIGH,2.024157375097275,82.85714205547296,CRITICAL,Urgent stock replenishment required
FOODS_1_005_CA_1_validation,FOODS_1_005,FOODS_1,FOODS,CA_1,CA,d_1897,0,2016-04-08,11610,Friday,7,4,2016,,,,,1,0,1,3.54,0,2,3.0,1.0,1.1428571428571428,1.4638501094227934,0,1,1.0038073,1.4638501094227934,6.390422521242209,13.417073903688499,1.2045689,HIGH,12.21250504077346,91.02211949071929,CRITICAL,Urgent stock replenishment required
FOODS_1_004_TX_1_validation,FOODS_1_004,FOODS_1,FOODS,TX_1,TX,d_1897,0,2016-04-08,11610,Friday,7,4,2016,,,,,1,0,1,1.96,0,2,0.0,0.0,0.0,0.0,0,1,0.34899265,0.0,0.0,2.442948579788208,0.4187912,HIGH,2.024157375097275,82.85714205547296,CRITICAL,Urgent stock replenishment required
FOODS_1_009_TX_3_validation,FOODS_1_009,FOODS_1,FOODS,TX_3,TX,d_1897,0,2016-04-08,11610,Friday,7,4,2016,,,,,1,0,1,2.24,0,2,0.0,0.0,0.0,0.0,0,1,0.13135263,0.0,0.0,0.9194684028625488,0.15762317,HIGH,0.7618452310562134,82.85714100499672,CRITICAL,Urgent stock replenishment required
FOODS_1_006_CA_3_validation,FOODS_1_006,FOODS_1,FOODS,CA_3,CA,d_1897,2,2016-04-08,11610,Friday,7,4,2016,,,,,1,0,1,2.48,0,2,0.0,1.0,1.1428571428571428,1.5735915849388864,0,1,0.9691991,1.5735915849388864,6.869497798238238,13.653891585622272,1.163039,HIGH,12.490852616582355,91.48199645685914,CRITICAL,Urgent stock replenishment required
FOODS_1_004_CA_4_validation,FOODS_1_004,FOODS_1,FOODS,CA_4,CA,d_1897,0,2016-04-08,11610,Friday,7,4,2016,,,,,1,0,1,1.96,0,2,0.0,0.0,0.0,0.0,0,1,0.34899265,0.0,0.0,2.442948579788208,0.4187912,HIGH,2.024157375097275,82.85714205547296,CRITICAL,Urgent stock replenishment required
FOODS_1_001_TX_3_validation,FOODS_1_001,FOODS_1,FOODS,TX_3,TX,d_1897,2,2016-04-08,11610,Friday,7,4,2016,,,,,1,0,1,2.24,0,2,1.0,0.0,0.5714285714285714,0.534522483824849,0,1,0.64257365,0.534522483824849,2.333452377915608,6.831467781663166,0.7710884,HIGH,6.060379360318409,88.71269768095092,CRITICAL,Urgent stock replenishment required
FOODS_1_010_TX_2_validation,FOODS_1_010,FOODS_1,FOODS,TX_2,TX,d_1897,1,2016-04-08,11610,Friday,7,4,2016,,,,,1,0,1,6.27,0,2,1.0,2.0,0.5714285714285714,0.7867957924694416,0,1,0.6943758,0.7867957924694416,3.434748899119113,8.295379411356661,0.833251,HIGH,7.462128411905978,89.95523943956158,CRITICAL,Urgent stock replenishment required
FOODS_1_005_WI_3_validation,FOODS_1_005,FOODS_1,FOODS,WI_3,WI,d_1897,0,2016-04-08,11610,Friday,7,4,2016,,,,,1,0,1,3.54,0,2,2.0,3.0,1.0,1.0000000000000007,0,1,1.1652584,1.0000000000000007,4.365489663256577,12.522298516405991,1.3983102,HIGH,11.123988331927231,88.83343834483122,CRITICAL,Urgent stock replenishment required
FOODS_1_005_CA_2_validation,FOODS_1_005,FOODS_1,FOODS,CA_2,CA,d_1897,12,2016-04-08,11610,Friday,7,4,2016,,,,,1,0,1,3.54,0,2,18.0,4.0,6.714285714285714,5.529143565818181,0,1,3.214596,5.529143565818181,24.137419083240868,46.639591553333645,3.8575153,HIGH,42.78207621825064,91.72909708981514,CRITICAL,Urgent stock replenishment required
FOODS_1_009_CA_3_validation,FOODS_1_009,FOODS_1,FOODS,CA_3,CA,d_1897,0,2016-04-08,11610,Friday,7,4,2016,,,,,1,0,1,1.98,0,2,0.0,0.0,0.0,0.0,0,1,0.13397686,0.0,0.0,0.9378380179405212,0.16077223,HIGH,0.77706578373909,82.85714258476268,CRITICAL,Urgent stock replenishment required
FOODS_1_004_TX_2_validation,FOODS_1_004,FOODS_1,FOODS,TX_2,TX,d_1897,0,2016-04-08,11610,Friday,7,4,2016,,,,,1,0,1,1.96,0,2,0.0,0.0,0.0,0.0,0,1,0.34899265,0.0,0.0,2.442948579788208,0.4187912,HIGH,2.024157375097275,82.85714205547296,CRITICAL,Urgent stock replenishment required
FOODS_1_003_TX_1_validation,FOODS_1_003,FOODS_1,FOODS,TX_1,TX,d_1897,0,2016-04-08,11610,Friday,7,4,2016,,,,,1,0,1,3.23,0,2,0.0,0.0,0.14285714285714285,0.37796447300922725,0,1,0.32626355,0.37796447300922725,1.65,3.9338449478149413,0.39151627,HIGH,3.542328679561615,90.04749110737589,CRITICAL,Urgent stock replenishment required
FOODS_1_005_TX_2_validation,FOODS_1_005,FOODS_1,FOODS,TX_2,TX,d_1897,0,2016-04-08,11610,Friday,7,4,2016,,,,,1,0,1,3.54,0,2,2.0,0.0,0.8571428571428571,0.899735410842436,0,1,0.7504745,0.899735410842436,3.9277856356985614,9.181107283342605,0.90056944,HIGH,8.28053784440828,90.19105853856821,CRITICAL,Urgent stock replenishment required
FOODS_1_011_WI_3_validation,FOODS_1_011,FOODS_1,FOODS,WI_3,WI,d_1897,0,2016-04-08,11610,Friday,7,4,2016,,,,,1,0,1,2.68,0,2,0.0,0.0,0.42857142857142855,0.7867957924694432,0,1,0.5208188,0.7867957924694432,3.434748899119119,7.080480825083475,0.6249826,HIGH,6.455498229639749,91.17316166961928,CRITICAL,Urgent stock replenishment required
FOODS_1_001_WI_1_validation,FOODS_1_001,FOODS_1,FOODS,WI_1,WI,d_1897,1,2016-04-08,11610,Friday,7,4,2016,,,,,1,0,1,2.24,0,2,0.0,0.0,0.0,0.0,0,1,0.13135263,0.0,0.0,0.9194684028625488,0.15762317,HIGH,0.7618452310562134,82.85714100499672,CRITICAL,Urgent stock replenishment required
FOODS_1_001_CA_2_validation,FOODS_1_001,FOODS_1,FOODS,CA_2,CA,d_1897,0,2016-04-08,11610,Friday,7,4,2016,,,,,1,0,1,2.24,0,2,0.0,1.0,0.5714285714285714,0.7867957924694432,0,1,0.70628595,0.7867957924694432,3.434748899119119,8.37875057377122,0.8475432,HIGH,7.531207393782358,89.88461140444967,CRITICAL,Urgent stock replenishment required
FOODS_1_001_TX_1_validation,FOODS_1_001,FOODS_1,FOODS,TX_1,TX,d_1897,0,2016-04-08,11610,Friday,7,4,2016,,,,,1,0,1,2.24,0,2,0.0,0.0,0.14285714285714285,0.37796447300922725,0,1,0.43458158,0.37796447300922725,1.65,4.692071104049683,0.5214979,HIGH,4.170573198795319,88.8855498203285,CRITICAL,Urgent stock replenishment required
FOODS_1_011_CA_1_validation,FOODS_1_011,FOODS_1,FOODS,CA_1,CA,d_1897,0,2016-04-08,11610,Friday,7,4,2016,,,,,1,0,1,2.68,0,2,1.0,1.0,1.0,0.8164965809277261,0,1,0.97484213,0.8164965809277261,3.564407384124324,10.388302361693905,1.1698107,HIGH,9.218491708961055,88.7391547530765,CRITICAL,Urgent stock replenishment required
FOODS_1_008_WI_3_validation,FOODS_1_008,FOODS_1,FOODS,WI_3,WI,d_1897,0,2016-04-08,11610,Friday,7,4,2016,,,,,1,0,1,3.54,0,2,0.0,0.0,0.42857142857142855,0.5345224838248488,0,1,0.462932,0.5345224838248488,2.333452377915607,5.573976193070637,0.5555184,HIGH,5.018457804322468,90.03371436284982,CRITICAL,Urgent stock replenishment required
FOODS_1_006_WI_3_validation,FOODS_1_006,FOODS_1,FOODS,WI_3,WI,d_1897,27,2016-04-08,11610,Friday,7,4,2016,,,,,1,0,1,2.48,0,2,5.0,2.0,1.2857142857142858,1.7994708216848745,0,1,1.1121303,1.7994708216848745,7.8555712713971335,15.640483380772134,1.3345563,HIGH,14.305927039600869,91.46729478443152,CRITICAL,Urgent stock replenishment required
FOODS_1_004_WI_2_validation,FOODS_1_004,FOODS_1,FOODS,WI_2,WI,d_1897,0,2016-04-08,11610,Friday,7,4,2016,,,,,1,0,1,1.96,0,2,0.0,0.0,0.0,7.389734084383283e-07,0,1,0.40907866,7.389734084383283e-07,3.2259807759590005e-06,2.8635538889751606,0.4908944,HIGH,2.3726594819412403,82.85716190207243,CRITICAL,Urgent stock replenishment required
FOODS_1_001_TX_2_validation,FOODS_1_001,FOODS_1,FOODS,TX_2,TX,d_1897,1,2016-04-08,11610,Friday,7,4,2016,,,,,1,0,1,2.24,0,2,0.0,1.0,0.0,0.0,0,1,0.20345296,0.0,0.0,1.424170732498169,0.24414356,HIGH,1.1800271719694138,82.85714240872667,CRITICAL,Urgent stock replenishment required
FOODS_1_010_CA_2_validation,FOODS_1_010,FOODS_1,FOODS,CA_2,CA,d_1897,0,2016-04-08,11610,Friday,7,4,2016,,,,,1,0,1,5.64,0,2,0.0,0.0,0.14285714285714285,0.37796447300922725,0,1,0.323697,0.37796447300922725,1.65,3.915878915786743,0.3884364,HIGH,3.5274425089359283,90.08047962655725,CRITICAL,Urgent stock replenishment required
FOODS_1_009_CA_2_validation,FOODS_1_009,FOODS_1,FOODS,CA_2,CA,d_1897,0,2016-04-08,11610,Friday,7,4,2016,,,,,1,0,1,2.24,0,2,0.0,0.0,0.0,0.0,0,1,0.13135263,0.0,0.0,0.9194684028625488,0.15762317,HIGH,0.7618452310562134,82.85714100499672,CRITICAL,Urgent stock replenishment required
FOODS_1_001_CA_4_validation,FOODS_1_001,FOODS_1,FOODS,CA_4,CA,d_1897,0,2016-04-08,11610,Friday,7,4,2016,,,,,1,0,1,2.24,0,2,0.0,2.0,0.2857142857142857,0.48795003647426666,0,1,0.63937867,0.48795003647426666,2.1301408404140796,6.605791627767595,0.7672544,HIGH,5.83853721559337,88.3851254261631,CRITICAL,Urgent stock replenishment required
FOODS_1_009_CA_1_validation,FOODS_1_009,FOODS_1,FOODS,CA_1,CA,d_1897,0,2016-04-08,11610,Friday,7,4,2016,,,,,1,0,1,2.24,0,2,0.0,0.0,0.0,0.0,0,1,0.13135263,0.0,0.0,0.9194684028625488,0.15762317,HIGH,0.7618452310562134,82.85714100499672,CRITICAL,Urgent stock replenishment required
FOODS_1_004_CA_1_validation,FOODS_1_004,FOODS_1,FOODS,CA_1,CA,d_1897,0,2016-04-08,11610,Friday,7,4,2016,,,,,1,0,1,1.96,0,2,0.0,0.0,0.0,0.0,0,1,0.34899265,0.0,0.0,2.442948579788208,0.4187912,HIGH,2.024157375097275,82.85714205547296,CRITICAL,Urgent stock replenishment required
FOODS_1_002_CA_3_validation,FOODS_1_002,FOODS_1,FOODS,CA_3,CA,d_1897,1,2016-04-08,11610,Friday,7,4,2016,,,,,1,0,1,9.48,0,2,0.0,1.0,0.14285714285714285,0.3779644730092274,0,1,0.3877791,0.3779644730092274,1.6500000000000008,4.36445369720459,0.46533492,HIGH,3.8991187751293186,89.33807174141138,CRITICAL,Urgent stock replenishment required
FOODS_1_001_CA_3_validation,FOODS_1_001,FOODS_1,FOODS,CA_3,CA,d_1897,0,2016-04-08,11610,Friday,7,4,2016,,,,,1,0,1,2.24,0,2,0.0,0.0,0.2857142857142857,0.48795003647427043,0,1,0.5090247,0.48795003647427043,2.130140840414096,5.693313657644321,0.61082965,HIGH,5.082484006288578,89.27110487693591,CRITICAL,Urgent stock replenishment required
FOODS_1_008_TX_1_validation,FOODS_1_008,FOODS_1,FOODS,TX_1,TX,d_1897,0,2016-04-08,11610,Friday,7,4,2016,,,,,1,0,1,3.54,0,2,0.0,0.0,0.14285714285714285,0.37796447300922725,0,1,0.32644004,0.37796447300922725,1.65,3.9350801944732665,0.39172807,HIGH,3.5433521211147307,90.0452327780077,CRITICAL,Urgent stock replenishment required
FOODS_1_009_WI_2_validation,FOODS_1_009,FOODS_1,FOODS,WI_2,WI,d_1897,0,2016-04-08,11610,Friday,7,4,2016,,,,,1,0,1,2.24,0,2,0.0,0.0,0.0,0.0,0,1,0.13135263,0.0,0.0,0.9194684028625488,0.15762317,HIGH,0.7618452310562134,82.85714100499672,CRITICAL,Urgent stock replenishment required
FOODS_1_003_WI_1_validation,FOODS_1_003,FOODS_1,FOODS,WI_1,WI,d_1897,2,2016-04-08,11610,Friday,7,4,2016,,,,,1,0,1,3.23,0,2,1.0,1.0,1.4285714285714286,0.7867957924694432,0,1,1.1244823,0.7867957924694432,3.434748899119119,11.306124936716776,1.3493788,HIGH,9.956746112482767,88.0650635669885,CRITICAL,Urgent stock replenishment required
FOODS_1_002_TX_3_validation,FOODS_1_002,FOODS_1,FOODS,TX_3,TX,d_1897,2,2016-04-08,11610,Friday,7,4,2016,,,,,1,0,1,9.48,0,2,3.0,0.0,0.42857142857142855,1.1338934190276817,0,1,0.37787384,1.1338934190276817,4.95,7.595116806030274,0.45344862,HIGH,7.141668182611466,94.02973469665687,CRITICAL,Urgent stock replenishment required
FOODS_1_010_TX_3_validation,FOODS_1_010,FOODS_1,FOODS,TX_3,TX,d_1897,0,2016-04-08,11610,Friday,7,4,2016,,,,,1,0,1,6.27,0,2,11.0,1.0,2.142857142857143,4.059087394500207,0,1,0.76810116,4.059087394500207,17.719904062945712,23.096612093646396,0.9217214,HIGH,22.174890694815982,96.00927878472719,CRITICAL,Urgent stock replenishment required
FOODS_1_006_CA_1_validation,FOODS_1_006,FOODS_1,FOODS,CA_1,CA,d_1897,2,2016-04-08,11610,Friday,7,4,2016,,,,,1,0,1,2.48,0,2,1.0,2.0,2.5714285714285716,2.5071326821120348,0,1,1.6860503,2.5071326821120348,10.944861808172817,22.747213759771938,2.0232604,HIGH,20.72395340477621,91.10545855697796,CRITICAL,Urgent stock replenishment required
FOODS_1_010_WI_3_validation,FOODS_1_010,FOODS_1,FOODS,WI_3,WI,d_1897,0,2016-04-08,11610,Friday,7,4,2016,,,,,1,0,1,6.77,0,2,1.0,1.0,1.0,0.8164965809277261,0,1,0.80442137,0.8164965809277261,3.564407384124324,9.195356881347225,0.9653057,HIGH,8.230051195350216,89.50224881477813,CRITICAL,Urgent stock replenishment required
FOODS_1_011_TX_1_validation,FOODS_1_011,FOODS_1,FOODS,TX_1,TX,d_1897,1,2016-04-08,11610,Friday,7,4,2016,,,,,1,0,1,2.68,0,2,0.0,0.0,0.0,0.0,0,1,0.10285172,0.0,0.0,0.7199620008468628,0.123422064,HIGH,0.5965399369597435,82.8571419405548,CRITICAL,Urgent stock replenishment required
FOODS_1_006_TX_2_validation,FOODS_1_006,FOODS_1,FOODS,TX_2,TX,d_1897,0,2016-04-08,11610,Friday,7,4,2016,,,,,1,0,1,2.48,0,2,1.0,0.0,0.7142857142857143,0.7559289460184544,0,1,0.6524972,0.7559289460184544,3.3,7.867480087280273,0.78299665,HIGH,7.084483432769775,90.04768177581529,CRITICAL,Urgent stock replenishment required
FOODS_1_001_CA_1_validation,FOODS_1_001,FOODS_1,FOODS,CA_1,CA,d_1897,1,2016-04-08,11610,Friday,7,4,2016,,,,,1,0,1,2.24,0,2,4.0,1.0,1.7142857142857142,1.8898223650461368,0,1,1.3324971,1.8898223650461368,8.250000000000004,17.577480316162113,1.5989966,HIGH,15.978483676910404,90.90315215553696,CRITICAL,Urgent stock replenishment required
FOODS_1_010_TX_1_validation,FOODS_1_010,FOODS_1,FOODS,TX_1,TX,d_1897,1,2016-04-08,11610,Friday,7,4,2016,,,,,1,0,1,6.27,0,2,1.0,0.0,0.2857142857142857,0.4879500364742669,0,1,0.38243505,0.4879500364742669,2.1301408404140805,4.807186185720477,0.4589221,HIGH,4.348264097574267,90.45341556544207,CRITICAL,Urgent stock replenishment required
FOODS_1_008_WI_2_validation,FOODS_1_008,FOODS_1,FOODS,WI_2,WI,d_1897,0,2016-04-08,11610,Friday,7,4,2016,,,,,1,0,1,3.54,0,2,0.0,0.0,0.14285714285714285,0.37796447300922725,0,1,0.32644004,0.37796447300922725,1.65,3.9350801944732665,0.39172807,HIGH,3.5433521211147307,90.0452327780077,CRITICAL,Urgent stock replenishment required
FOODS_1_002_TX_2_validation,FOODS_1_002,FOODS_1,FOODS,TX_2,TX,d_1897,1,2016-04-08,11610,Friday,7,4,2016,,,,,1,0,1,9.48,0,2,0.0,0.0,0.14285714285714285,0.37796447300922725,0,1,0.32540014,0.37796447300922725,1.65,3.9278010368347167,0.3904802,HIGH,3.5373208463191985,90.05855472684041,CRITICAL,Urgent stock replenishment required
FOODS_1_005_TX_1_validation,FOODS_1_005,FOODS_1,FOODS,TX_1,TX,d_1897,0,2016-04-08,11610,Friday,7,4,2016,,,,,1,0,1,3.54,0,2,0.0,0.0,0.7142857142857143,1.2535663410560176,0,1,0.6350826,1.2535663410560176,5.47243090408641,9.91800900238353,0.76209915,HIGH,9.155909855540573,92.31600670396844,CRITICAL,Urgent stock replenishment required
FOODS_1_001_WI_2_validation,FOODS_1_001,FOODS_1,FOODS,WI_2,WI,d_1897,0,2016-04-08,11610,Friday,7,4,2016,,,,,1,0,1,2.24,0,2,0.0,0.0,0.5714285714285714,0.9759000729485333,0,1,0.6882427,0.9759000729485333,4.260281680828159,9.07798015952689,0.82589126,HIGH,8.252088903194492,90.90225753065052,CRITICAL,Urgent stock replenishment required
FOODS_1_003_CA_3_validation,FOODS_1_003,FOODS_1,FOODS,CA_3,CA,d_1897,3,2016-04-08,11610,Friday,7,4,2016,,,,,1,0,1,3.23,0,2,3.0,1.0,0.7142857142857143,1.1126972805283732,0,1,0.7485994,1.1126972805283732,4.857468476480314,10.0976642276705,0.8983193,HIGH,9.199344923681089,91.10369206447014,CRITICAL,Urgent stock replenishment required
FOODS_1_006_CA_2_validation,FOODS_1_006,FOODS_1,FOODS,CA_2,CA,d_1897,1,2016-04-08,11610,Friday,7,4,2016,,,,,1,0,1,2.48,0,2,0.0,0.0,0.7142857142857143,1.1126972805283737,0,1,0.6841804,1.1126972805283737,4.857468476480316,9.646731248086763,0.8210165,HIGH,8.82571475762732,91.48917421512832,CRITICAL,Urgent stock replenishment required
FOODS_1_011_CA_3_validation,FOODS_1_011,FOODS_1,FOODS,CA_3,CA,d_1897,3,2016-04-08,11610,Friday,7,4,2016,,,,,1,0,1,2.68,0,2,4.0,0.0,2.4285714285714284,1.511857892036907,0,1,1.8115844,1.511857892036907,6.599999999999992,19.281090354919424,2.1739013,HIGH,17.10718903541564,88.72521584885821,CRITICAL,Urgent stock replenishment required
FOODS_1_002_CA_2_validation,FOODS_1_002,FOODS_1,FOODS,CA_2,CA,d_1897,1,2016-04-08,11610,Friday,7,4,2016,,,,,1,0,1,9.48,0,2,1.0,0.0,0.8571428571428571,0.8997354108424375,0,1,0.59875566,0.8997354108424375,3.927785635698568,8.119075060594808,0.7185068,HIGH,7.4005682475454915,91.15038587909449,CRITICAL,Urgent stock replenishment required
FOODS_1_003_CA_2_validation,FOODS_1_003,FOODS_1,FOODS,CA_2,CA,d_1897,0,2016-04-08,11610,Friday,7,4,2016,,,,,1,0,1,3.23,0,2,0.0,7.0,0.2857142857142857,0.48795003647426766,0,1,0.8003137,0.48795003647426766,2.130140840414084,7.732336580160178,0.9603765,HIGH,6.771960079076804,87.57973749425844,CRITICAL,Urgent stock replenishment required
FOODS_1_008_TX_2_validation,FOODS_1_008,FOODS_1,FOODS,TX_2,TX,d_1897,0,2016-04-08,11610,Friday,7,4,2016,,,,,1,0,1,3.54,0,2,0.0,0.0,0.0,0.0,0,1,0.14085762,0.0,0.0,0.9860033392906189,0.16902915,HIGH,0.8169741928577423,82.85714259806821,CRITICAL,Urgent stock replenishment required
FOODS_1_009_TX_2_validation,FOODS_1_009,FOODS_1,FOODS,TX_2,TX,d_1897,0,2016-04-08,11610,Friday,7,4,2016,,,,,1,0,1,2.24,0,2,0.0,0.0,0.0,0.0,0,1,0.13135263,0.0,0.0,0.9194684028625488,0.15762317,HIGH,0.7618452310562134,82.85714100499672,CRITICAL,Urgent stock replenishment required
FOODS_1_011_CA_2_validation,FOODS_1_011,FOODS_1,FOODS,CA_2,CA,d_1897,4,2016-04-08,11610,Friday,7,4,2016,,,,,1,0,1,2.68,0,2,6.0,3.0,3.0,2.081665999466133,0,1,2.2964232,2.081665999466133,9.08749140302207,25.162454018988868,2.755708,HIGH,22.406746039786597,89.04833377093239,CRITICAL,Urgent stock replenishment required
FOODS_1_004_WI_3_validation,FOODS_1_004,FOODS_1,FOODS,WI_3,WI,d_1897,0,2016-04-08,11610,Friday,7,4,2016,,,,,1,0,1,1.96,0,2,0.0,0.0,0.0,4.272243734249905e-07,0,1,0.3723237,4.272243734249905e-07,1.8650435860780626e-06,2.6062676483535228,0.44678846,HIGH,2.159479188337272,82.85715358902208,CRITICAL,Urgent stock replenishment required
FOODS_1_005_CA_3_validation,FOODS_1_005,FOODS_1,FOODS,CA_3,CA,d_1897,5,2016-04-08,11610,Friday,7,4,2016,,,,,1,0,1,3.54,0,2,1.0,4.0,1.7142857142857142,3.251373336211726,0,1,1.3657411,3.251373336211726,14.193836690620333,23.754024984077365,1.6388894,HIGH,22.115135552123935,93.10058218322158,CRITICAL,Urgent stock replenishment required
FOODS_1_006_TX_3_validation,FOODS_1_006,FOODS_1,FOODS,TX_3,TX,d_1897,0,2016-04-08,11610,Friday,7,4,2016,,,,,1,0,1,2.48,0,2,0.0,0.0,0.8571428571428571,0.6900655593423543,0,1,0.7006194,0.6900655593423543,3.012474066278414,7.916810041925387,0.8407433,HIGH,7.076066738626436,89.38027691902938,CRITICAL,Urgent stock replenishment required
FOODS_1_006_CA_4_validation,FOODS_1_006,FOODS_1,FOODS,CA_4,CA,d_1897,0,2016-04-08,11610,Friday,7,4,2016,,,,,1,0,1,2.48,0,2,0.0,0.0,1.2857142857142858,1.3801311186847092,0,1,0.9996327,1.3801311186847092,6.02494813255683,13.022377026599798,1.1995593,HIGH,11.822817695659552,90.78847641647911,CRITICAL,Urgent stock replenishment required
FOODS_1_006_WI_1_validation,FOODS_1_006,FOODS_1,FOODS,WI_1,WI,d_1897,2,2016-04-08,11610,Friday,7,4,2016,,,,,1,0,1,2.48,0,2,2.0,1.0,2.7142857142857144,1.704336206492694,0,1,1.9703649,1.704336206492694,7.440262092157778,21.232816947504457,2.364438,HIGH,18.868378890558656,88.86422812954314,CRITICAL,Urgent stock replenishment required
FOODS_1_008_TX_3_validation,FOODS_1_008,FOODS_1,FOODS,TX_3,TX,d_1897,0,2016-04-08,11610,Friday,7,4,2016,,,,,1,0,1,3.54,0,2,0.0,0.0,0.14285714285714285,0.37796447300922725,0,1,0.32644004,0.37796447300922725,1.65,3.9350801944732665,0.39172807,HIGH,3.5433521211147307,90.0452327780077,CRITICAL,Urgent stock replenishment required
FOODS_1_005_TX_3_validation,FOODS_1_005,FOODS_1,FOODS,TX_3,TX,d_1897,3,2016-04-08,11610,Friday,7,4,2016,,,,,1,0,1,3.54,0,2,3.0,2.0,1.4285714285714286,1.2724180205607034,0,1,1.2976459,1.2724180205607034,5.5547277160991415,14.638249559055684,1.5571752,HIGH,13.081074399601338,89.36228574890617,CRITICAL,Urgent stock replenishment required
FOODS_1_008_CA_1_validation,FOODS_1_008,FOODS_1,FOODS,CA_1,CA,d_1897,0,2016-04-08,11610,Friday,7,4,2016,,,,,1,0,1,3.54,0,2,1.0,0.0,0.2857142857142857,0.4879500364742667,0,1,0.38776743,0.4879500364742667,2.1301408404140796,4.844512998464617,0.46532094,HIGH,4.379192053678545,90.39488706225896,CRITICAL,Urgent stock replenishment required
FOODS_1_010_CA_4_validation,FOODS_1_010,FOODS_1,FOODS,CA_4,CA,d_1897,0,2016-04-08,11610,Friday,7,4,2016,,,,,1,0,1,5.56,0,2,0.0,0.0,0.0,0.0,0,1,0.10841985,0.0,0.0,0.7589389681816101,0.13010383,HIGH,0.628835141658783,82.8571424083611,CRITICAL,Urgent stock replenishment required
FOODS_1_003_CA_1_validation,FOODS_1_003,FOODS_1,FOODS,CA_1,CA,d_1897,0,2016-04-08,11610,Friday,7,4,2016,,,,,1,0,1,3.23,0,2,1.0,1.0,0.5714285714285714,0.5345224838248492,0,1,0.6210132,0.5345224838248492,2.333452377915609,6.680545006394613,0.7452159,HIGH,5.935329113602865,88.84498357426786,CRITICAL,Urgent stock replenishment required
FOODS_1_008_WI_1_validation,FOODS_1_008,FOODS_1,FOODS,WI_1,WI,d_1897,0,2016-04-08,11610,Friday,7,4,2016,,,,,1,0,1,3.54,0,2,0.0,0.0,0.14285714285714285,0.377964473009228,0,1,0.32644004,0.377964473009228,1.6500000000000032,3.9350801944732696,0.39172807,HIGH,3.543352121114734,90.0452327780077,CRITICAL,Urgent stock replenishment required
FOODS_1_010_CA_1_validation,FOODS_1_010,FOODS_1,FOODS,CA_1,CA,d_1897,0,2016-04-08,11610,Friday,7,4,2016,,,,,1,0,1,5.64,0,2,0.0,0.0,0.7142857142857143,1.1126972805283737,0,1,0.54270196,1.1126972805283737,4.857468476480316,8.656382193750215,0.6512424,HIGH,8.005139818376374,92.47673726971034,CRITICAL,Urgent stock replenishment required
FOODS_1_010_CA_3_validation,FOODS_1_010,FOODS_1,FOODS,CA_3,CA,d_1897,3,2016-04-08,11610,Friday,7,4,2016,,,,,1,0,1,5.64,0,2,1.0,1.0,0.5714285714285714,0.5345224838248497,0,1,0.5899558,0.5345224838248497,2.3334523779156107,6.463143025040855,0.707947,HIGH,5.755196009278526,89.04639719375768,CRITICAL,Urgent stock replenishment required
FOODS_1_002_WI_2_validation,FOODS_1_002,FOODS_1,FOODS,WI_2,WI,d_1897,0,2016-04-08,11610,Friday,7,4,2016,,,,,1,0,1,9.48,0,2,3.0,0.0,0.8571428571428571,1.2149857925879117,0,1,0.5286401,1.2149857925879117,5.304007918546126,9.004488618085311,0.6343681,HIGH,8.370120496461318,92.95497891629427,CRITICAL,Urgent stock replenishment required
FOODS_1_009_TX_1_validation,FOODS_1_009,FOODS_1,FOODS,TX_1,TX,d_1897,0,2016-04-08,11610,Friday,7,4,2016,,,,,1,0,1,2.24,0,2,0.0,0.0,0.0,0.0,0,1,0.13135263,0.0,0.0,0.9194684028625488,0.15762317,HIGH,0.7618452310562134,82.85714100499672,CRITICAL,Urgent stock replenishment required
FOODS_1_011_WI_1_validation,FOODS_1_011,FOODS_1,FOODS,WI_1,WI,d_1897,1,2016-04-08,11610,Friday,7,4,2016,,,,,1,0,1,2.68,0,2,1.0,0.0,1.2857142857142858,1.889822365046136,0,1,0.97602665,1.889822365046136,8.25,15.082186698913574,1.171232,HIGH,13.910954713821411,92.2343357201875,CRITICAL,Urgent stock replenishment required
FOODS_1_005_CA_4_validation,FOODS_1_005,FOODS_1,FOODS,CA_4,CA,d_1897,0,2016-04-08,11610,Friday,7,4,2016,,,,,1,0,1,3.54,0,2,8.0,1.0,2.2857142857142856,3.039423504234847,0,1,1.7561098,3.039423504234847,13.268571889996299,25.561340368389853,2.107332,HIGH,23.454008377194175,91.75578447442574,CRITICAL,Urgent stock replenishment required
FOODS_1_009_CA_4_validation,FOODS_1_009,FOODS_1,FOODS,CA_4,CA,d_1897,0,2016-04-08,11610,Friday,7,4,2016,,,,,1,0,1,2.24,0,2,0.0,0.0,0.0,0.0,0,1,0.13135263,0.0,0.0,0.9194684028625488,0.15762317,HIGH,0.7618452310562134,82.85714100499672,CRITICAL,Urgent stock replenishment required
FOODS_1_009_WI_1_validation,FOODS_1_009,FOODS_1,FOODS,WI_1,WI,d_1897,0,2016-04-08,11610,Friday,7,4,2016,,,,,1,0,1,2.24,0,2,0.0,0.0,0.0,0.0,0,1,0.13135263,0.0,0.0,0.9194684028625488,0.15762317,HIGH,0.7618452310562134,82.85714100499672,CRITICAL,Urgent stock replenishment required
FOODS_1_002_WI_3_validation,FOODS_1_002,FOODS_1,FOODS,WI_3,WI,d_1897,1,2016-04-08,11610,Friday,7,4,2016,,,,,1,0,1,9.48,0,2,0.0,0.0,0.14285714285714285,0.37796447300922725,0,1,0.32540014,0.37796447300922725,1.65,3.9278010368347167,0.3904802,HIGH,3.5373208463191985,90.05855472684041,CRITICAL,Urgent stock replenishment required
FOODS_1_008_CA_2_validation,FOODS_1_008,FOODS_1,FOODS,CA_2,CA,d_1897,0,2016-04-08,11610,Friday,7,4,2016,,,,,1,0,1,3.54,0,2,0.0,0.0,0.14285714285714285,0.37796447300922753,0,1,0.32644004,0.37796447300922753,1.6500000000000015,3.935080194473268,0.39172807,HIGH,3.543352121114732,90.0452327780077,CRITICAL,Urgent stock replenishment required
FOODS_1_011_WI_2_validation,FOODS_1_011,FOODS_1,FOODS,WI_2,WI,d_1897,0,2016-04-08,11610,Friday,7,4,2016,,,,,1,0,1,2.68,0,2,4.0,0.0,1.5714285714285714,2.0701966780270626,0,1,1.2157819,2.0701966780270626,9.037422198835241,17.547895450178014,1.4589384,HIGH,16.08895708996378,91.68596391312877,CRITICAL,Urgent stock replenishment required
FOODS_1_011_TX_2_validation,FOODS_1_011,FOODS_1,FOODS,TX_2,TX,d_1897,0,2016-04-08,11610,Friday,7,4,2016,,,,,1,0,1,2.68,0,2,1.0,1.0,0.2857142857142857,0.4879500364742666,0,1,0.5178958,0.4879500364742666,2.1301408404140796,5.755411683919939,0.621475,HIGH,5.133936702611956,89.20190221936123,CRITICAL,Urgent stock replenishment required
FOODS_1_010_WI_2_validation,FOODS_1_010,FOODS_1,FOODS,WI_2,WI,d_1897,2,2016-04-08,11610,Friday,7,4,2016,,,,,1,0,1,6.77,0,2,0.0,4.0,0.5714285714285714,0.7867957924694432,0,1,0.7513416,0.7867957924694432,3.434748899119119,8.694139730112772,0.90160996,HIGH,7.792529772894602,89.62968177178726,CRITICAL,Urgent stock replenishment required
FOODS_1_009_WI_3_validation,FOODS_1_009,FOODS_1,FOODS,WI_3,WI,d_1897,0,2016-04-08,11610,Friday,7,4,2016,,,,,1,0,1,2.24,0,2,0.0,0.0,0.0,0.0,0,1,0.13135263,0.0,0.0,0.9194684028625488,0.15762317,HIGH,0.7618452310562134,82.85714100499672,CRITICAL,Urgent stock replenishment required
FOODS_1_003_WI_2_validation,FOODS_1_003,FOODS_1,FOODS,WI_2,WI,d_1897,0,2016-04-08,11610,Friday,7,4,2016,,,,,1,0,1,3.23,0,2,0.0,0.0,0.14285714285714285,0.37796447300922725,0,1,0.32626355,0.37796447300922725,1.65,3.9338449478149413,0.39151627,HIGH,3.542328679561615,90.04749110737589,CRITICAL,Urgent stock replenishment required
FOODS_1_002_CA_4_validation,FOODS_1_002,FOODS_1,FOODS,CA_4,CA,d_1897,0,2016-04-08,11610,Friday,7,4,2016,,,,,1,0,1,9.48,0,2,0.0,0.0,0.42857142857142855,1.133893419027682,0,1,0.40061697,1.133893419027682,4.950000000000001,7.75431890487671,0.4807404,HIGH,7.273578506708146,93.80035301532125,CRITICAL,Urgent stock replenishment required
FOODS_1_011_TX_3_validation,FOODS_1_011,FOODS_1,FOODS,TX_3,TX,d_1897,0,2016-04-08,11610,Friday,7,4,2016,,,,,1,0,1,2.68,0,2,1.0,0.0,0.2857142857142857,0.48795003647426666,0,1,0.44728735,0.48795003647426666,2.1301408404140796,5.261152326467546,0.53674483,HIGH,4.724407493474993,89.79796060470775,CRITICAL,Urgent stock replenishment required
FOODS_1_001_WI_3_validation,FOODS_1_001,FOODS_1,FOODS,WI_3,WI,d_1897,0,2016-04-08,11610,Friday,7,4,2016,,,,,1,0,1,2.24,0,2,0.0,0.0,0.2857142857142857,0.48795003647426666,0,1,0.5090247,0.48795003647426666,2.1301408404140796,5.693313657644304,0.61082965,HIGH,5.082484006288561,89.27110487693588,CRITICAL,Urgent stock replenishment required
FOODS_1_011_CA_4_validation,FOODS_1_011,FOODS_1,FOODS,CA_4,CA,d_1897,0,2016-04-08,11610,Friday,7,4,2016,,,,,1,0,1,2.68,0,2,2.0,2.0,1.0,0.8164965809277254,0,1,1.0688217,0.8164965809277254,3.5644073841243205,11.046158826079887,1.2825861,HIGH,9.763572728362602,88.38884975391527,CRITICAL,Urgent stock replenishment required
FOODS_1_005_WI_1_validation,FOODS_1_005,FOODS_1,FOODS,WI_1,WI,d_1897,1,2016-04-08,11610,Friday,7,4,2016,,,,,1,0,1,3.54,0,2,4.0,6.0,3.142857142857143,1.676163419695049,0,1,2.6341195,1.676163419695049,7.317274082607528,25.75611113399913,3.1609435,HIGH,22.595167625850937,87.72740383164593,CRITICAL,Urgent stock replenishment required
FOODS_1_002_TX_1_validation,FOODS_1_002,FOODS_1,FOODS,TX_1,TX,d_1897,0,2016-04-08,11610,Friday,7,4,2016,,,,,1,0,1,9.48,0,2,0.0,0.0,0.0,0.0,0,1,0.11765786,0.0,0.0,0.8236050605773926,0.14118944,HIGH,0.6824156194925308,82.85714259867707,CRITICAL,Urgent stock replenishment required
FOODS_1_004_WI_1_validation,FOODS_1_004,FOODS_1,FOODS,WI_1,WI,d_1897,0,2016-04-08,11610,Friday,7,4,2016,,,,,1,0,1,1.96,0,2,0.0,0.0,0.0,0.0,0,1,0.34899265,0.0,0.0,2.442948579788208,0.4187912,HIGH,2.024157375097275,82.85714205547296,CRITICAL,Urgent stock replenishment required
FOODS_1_010_WI_1_validation,FOODS_1_010,FOODS_1,FOODS,WI_1,WI,d_1897,0,2016-04-08,11610,Friday,7,4,2016,,,,,1,0,1,6.77,0,2,7.0,4.0,2.5714285714285716,2.3704530408864075,0,1,1.9049584,2.3704530408864075,10.348188247224726,23.68289646103088,2.2859502,HIGH,21.39694627716247,90.34767479716919,CRITICAL,Urgent stock replenishment required
FOODS_1_002_WI_1_validation,FOODS_1_002,FOODS_1,FOODS,WI_1,WI,d_1897,1,2016-04-08,11610,Friday,7,4,2016,,,,,1,0,1,9.48,0,2,0.0,1.0,0.7142857142857143,0.9511897312113434,0,1,0.6508819,0.9511897312113434,4.152408939398919,8.70858226398388,0.7810583,HIGH,7.927523952521478,91.03116571921667,CRITICAL,Urgent stock replenishment required
FOODS_1_005_WI_2_validation,FOODS_1_005,FOODS_1,FOODS,WI_2,WI,d_1897,1,2016-04-08,11610,Friday,7,4,2016,,,,,1,0,1,3.54,0,2,1.0,2.0,1.4285714285714286,0.9759000729485287,0,1,1.2729064,0.9759000729485287,4.260281680828139,13.170626758342788,1.5274878,HIGH,11.64313900352101,88.40231537307663,CRITICAL,Urgent stock replenishment required
FOODS_1_008_CA_3_validation,FOODS_1_008,FOODS_1,FOODS,CA_3,CA,d_1897,0,2016-04-08,11610,Friday,7,4,2016,,,,,1,0,1,3.54,0,2,0.0,2.0,0.0,0.0,0,1,0.24647349,0.0,0.0,1.7253143787384033,0.2957682,HIGH,1.4295461773872375,82.85714157396407,CRITICAL,Urgent stock replenishment required
FOODS_1_006_WI_2_validation,FOODS_1_006,FOODS_1,FOODS,WI_2,WI,d_1897,2,2016-04-08,11610,Friday,7,4,2016,,,,,1,0,1,2.48,0,2,1.0,0.0,1.0,0.8164965809277188,0,1,0.89401525,0.8164965809277188,3.5644073841242916,9.822514092650902,1.0728184,HIGH,8.749695694175255,89.07796529120463,CRITICAL,Urgent stock replenishment required
FOODS_1_008_CA_4_validation,FOODS_1_008,FOODS_1,FOODS,CA_4,CA,d_1897,0,2016-04-08,11610,Friday,7,4,2016,,,,,1,0,1,3.54,0,2,0.0,0.0,0.42857142857142855,1.133893419027682,0,1,0.5154657,1.133893419027682,4.950000000000001,8.558259677886964,0.6185588,HIGH,7.9397008538246165,92.77237607476908,CRITICAL,Urgent stock replenishment required
FOODS_1_003_CA_4_validation,FOODS_1_003,FOODS_1,FOODS,CA_4,CA,d_1897,0,2016-04-08,11610,Friday,7,4,2016,,,,,1,0,1,3.23,0,2,1.0,1.0,0.2857142857142857,0.48795003647426666,0,1,0.4674313,0.48795003647426666,2.1301408404140796,5.402159988287004,0.5609176,HIGH,4.8412423723965015,89.61679000424483,CRITICAL,Urgent stock replenishment required
FOODS_1_004_CA_3_validation,FOODS_1_004,FOODS_1,FOODS,CA_3,CA,d_1897,0,2016-04-08,11610,Friday,7,4,2016,,,,,1,0,1,1.5,0,2,0.0,0.0,0.0,0.0,0,1,0.6621903,0.0,0.0,4.635332107543945,0.79462844,HIGH,3.8407036662101746,82.85714113039447,CRITICAL,Urgent stock replenishment required
FOODS_1_003_WI_3_validation,FOODS_1_003,FOODS_1,FOODS,WI_3,WI,d_1897,0,2016-04-08,11610,Friday,7,4,2016,,,,,1,0,1,3.23,0,2,0.0,0.0,0.0,0.0,0,1,0.0946203,0.0,0.0,0.6623421311378479,0.11354437,HIGH,0.5487977638840675,82.85714256788698,CRITICAL,Urgent stock replenishment required
FOODS_1_003_TX_2_validation,FOODS_1_003,FOODS_1,FOODS,TX_2,TX,d_1897,0,2016-04-08,11610,Friday,7,4,2016,,,,,1,0,1,3.23,0,2,0.0,1.0,0.42857142857142855,1.133893419027682,0,1,0.5876845,1.133893419027682,4.950000000000001,9.063791465759278,0.7052214,HIGH,8.358570051193238,92.21935525292932,CRITICAL,Urgent stock replenishment required
FOODS_1_004_CA_2_validation,FOODS_1_004,FOODS_1,FOODS,CA_2,CA,d_1897,0,2016-04-08,11610,Friday,7,4,2016,,,,,1,0,1,1.96,0,2,0.0,0.0,0.0,0.0,0,1,0.34899265,0.0,0.0,2.442948579788208,0.4187912,HIGH,2.024157375097275,82.85714205547296,CRITICAL,Urgent stock replenishment required
FOODS_1_005_WI_2_validation,FOODS_1_005,FOODS_1,FOODS,WI_2,WI,d_1898,2,2016-04-09,11611,Saturday,1,4,2016,,,,,1,1,1,3.54,1,2,3.0,1.0,1.4285714285714286,0.9759000729485287,0,1,1.3505675,0.9759000729485287,4.260281680828139,13.714253543621108,1.620681,HIGH,12.093572496181533,88.18250630787412,CRITICAL,Urgent stock replenishment required
FOODS_1_006_TX_2_validation,FOODS_1_006,FOODS_1,FOODS,TX_2,TX,d_1898,0,2016-04-09,11611,Saturday,1,4,2016,,,,,1,1,1,2.48,1,2,0.0,0.0,0.5714285714285714,0.7867957924694431,0,1,0.66373366,0.7867957924694431,3.4347488991191186,8.080884706156471,0.7964804,HIGH,7.284404288904884,90.1436482982515,CRITICAL,Urgent stock replenishment required
FOODS_1_005_TX_1_validation,FOODS_1_005,FOODS_1,FOODS,TX_1,TX,d_1898,0,2016-04-09,11611,Saturday,1,4,2016,,,,,1,1,1,3.54,1,2,2.0,1.0,0.7142857142857143,1.2535663410560176,0,1,0.8223218,1.2535663410560176,5.47243090408641,11.22868319290477,0.9867862,HIGH,10.24189700620967,91.21191532664638,CRITICAL,Urgent stock replenishment required
FOODS_1_010_CA_4_validation,FOODS_1_010,FOODS_1,FOODS,CA_4,CA,d_1898,0,2016-04-09,11611,Saturday,1,4,2016,,,,,1,1,1,5.56,1,2,0.0,0.0,0.0,0.0,0,1,0.1274507,0.0,0.0,0.8921549320220947,0.15294085,HIGH,0.7392140775918961,82.85714185499667,CRITICAL,Urgent stock replenishment required
FOODS_1_009_TX_1_validation,FOODS_1_009,FOODS_1,FOODS,TX_1,TX,d_1898,0,2016-04-09,11611,Saturday,1,4,2016,,,,,1,1,1,2.24,1,2,0.0,0.0,0.0,0.0,0,1,0.15670075,0.0,0.0,1.09690523147583,0.1880409,HIGH,0.9088643342256546,82.85714281832935,CRITICAL,Urgent stock replenishment required
FOODS_1_001_TX_2_validation,FOODS_1_001,FOODS_1,FOODS,TX_2,TX,d_1898,0,2016-04-09,11611,Saturday,1,4,2016,,,,,1,1,1,2.24,1,2,0.0,0.0,0.14285714285714285,0.37796447300922725,0,1,0.4685538,0.37796447300922725,1.65,4.929876708984375,0.5622646,HIGH,4.367612087726593,88.59475288229639,CRITICAL,Urgent stock replenishment required
FOODS_1_009_CA_1_validation,FOODS_1_009,FOODS_1,FOODS,CA_1,CA,d_1898,0,2016-04-09,11611,Saturday,1,4,2016,,,,,1,1,1,2.24,1,2,0.0,0.0,0.0,0.0,0,1,0.15670075,0.0,0.0,1.09690523147583,0.1880409,HIGH,0.9088643342256546,82.85714281832935,CRITICAL,Urgent stock replenishment required
FOODS_1_008_CA_1_validation,FOODS_1_008,FOODS_1,FOODS,CA_1,CA,d_1898,0,2016-04-09,11611,Saturday,1,4,2016,,,,,1,1,1,3.54,1,2,1.0,0.0,0.14285714285714285,0.3779644730092274,0,1,0.3564882,0.3779644730092274,1.6500000000000008,4.145417356491089,0.42778584,HIGH,3.7176315128803257,89.68051207338831,CRITICAL,Urgent stock replenishment required
FOODS_1_003_WI_3_validation,FOODS_1_003,FOODS_1,FOODS,WI_3,WI,d_1898,0,2016-04-09,11611,Saturday,1,4,2016,,,,,1,1,1,3.23,1,2,0.0,0.0,0.0,0.0,0,1,0.11684294,0.0,0.0,0.8179005980491638,0.14021154,HIGH,0.6776890605688095,82.85714207633747,CRITICAL,Urgent stock replenishment required
FOODS_1_005_TX_3_validation,FOODS_1_005,FOODS_1,FOODS,TX_3,TX,d_1898,0,2016-04-09,11611,Saturday,1,4,2016,,,,,1,1,1,3.54,1,2,2.0,0.0,1.4285714285714286,1.2724180205607034,0,1,1.3305596,1.2724180205607034,5.5547277160991415,14.86864487613332,1.5966716,HIGH,13.27197329486501,89.26148553166915,CRITICAL,Urgent stock replenishment required
FOODS_1_006_CA_3_validation,FOODS_1_006,FOODS_1,FOODS,CA_3,CA,d_1898,7,2016-04-09,11611,Saturday,1,4,2016,,,,,1,1,1,2.48,1,2,2.0,4.0,1.4285714285714286,1.5118578920369092,0,1,1.5593772,1.5118578920369092,6.600000000000001,17.515639877319337,1.8712527,HIGH,15.644387221336366,89.31667544497749,CRITICAL,Urgent stock replenishment required
FOODS_1_001_CA_3_validation,FOODS_1_001,FOODS_1,FOODS,CA_3,CA,d_1898,4,2016-04-09,11611,Saturday,1,4,2016,,,,,1,1,1,2.24,1,2,1.0,0.0,0.2857142857142857,0.48795003647427043,0,1,0.5576639,0.48795003647427043,2.130140840414096,6.033788263204624,0.6691967,HIGH,5.364591538312961,88.90917785477205,CRITICAL,Urgent stock replenishment required
FOODS_1_009_CA_4_validation,FOODS_1_009,FOODS_1,FOODS,CA_4,CA,d_1898,0,2016-04-09,11611,Saturday,1,4,2016,,,,,1,1,1,2.24,1,2,0.0,0.0,0.0,0.0,0,1,0.15670075,0.0,0.0,1.09690523147583,0.1880409,HIGH,0.9088643342256546,82.85714281832935,CRITICAL,Urgent stock replenishment required
FOODS_1_006_TX_1_validation,FOODS_1_006,FOODS_1,FOODS,TX_1,TX,d_1898,0,2016-04-09,11611,Saturday,1,4,2016,,,,,1,1,1,2.48,1,2,0.0,0.0,0.2857142857142857,0.4879500364742666,0,1,0.49855566,0.4879500364742666,2.1301408404140796,5.620030462148699,0.59826684,HIGH,5.02176362216762,89.35474026323436,CRITICAL,Urgent stock replenishment required
FOODS_1_011_WI_1_validation,FOODS_1_011,FOODS_1,FOODS,WI_1,WI,d_1898,0,2016-04-09,11611,Saturday,1,4,2016,,,,,1,1,1,2.68,1,2,4.0,0.0,1.2857142857142858,1.889822365046136,0,1,1.076079,1.889822365046136,8.25,15.78255319595337,1.2912948,HIGH,14.491258382797241,91.8182134593583,CRITICAL,Urgent stock replenishment required
FOODS_1_001_WI_1_validation,FOODS_1_001,FOODS_1,FOODS,WI_1,WI,d_1898,0,2016-04-09,11611,Saturday,1,4,2016,,,,,1,1,1,2.24,1,2,0.0,0.0,0.14285714285714285,0.37796447300922725,0,1,0.4685538,0.37796447300922725,1.65,4.929876708984375,0.5622646,HIGH,4.367612087726593,88.59475288229639,CRITICAL,Urgent stock replenishment required
FOODS_1_003_CA_4_validation,FOODS_1_003,FOODS_1,FOODS,CA_4,CA,d_1898,0,2016-04-09,11611,Saturday,1,4,2016,,,,,1,1,1,3.23,1,2,0.0,1.0,0.14285714285714285,0.3779644730092273,0,1,0.42402515,0.3779644730092273,1.6500000000000004,4.618176126480103,0.5088302,HIGH,4.109345936775208,88.98200987209388,CRITICAL,Urgent stock replenishment required
FOODS_1_005_CA_2_validation,FOODS_1_005,FOODS_1,FOODS,CA_2,CA,d_1898,14,2016-04-09,11611,Saturday,1,4,2016,,,,,1,1,1,3.54,1,2,7.0,8.0,5.857142857142857,3.625307868699865,0,1,7.202121,3.625307868699865,15.826244026931985,66.24108853987144,8.642546,HIGH,57.5985428397982,86.95289299952978,CRITICAL,Urgent stock replenishment required
FOODS_1_002_TX_3_validation,FOODS_1_002,FOODS_1,FOODS,TX_3,TX,d_1898,0,2016-04-09,11611,Saturday,1,4,2016,,,,,1,1,1,9.48,1,2,0.0,0.0,0.2857142857142857,0.7559289460184545,0,1,0.4053662,0.7559289460184545,3.3,6.1375635147094725,0.48643947,HIGH,5.651124048233032,92.07438806440659,CRITICAL,Urgent stock replenishment required
FOODS_1_008_WI_2_validation,FOODS_1_008,FOODS_1,FOODS,WI_2,WI,d_1898,0,2016-04-09,11611,Saturday,1,4,2016,,,,,1,1,1,3.54,1,2,0.0,1.0,0.14285714285714285,0.37796447300922725,0,1,0.42420164,0.37796447300922725,1.65,4.619411373138428,0.50904197,HIGH,4.110369408130646,88.98037165583851,CRITICAL,Urgent stock replenishment required
FOODS_1_002_TX_2_validation,FOODS_1_002,FOODS_1,FOODS,TX_2,TX,d_1898,0,2016-04-09,11611,Saturday,1,4,2016,,,,,1,1,1,9.48,1,2,0.0,0.0,0.2857142857142857,0.4879500364742666,0,1,0.39180776,0.4879500364742666,2.1301408404140796,4.87279516399196,0.47016934,HIGH,4.4026258283882465,90.35113687769845,CRITICAL,Urgent stock replenishment required
FOODS_1_010_TX_1_validation,FOODS_1_010,FOODS_1,FOODS,TX_1,TX,d_1898,2,2016-04-09,11611,Saturday,1,4,2016,,,,,1,1,1,6.27,1,2,1.0,1.0,0.2857142857142857,0.4879500364742669,0,1,0.4922737,0.4879500364742669,2.1301408404140805,5.576056539419207,0.59072846,HIGH,4.985328077676806,89.40598149307986,CRITICAL,Urgent stock replenishment required
FOODS_1_002_TX_1_validation,FOODS_1_002,FOODS_1,FOODS,TX_1,TX,d_1898,0,2016-04-09,11611,Saturday,1,4,2016,,,,,1,1,1,9.48,1,2,0.0,0.0,0.0,0.0,0,1,0.13876174,0.0,0.0,0.9713321924209595,0.1665141,HIGH,0.8048180937767029,82.85714198051699,CRITICAL,Urgent stock replenishment required
FOODS_1_009_CA_2_validation,FOODS_1_009,FOODS_1,FOODS,CA_2,CA,d_1898,0,2016-04-09,11611,Saturday,1,4,2016,,,,,1,1,1,2.24,1,2,0.0,0.0,0.0,0.0,0,1,0.15670075,0.0,0.0,1.09690523147583,0.1880409,HIGH,0.9088643342256546,82.85714281832935,CRITICAL,Urgent stock replenishment required
FOODS_1_005_WI_1_validation,FOODS_1_005,FOODS_1,FOODS,WI_1,WI,d_1898,2,2016-04-09,11611,Saturday,1,4,2016,,,,,1,1,1,3.54,1,2,0.0,4.0,2.7142857142857144,1.7994708216848725,0,1,2.6482587,1.7994708216848725,7.8555712713971255,26.393382550694,3.1779106,HIGH,23.215471984364044,87.95944187818247,CRITICAL,Urgent stock replenishment required
FOODS_1_011_TX_1_validation,FOODS_1_011,FOODS_1,FOODS,TX_1,TX,d_1898,0,2016-04-09,11611,Saturday,1,4,2016,,,,,1,1,1,2.68,1,2,0.0,0.0,0.14285714285714285,0.37796447300922725,0,1,0.3949979,0.37796447300922725,1.65,4.414985322952271,0.4739975,HIGH,3.9409878194332126,89.26389401444035,CRITICAL,Urgent stock replenishment required
FOODS_1_008_CA_2_validation,FOODS_1_008,FOODS_1,FOODS,CA_2,CA,d_1898,0,2016-04-09,11611,Saturday,1,4,2016,,,,,1,1,1,3.54,1,2,0.0,0.0,0.14285714285714285,0.37796447300922753,0,1,0.35317084,0.37796447300922753,1.6500000000000015,4.122195863723756,0.42380503,HIGH,3.6983908355236066,89.71894974885282,CRITICAL,Urgent stock replenishment required
FOODS_1_010_WI_1_validation,FOODS_1_010,FOODS_1,FOODS,WI_1,WI,d_1898,1,2016-04-09,11611,Saturday,1,4,2016,,,,,1,1,1,6.77,1,2,1.0,1.0,1.5714285714285714,1.5118578920369092,0,1,1.101114,1.5118578920369092,6.600000000000001,14.307798004150392,1.3213369,HIGH,12.986461138725282,90.76491808843109,CRITICAL,Urgent stock replenishment required
FOODS_1_003_TX_2_validation,FOODS_1_003,FOODS_1,FOODS,TX_2,TX,d_1898,1,2016-04-09,11611,Saturday,1,4,2016,,,,,1,1,1,3.23,1,2,0.0,0.0,0.42857142857142855,1.133893419027682,0,1,0.5682017,1.133893419027682,4.950000000000001,8.92741198539734,0.6818421,HIGH,8.245569896698,92.36237680287817,CRITICAL,Urgent stock replenishment required
FOODS_1_004_CA_1_validation,FOODS_1_004,FOODS_1,FOODS,CA_1,CA,d_1898,0,2016-04-09,11611,Saturday,1,4,2016,,,,,1,1,1,1.96,1,2,0.0,0.0,0.0,0.0,0,1,0.6666361,0.0,0.0,4.666452884674072,0.79996336,HIGH,3.86648952960968,82.85714278415423,CRITICAL,Urgent stock replenishment required
FOODS_1_011_WI_2_validation,FOODS_1_011,FOODS_1,FOODS,WI_2,WI,d_1898,0,2016-04-09,11611,Saturday,1,4,2016,,,,,1,1,1,2.68,1,2,0.0,0.0,1.0,1.8257418583505538,0,1,0.84607613,1.8257418583505538,7.970257210404191,13.892790245682512,1.0152915,HIGH,12.877498793274675,92.69195435579717,CRITICAL,Urgent stock replenishment required
FOODS_1_011_TX_2_validation,FOODS_1_011,FOODS_1,FOODS,TX_2,TX,d_1898,0,2016-04-09,11611,Saturday,1,4,2016,,,,,1,1,1,2.68,1,2,0.0,0.0,0.14285714285714285,0.37796447300922725,0,1,0.3949979,0.37796447300922725,1.65,4.414985322952271,0.4739975,HIGH,3.9409878194332126,89.26389401444035,CRITICAL,Urgent stock replenishment required
FOODS_1_005_WI_3_validation,FOODS_1_005,FOODS_1,FOODS,WI_3,WI,d_1898,2,2016-04-09,11611,Saturday,1,4,2016,,,,,1,1,1,3.54,1,2,2.0,1.0,0.7142857142857143,0.9511897312113425,0,1,0.86558276,0.9511897312113425,4.152408939398915,10.211488109625966,1.0386994,HIGH,9.172788721121938,89.82812908997184,CRITICAL,Urgent stock replenishment required
FOODS_1_009_WI_1_validation,FOODS_1_009,FOODS_1,FOODS,WI_1,WI,d_1898,0,2016-04-09,11611,Saturday,1,4,2016,,,,,1,1,1,2.24,1,2,0.0,0.0,0.0,0.0,0,1,0.15670075,0.0,0.0,1.09690523147583,0.1880409,HIGH,0.9088643342256546,82.85714281832935,CRITICAL,Urgent stock replenishment required
FOODS_1_010_WI_2_validation,FOODS_1_010,FOODS_1,FOODS,WI_2,WI,d_1898,0,2016-04-09,11611,Saturday,1,4,2016,,,,,1,1,1,6.77,1,2,0.0,0.0,0.8571428571428571,0.8997354108424375,0,1,0.6829026,0.8997354108424375,3.927785635698568,8.708103895891439,0.8194831,HIGH,7.888620794523488,90.58941979602942,CRITICAL,Urgent stock replenishment required
FOODS_1_011_CA_4_validation,FOODS_1_011,FOODS_1,FOODS,CA_4,CA,d_1898,0,2016-04-09,11611,Saturday,1,4,2016,,,,,1,1,1,2.68,1,2,0.0,0.0,0.7142857142857143,0.7559289460184536,0,1,0.72753376,0.7559289460184536,3.2999999999999963,8.392736244201657,0.87304056,HIGH,7.5196956872940035,89.59766479602148,CRITICAL,Urgent stock replenishment required
FOODS_1_009_WI_3_validation,FOODS_1_009,FOODS_1,FOODS,WI_3,WI,d_1898,0,2016-04-09,11611,Saturday,1,4,2016,,,,,1,1,1,2.24,1,2,0.0,0.0,0.0,0.0,0,1,0.15670075,0.0,0.0,1.09690523147583,0.1880409,HIGH,0.9088643342256546,82.85714281832935,CRITICAL,Urgent stock replenishment required
FOODS_1_001_CA_2_validation,FOODS_1_001,FOODS_1,FOODS,CA_2,CA,d_1898,0,2016-04-09,11611,Saturday,1,4,2016,,,,,1,1,1,2.24,1,2,0.0,0.0,0.5714285714285714,0.7867957924694432,0,1,0.716652,0.7867957924694432,3.434748899119119,8.451312791483621,0.85998243,HIGH,7.5913303605487155,89.8242740251963,CRITICAL,Urgent stock replenishment required
FOODS_1_004_CA_3_validation,FOODS_1_004,FOODS_1,FOODS,CA_3,CA,d_1898,0,2016-04-09,11611,Saturday,1,4,2016,,,,,1,1,1,1.5,1,2,0.0,0.0,0.0,0.0,0,1,0.9143068,0.0,0.0,6.400147914886475,1.0971682,HIGH,5.3029797077178955,82.85714296357727,CRITICAL,Urgent stock replenishment required
FOODS_1_002_CA_4_validation,FOODS_1_002,FOODS_1,FOODS,CA_4,CA,d_1898,0,2016-04-09,11611,Saturday,1,4,2016,,,,,1,1,1,9.48,1,2,0.0,0.0,0.42857142857142855,1.133893419027682,0,1,0.45167696,1.133893419027682,4.950000000000001,8.111738872528077,0.5420124,HIGH,7.569726479053498,93.31817256457545,CRITICAL,Urgent stock replenishment required
FOODS_1_003_WI_2_validation,FOODS_1_003,FOODS_1,FOODS,WI_2,WI,d_1898,0,2016-04-09,11611,Saturday,1,4,2016,,,,,1,1,1,3.23,1,2,0.0,0.0,0.14285714285714285,0.37796447300922725,0,1,0.3529943,0.37796447300922725,1.65,4.120960140228272,0.42359316,HIGH,3.6973669767379764,89.721007991433,CRITICAL,Urgent stock replenishment required
FOODS_1_001_TX_3_validation,FOODS_1_001,FOODS_1,FOODS,TX_3,TX,d_1898,0,2016-04-09,11611,Saturday,1,4,2016,,,,,1,1,1,2.24,1,2,1.0,0.0,0.7142857142857143,0.7559289460184546,0,1,0.7952614,0.7559289460184546,3.3000000000000007,8.866829681396485,0.9543137,HIGH,7.9125159859657295,89.23726145960597,CRITICAL,Urgent stock replenishment required
FOODS_1_005_CA_4_validation,FOODS_1_005,FOODS_1,FOODS,CA_4,CA,d_1898,4,2016-04-09,11611,Saturday,1,4,2016,,,,,1,1,1,3.54,1,2,1.0,1.0,1.1428571428571428,1.7728105208558365,0,1,1.1689569,1.7728105208558365,7.739186003708658,15.921884253525553,1.4027483,HIGH,14.519135907196818,91.18980942209697,CRITICAL,Urgent stock replenishment required
FOODS_1_011_TX_3_validation,FOODS_1_011,FOODS_1,FOODS,TX_3,TX,d_1898,1,2016-04-09,11611,Saturday,1,4,2016,,,,,1,1,1,2.68,1,2,0.0,0.0,0.14285714285714285,0.3779644730092273,0,1,0.3949979,0.3779644730092273,1.6500000000000004,4.414985322952271,0.4739975,HIGH,3.9409878194332126,89.26389401444035,CRITICAL,Urgent stock replenishment required
FOODS_1_001_TX_1_validation,FOODS_1_001,FOODS_1,FOODS,TX_1,TX,d_1898,0,2016-04-09,11611,Saturday,1,4,2016,,,,,1,1,1,2.24,1,2,0.0,0.0,0.14285714285714285,0.37796447300922725,0,1,0.4685538,0.37796447300922725,1.65,4.929876708984375,0.5622646,HIGH,4.367612087726593,88.59475288229639,CRITICAL,Urgent stock replenishment required
FOODS_1_001_WI_3_validation,FOODS_1_001,FOODS_1,FOODS,WI_3,WI,d_1898,0,2016-04-09,11611,Saturday,1,4,2016,,,,,1,1,1,2.24,1,2,0.0,0.0,0.2857142857142857,0.48795003647426666,0,1,0.55434656,0.48795003647426666,2.1301408404140796,6.010566770437273,0.6652159,HIGH,5.345350860956224,88.93255935941207,CRITICAL,Urgent stock replenishment required
FOODS_1_008_CA_4_validation,FOODS_1_008,FOODS_1,FOODS,CA_4,CA,d_1898,0,2016-04-09,11611,Saturday,1,4,2016,,,,,1,1,1,3.54,1,2,3.0,1.0,0.42857142857142855,1.133893419027682,0,1,0.6642619,1.133893419027682,4.950000000000001,9.599833202362062,0.7971143,HIGH,8.802718889713288,91.69658164005764,CRITICAL,Urgent stock replenishment required
FOODS_1_005_TX_2_validation,FOODS_1_005,FOODS_1,FOODS,TX_2,TX,d_1898,1,2016-04-09,11611,Saturday,1,4,2016,,,,,1,1,1,3.54,1,2,0.0,2.0,0.5714285714285714,0.7867957924694415,0,1,0.8083068,0.7867957924694415,3.434748899119112,9.09289671100876,0.9699682,HIGH,8.122928511278841,89.33268208627533,CRITICAL,Urgent stock replenishment required
FOODS_1_008_WI_3_validation,FOODS_1_008,FOODS_1,FOODS,WI_3,WI,d_1898,0,2016-04-09,11611,Saturday,1,4,2016,,,,,1,1,1,3.54,1,2,1.0,0.0,0.42857142857142855,0.5345224838248488,0,1,0.5365312,0.5345224838248488,2.333452377915607,6.0891708475353585,0.64383745,HIGH,5.445333395600544,89.42651687634265,CRITICAL,Urgent stock replenishment required
FOODS_1_003_CA_1_validation,FOODS_1_003,FOODS_1,FOODS,CA_1,CA,d_1898,1,2016-04-09,11611,Saturday,1,4,2016,,,,,1,1,1,3.23,1,2,0.0,0.0,0.42857142857142855,0.5345224838248491,0,1,0.53311604,0.5345224838248491,2.3334523779156084,6.065264616608846,0.6397393,HIGH,5.425525341630208,89.45240949212992,CRITICAL,Urgent stock replenishment required
FOODS_1_004_WI_2_validation,FOODS_1_004,FOODS_1,FOODS,WI_2,WI,d_1898,0,2016-04-09,11611,Saturday,1,4,2016,,,,,1,1,1,1.96,1,2,0.0,0.0,0.0,7.389734084383283e-07,0,1,0.6799239,7.389734084383283e-07,3.2259807759590005e-06,4.759470350919741,0.81590873,HIGH,3.943561620889681,82.85715279490312,CRITICAL,Urgent stock replenishment required
FOODS_1_010_CA_2_validation,FOODS_1_010,FOODS_1,FOODS,CA_2,CA,d_1898,0,2016-04-09,11611,Saturday,1,4,2016,,,,,1,1,1,5.64,1,2,0.0,1.0,0.14285714285714285,0.37796447300922725,0,1,0.4166455,0.37796447300922725,1.65,4.5665184497833256,0.4999746,HIGH,4.066543841362,89.05129555657332,CRITICAL,Urgent stock replenishment required
FOODS_1_009_TX_2_validation,FOODS_1_009,FOODS_1,FOODS,TX_2,TX,d_1898,0,2016-04-09,11611,Saturday,1,4,2016,,,,,1,1,1,2.24,1,2,0.0,0.0,0.0,0.0,0,1,0.15670075,0.0,0.0,1.09690523147583,0.1880409,HIGH,0.9088643342256546,82.85714281832935,CRITICAL,Urgent stock replenishment required
FOODS_1_010_TX_2_validation,FOODS_1_010,FOODS_1,FOODS,TX_2,TX,d_1898,0,2016-04-09,11611,Saturday,1,4,2016,,,,,1,1,1,6.27,1,2,1.0,2.0,0.5714285714285714,0.7867957924694416,0,1,0.7408094,0.7867957924694416,3.434748899119113,8.620414506571505,0.88897127,HIGH,7.731443237440798,89.68760413489366,CRITICAL,Urgent stock replenishment required
FOODS_1_004_TX_2_validation,FOODS_1_004,FOODS_1,FOODS,TX_2,TX,d_1898,0,2016-04-09,11611,Saturday,1,4,2016,,,,,1,1,1,1.96,1,2,0.0,0.0,0.0,0.0,0,1,0.6666361,0.0,0.0,4.666452884674072,0.79996336,HIGH,3.86648952960968,82.85714278415423,CRITICAL,Urgent stock replenishment required
FOODS_1_011_CA_2_validation,FOODS_1_011,FOODS_1,FOODS,CA_2,CA,d_1898,5,2016-04-09,11611,Saturday,1,4,2016,,,,,1,1,1,2.68,1,2,2.0,2.0,2.7142857142857144,1.7043362064926937,0,1,2.2542725,1.7043362064926937,7.440262092157777,23.220169318720277,2.705127,HIGH,20.51504231791156,88.35009786673768,CRITICAL,Urgent stock replenishment required
FOODS_1_008_CA_3_validation,FOODS_1_008,FOODS_1,FOODS,CA_3,CA,d_1898,0,2016-04-09,11611,Saturday,1,4,2016,,,,,1,1,1,3.54,1,2,0.0,0.0,0.0,0.0,0,1,0.16308028,0.0,0.0,1.1415619850158691,0.19569634,HIGH,0.9458656460046768,82.85714296902836,CRITICAL,Urgent stock replenishment required
FOODS_1_009_TX_3_validation,FOODS_1_009,FOODS_1,FOODS,TX_3,TX,d_1898,0,2016-04-09,11611,Saturday,1,4,2016,,,,,1,1,1,2.24,1,2,0.0,0.0,0.0,0.0,0,1,0.15670075,0.0,0.0,1.09690523147583,0.1880409,HIGH,0.9088643342256546,82.85714281832935,CRITICAL,Urgent stock replenishment required
FOODS_1_005_CA_3_validation,FOODS_1_005,FOODS_1,FOODS,CA_3,CA,d_1898,1,2016-04-09,11611,Saturday,1,4,2016,,,,,1,1,1,3.54,1,2,0.0,7.0,2.2857142857142856,3.450327796711771,0,1,2.7822351,3.450327796711771,15.062370331392067,34.53801730404832,3.3386824,HIGH,31.19933489094712,90.33331188727543,CRITICAL,Urgent stock replenishment required
FOODS_1_004_CA_4_validation,FOODS_1_004,FOODS_1,FOODS,CA_4,CA,d_1898,0,2016-04-09,11611,Saturday,1,4,2016,,,,,1,1,1,1.96,1,2,0.0,0.0,0.0,0.0,0,1,0.6666361,0.0,0.0,4.666452884674072,0.79996336,HIGH,3.86648952960968,82.85714278415423,CRITICAL,Urgent stock replenishment required
FOODS_1_010_CA_1_validation,FOODS_1_010,FOODS_1,FOODS,CA_1,CA,d_1898,0,2016-04-09,11611,Saturday,1,4,2016,,,,,1,1,1,5.64,1,2,0.0,2.0,0.7142857142857143,1.1126972805283737,0,1,0.8491676,1.1126972805283737,4.857468476480316,10.801641335672212,1.0190011,HIGH,9.782640209382844,90.56623808713093,CRITICAL,Urgent stock replenishment required
FOODS_1_006_TX_3_validation,FOODS_1_006,FOODS_1,FOODS,TX_3,TX,d_1898,1,2016-04-09,11611,Saturday,1,4,2016,,,,,1,1,1,2.48,1,2,1.0,0.0,0.8571428571428571,0.6900655593423543,0,1,0.79819393,0.6900655593423543,3.012474066278414,8.599831587335544,0.95783275,HIGH,7.641998833677249,88.86219173095392,CRITICAL,Urgent stock replenishment required
FOODS_1_009_CA_3_validation,FOODS_1_009,FOODS_1,FOODS,CA_3,CA,d_1898,0,2016-04-09,11611,Saturday,1,4,2016,,,,,1,1,1,1.98,1,2,0.0,0.0,0.0,0.0,0,1,0.15932497,0.0,0.0,1.1152747869491577,0.19118997,HIGH,0.9240848124027252,82.8571418646131,CRITICAL,Urgent stock replenishment required
FOODS_1_003_WI_1_validation,FOODS_1_003,FOODS_1,FOODS,WI_1,WI,d_1898,1,2016-04-09,11611,Saturday,1,4,2016,,,,,1,1,1,3.23,1,2,1.0,2.0,1.5714285714285714,0.7867957924694431,0,1,1.3739982,0.7867957924694431,3.4347488991191186,13.052735578196266,1.6487979,HIGH,11.403937708513954,87.36818148345455,CRITICAL,Urgent stock replenishment required
FOODS_1_006_WI_3_validation,FOODS_1_006,FOODS_1,FOODS,WI_3,WI,d_1898,0,2016-04-09,11611,Saturday,1,4,2016,,,,,1,1,1,2.48,1,2,1.0,0.0,4.428571428571429,9.980934205726816,0,1,1.269112,9.980934205726816,43.57166510474439,52.45544939887281,1.5229344,HIGH,50.93251496207471,97.09670881814841,CRITICAL,Urgent stock replenishment required
FOODS_1_006_CA_4_validation,FOODS_1_006,FOODS_1,FOODS,CA_4,CA,d_1898,0,2016-04-09,11611,Saturday,1,4,2016,,,,,1,1,1,2.48,1,2,4.0,1.0,1.2857142857142858,1.3801311186847092,0,1,1.1939483,1.3801311186847092,6.02494813255683,14.382585537952338,1.432738,HIGH,12.949847591442023,90.03838396976921,CRITICAL,Urgent stock replenishment required
FOODS_1_009_WI_2_validation,FOODS_1_009,FOODS_1,FOODS,WI_2,WI,d_1898,0,2016-04-09,11611,Saturday,1,4,2016,,,,,1,1,1,2.24,1,2,0.0,0.0,0.0,0.0,0,1,0.15670075,0.0,0.0,1.09690523147583,0.1880409,HIGH,0.9088643342256546,82.85714281832935,CRITICAL,Urgent stock replenishment required
FOODS_1_006_WI_1_validation,FOODS_1_006,FOODS_1,FOODS,WI_1,WI,d_1898,1,2016-04-09,11611,Saturday,1,4,2016,,,,,1,1,1,2.48,1,2,1.0,2.0,2.7142857142857144,1.704336206492694,0,1,2.2542725,1.704336206492694,7.440262092157778,23.220169318720277,2.705127,HIGH,20.51504231791156,88.35009786673768,CRITICAL,Urgent stock replenishment required
FOODS_1_004_CA_2_validation,FOODS_1_004,FOODS_1,FOODS,CA_2,CA,d_1898,0,2016-04-09,11611,Saturday,1,4,2016,,,,,1,1,1,1.96,1,2,0.0,0.0,0.0,0.0,0,1,0.6666361,0.0,0.0,4.666452884674072,0.79996336,HIGH,3.86648952960968,82.85714278415423,CRITICAL,Urgent stock replenishment required
FOODS_1_008_TX_3_validation,FOODS_1_008,FOODS_1,FOODS,TX_3,TX,d_1898,0,2016-04-09,11611,Saturday,1,4,2016,,,,,1,1,1,3.54,1,2,0.0,1.0,0.14285714285714285,0.37796447300922725,0,1,0.42420164,0.37796447300922725,1.65,4.619411373138428,0.50904197,HIGH,4.110369408130646,88.98037165583851,CRITICAL,Urgent stock replenishment required
FOODS_1_011_CA_1_validation,FOODS_1_011,FOODS_1,FOODS,CA_1,CA,d_1898,1,2016-04-09,11611,Saturday,1,4,2016,,,,,1,1,1,2.68,1,2,2.0,4.0,0.8571428571428571,0.8997354108424375,0,1,1.207617,0.8997354108424375,3.927785635698568,12.381105185259115,1.4491405,HIGH,10.93196463655306,88.29554771547055,CRITICAL,Urgent stock replenishment required
FOODS_1_008_WI_1_validation,FOODS_1_008,FOODS_1,FOODS,WI_1,WI,d_1898,1,2016-04-09,11611,Saturday,1,4,2016,,,,,1,1,1,3.54,1,2,0.0,0.0,0.14285714285714285,0.377964473009228,0,1,0.35317084,0.377964473009228,1.6500000000000032,4.122195863723758,0.42380503,HIGH,3.6983908355236084,89.71894974885282,CRITICAL,Urgent stock replenishment required
FOODS_1_002_WI_3_validation,FOODS_1_002,FOODS_1,FOODS,WI_3,WI,d_1898,1,2016-04-09,11611,Saturday,1,4,2016,,,,,1,1,1,9.48,1,2,0.0,0.0,0.2857142857142857,0.4879500364742666,0,1,0.39180776,0.4879500364742666,2.1301408404140796,4.87279516399196,0.47016934,HIGH,4.4026258283882465,90.35113687769845,CRITICAL,Urgent stock replenishment required
FOODS_1_003_TX_1_validation,FOODS_1_003,FOODS_1,FOODS,TX_1,TX,d_1898,0,2016-04-09,11611,Saturday,1,4,2016,,,,,1,1,1,3.23,1,2,0.0,1.0,0.14285714285714285,0.37796447300922725,0,1,0.42402515,0.37796447300922725,1.65,4.618176126480103,0.5088302,HIGH,4.109345936775208,88.98200987209388,CRITICAL,Urgent stock replenishment required
FOODS_1_001_CA_1_validation,FOODS_1_001,FOODS_1,FOODS,CA_1,CA,d_1898,0,2016-04-09,11611,Saturday,1,4,2016,,,,,1,1,1,2.24,1,2,0.0,1.0,1.2857142857142858,1.6035674514745466,0,1,1.1763138,1.6035674514745466,7.000357133746821,15.234553796649653,1.4115765,HIGH,13.822977287173945,90.73437575975386,CRITICAL,Urgent stock replenishment required
FOODS_1_004_WI_3_validation,FOODS_1_004,FOODS_1,FOODS,WI_3,WI,d_1898,0,2016-04-09,11611,Saturday,1,4,2016,,,,,1,1,1,1.96,1,2,0.0,0.0,0.0,4.272243734249905e-07,0,1,0.64028215,4.272243734249905e-07,1.8650435860780626e-06,4.48197694362635,0.7683386,HIGH,3.7136383229636607,82.85714919271696,CRITICAL,Urgent stock replenishment required
FOODS_1_004_TX_1_validation,FOODS_1_004,FOODS_1,FOODS,TX_1,TX,d_1898,0,2016-04-09,11611,Saturday,1,4,2016,,,,,1,1,1,1.96,1,2,0.0,0.0,0.0,0.0,0,1,0.6666361,0.0,0.0,4.666452884674072,0.79996336,HIGH,3.86648952960968,82.85714278415423,CRITICAL,Urgent stock replenishment required
FOODS_1_006_WI_2_validation,FOODS_1_006,FOODS_1,FOODS,WI_2,WI,d_1898,2,2016-04-09,11611,Saturday,1,4,2016,,,,,1,1,1,2.48,1,2,1.0,0.0,1.1428571428571428,0.8997354108424306,0,1,1.074906,0.8997354108424306,3.927785635698538,11.452127695787649,1.2898872,HIGH,10.162240505922536,88.73670269726766,CRITICAL,Urgent stock replenishment required
FOODS_1_010_CA_3_validation,FOODS_1_010,FOODS_1,FOODS,CA_3,CA,d_1898,1,2016-04-09,11611,Saturday,1,4,2016,,,,,1,1,1,5.64,1,2,1.0,0.0,0.8571428571428571,1.0690449676496978,0,1,0.63702714,1.0690449676496978,4.666904755831215,9.1260946476464,0.7644326,HIGH,8.361662038565132,91.62366117604957,CRITICAL,Urgent stock replenishment required
FOODS_1_001_WI_2_validation,FOODS_1_001,FOODS_1,FOODS,WI_2,WI,d_1898,0,2016-04-09,11611,Saturday,1,4,2016,,,,,1,1,1,2.24,1,2,0.0,1.0,0.5714285714285714,0.9759000729485333,0,1,0.82696295,0.9759000729485333,4.260281680828159,10.049022315746372,0.9923556,HIGH,9.056666730648105,90.12485439958382,CRITICAL,Urgent stock replenishment required
FOODS_1_001_CA_4_validation,FOODS_1_001,FOODS_1,FOODS,CA_4,CA,d_1898,0,2016-04-09,11611,Saturday,1,4,2016,,,,,1,1,1,2.24,1,2,0.0,0.0,0.2857142857142857,0.48795003647426666,0,1,0.55434656,0.48795003647426666,2.1301408404140796,6.010566770437273,0.6652159,HIGH,5.345350860956224,88.93255935941207,CRITICAL,Urgent stock replenishment required
FOODS_1_004_WI_1_validation,FOODS_1_004,FOODS_1,FOODS,WI_1,WI,d_1898,0,2016-04-09,11611,Saturday,1,4,2016,,,,,1,1,1,1.96,1,2,0.0,0.0,0.0,0.0,0,1,0.6666361,0.0,0.0,4.666452884674072,0.79996336,HIGH,3.86648952960968,82.85714278415423,CRITICAL,Urgent stock replenishment required
FOODS_1_003_CA_3_validation,FOODS_1_003,FOODS_1,FOODS,CA_3,CA,d_1898,1,2016-04-09,11611,Saturday,1,4,2016,,,,,1,1,1,3.23,1,2,1.0,2.0,0.7142857142857143,1.1126972805283732,0,1,0.9699759,1.1126972805283732,4.857468476480314,11.647299637979337,1.1639711,HIGH,10.483328571504423,90.00651565037911,CRITICAL,Urgent stock replenishment required
FOODS_1_010_WI_3_validation,FOODS_1_010,FOODS_1,FOODS,WI_3,WI,d_1898,0,2016-04-09,11611,Saturday,1,4,2016,,,,,1,1,1,6.77,1,2,1.0,0.0,0.8571428571428571,0.8997354108424375,0,1,0.6829026,0.8997354108424375,3.927785635698568,8.708103895891439,0.8194831,HIGH,7.888620794523488,90.58941979602942,CRITICAL,Urgent stock replenishment required
FOODS_1_005_CA_1_validation,FOODS_1_005,FOODS_1,FOODS,CA_1,CA,d_1898,2,2016-04-09,11611,Saturday,1,4,2016,,,,,1,1,1,3.54,1,2,0.0,5.0,0.7142857142857143,1.25356634105601,0,1,1.2111893,1.25356634105601,5.4724309040863774,13.950755794223095,1.4534272,HIGH,12.497328598674084,89.58173150625385,CRITICAL,Urgent stock replenishment required
FOODS_1_003_TX_3_validation,FOODS_1_003,FOODS_1,FOODS,TX_3,TX,d_1898,0,2016-04-09,11611,Saturday,1,4,2016,,,,,1,1,1,3.23,1,2,0.0,0.0,0.0,0.0,0,1,0.11684294,0.0,0.0,0.8179005980491638,0.14021154,HIGH,0.6776890605688095,82.85714207633747,CRITICAL,Urgent stock replenishment required
FOODS_1_002_CA_3_validation,FOODS_1_002,FOODS_1,FOODS,CA_3,CA,d_1898,0,2016-04-09,11611,Saturday,1,4,2016,,,,,1,1,1,9.48,1,2,0.0,1.0,0.2857142857142857,0.4879500364742667,0,1,0.4778806,0.4879500364742667,2.1301408404140796,5.47530513942531,0.57345676,HIGH,4.901848375204119,89.52648757250118,CRITICAL,Urgent stock replenishment required
FOODS_1_002_WI_1_validation,FOODS_1_002,FOODS_1,FOODS,WI_1,WI,d_1898,2,2016-04-09,11611,Saturday,1,4,2016,,,,,1,1,1,9.48,1,2,0.0,2.0,0.8571428571428571,0.8997354108424388,0,1,0.87243974,0.8997354108424388,3.927785635698574,10.034863711107509,1.0469277,HIGH,8.987936020601527,89.56709606980367,CRITICAL,Urgent stock replenishment required
FOODS_1_006_CA_2_validation,FOODS_1_006,FOODS_1,FOODS,CA_2,CA,d_1898,2,2016-04-09,11611,Saturday,1,4,2016,,,,,1,1,1,2.48,1,2,0.0,2.0,0.8571428571428571,1.0690449676496976,0,1,1.0509698,1.0690449676496976,4.666904755831214,12.023693391085121,1.2611638,HIGH,10.76252956032798,89.51101138613346,CRITICAL,Urgent stock replenishment required
FOODS_1_004_TX_3_validation,FOODS_1_004,FOODS_1,FOODS,TX_3,TX,d_1898,0,2016-04-09,11611,Saturday,1,4,2016,,,,,1,1,1,1.96,1,2,0.0,0.0,0.0,0.0,0,1,0.6666361,0.0,0.0,4.666452884674072,0.79996336,HIGH,3.86648952960968,82.85714278415423,CRITICAL,Urgent stock replenishment required
FOODS_1_008_TX_1_validation,FOODS_1_008,FOODS_1,FOODS,TX_1,TX,d_1898,0,2016-04-09,11611,Saturday,1,4,2016,,,,,1,1,1,3.54,1,2,0.0,0.0,0.14285714285714285,0.37796447300922725,0,1,0.35317084,0.37796447300922725,1.65,4.122195863723755,0.42380503,HIGH,3.6983908355236057,89.71894974885282,CRITICAL,Urgent stock replenishment required
FOODS_1_008_TX_2_validation,FOODS_1_008,FOODS_1,FOODS,TX_2,TX,d_1898,0,2016-04-09,11611,Saturday,1,4,2016,,,,,1,1,1,3.54,1,2,0.0,1.0,0.0,0.0,0,1,0.24553478,0.0,0.0,1.7187434434890747,0.29464173,HIGH,1.424101710319519,82.85714285714286,CRITICAL,Urgent stock replenishment required
FOODS_1_002_CA_1_validation,FOODS_1_002,FOODS_1,FOODS,CA_1,CA,d_1898,0,2016-04-09,11611,Saturday,1,4,2016,,,,,1,1,1,9.48,1,2,0.0,0.0,0.14285714285714285,0.37796447300922725,0,1,0.34939077,0.37796447300922725,1.65,4.0957354545593265,0.41926894,HIGH,3.6764665186405185,89.76328084246549,CRITICAL,Urgent stock replenishment required
FOODS_1_003_CA_2_validation,FOODS_1_003,FOODS_1,FOODS,CA_2,CA,d_1898,4,2016-04-09,11611,Saturday,1,4,2016,,,,,1,1,1,3.23,1,2,0.0,1.0,0.2857142857142857,0.48795003647426766,0,1,0.50863796,0.48795003647426766,2.130140840414084,5.6906066530971895,0.61036557,HIGH,5.080241083505667,89.27415639843386,CRITICAL,Urgent stock replenishment required
FOODS_1_006_CA_1_validation,FOODS_1_006,FOODS_1,FOODS,CA_1,CA,d_1898,3,2016-04-09,11611,Saturday,1,4,2016,,,,,1,1,1,2.48,1,2,1.0,1.0,2.7142857142857144,2.4299715851758235,0,1,1.9272485,2.4299715851758235,10.608015837092251,24.09875565947995,2.3126984,HIGH,21.786057295222136,90.40324572381793,CRITICAL,Urgent stock replenishment required
FOODS_1_011_CA_3_validation,FOODS_1_011,FOODS_1,FOODS,CA_3,CA,d_1898,3,2016-04-09,11611,Saturday,1,4,2016,,,,,1,1,1,2.68,1,2,3.0,2.0,2.2857142857142856,1.3801311186847063,0,1,2.054362,1.3801311186847063,6.024948132556818,20.405482304614925,2.4652345,HIGH,17.940247786563777,87.91876378489908,CRITICAL,Urgent stock replenishment required
FOODS_1_002_WI_2_validation,FOODS_1_002,FOODS_1,FOODS,WI_2,WI,d_1898,0,2016-04-09,11611,Saturday,1,4,2016,,,,,1,1,1,9.48,1,2,0.0,1.0,0.42857142857142855,0.7867957924694432,0,1,0.5569731,0.7867957924694432,3.434748899119119,7.333560716288309,0.66836774,HIGH,6.6651929727961825,90.88617699710811,CRITICAL,Urgent stock replenishment required
FOODS_1_010_TX_3_validation,FOODS_1_010,FOODS_1,FOODS,TX_3,TX,d_1898,2,2016-04-09,11611,Saturday,1,4,2016,,,,,1,1,1,6.27,1,2,1.0,1.0,0.5714285714285714,1.1338934190276824,0,1,0.61604613,1.1338934190276824,4.950000000000003,9.26232309341431,0.73925537,HIGH,8.523067724704745,92.0186829885562,CRITICAL,Urgent stock replenishment required
FOODS_1_002_CA_2_validation,FOODS_1_002,FOODS_1,FOODS,CA_2,CA,d_1898,0,2016-04-09,11611,Saturday,1,4,2016,,,,,1,1,1,9.48,1,2,1.0,1.0,0.8571428571428571,0.8997354108424375,0,1,0.7596973,0.8997354108424375,3.927785635698568,9.24566674302889,0.9116368,HIGH,8.33402991365267,90.13984762036137,CRITICAL,Urgent stock replenishment required
FOODS_1_011_WI_3_validation,FOODS_1_011,FOODS_1,FOODS,WI_3,WI,d_1898,0,2016-04-09,11611,Saturday,1,4,2016,,,,,1,1,1,2.68,1,2,1.0,0.0,0.42857142857142855,0.7867957924694432,0,1,0.59106505,0.7867957924694432,3.434748899119119,7.572204362528543,0.7092781,HIGH,6.86292625583909,90.63313570617093,CRITICAL,Urgent stock replenishment required
FOODS_1_009_CA_4_validation,FOODS_1_009,FOODS_1,FOODS,CA_4,CA,d_1899,0,2016-04-10,11611,Sunday,2,4,2016,,,,,1,0,0,2.24,1,2,0.0,0.0,0.0,0.0,0,1,0.15670075,0.0,0.0,1.09690523147583,0.1880409,HIGH,0.9088643342256546,82.85714281832935,CRITICAL,Urgent stock replenishment required
FOODS_1_001_CA_1_validation,FOODS_1_001,FOODS_1,FOODS,CA_1,CA,d_1899,2,2016-04-10,11611,Sunday,2,4,2016,,,,,1,0,0,2.24,1,2,0.0,1.0,1.2857142857142858,1.6035674514745466,0,1,1.1763138,1.6035674514745466,7.000357133746821,15.234553796649653,1.4115765,HIGH,13.822977287173945,90.73437575975386,CRITICAL,Urgent stock replenishment required
FOODS_1_010_TX_2_validation,FOODS_1_010,FOODS_1,FOODS,TX_2,TX,d_1899,0,2016-04-10,11611,Sunday,2,4,2016,,,,,1,0,0,6.27,1,2,2.0,2.0,0.42857142857142855,0.7867957924694418,0,1,0.65862805,0.7867957924694418,3.434748899119113,8.045145284311984,0.7903537,HIGH,7.254791568892214,90.17601687118122,CRITICAL,Urgent stock replenishment required
FOODS_1_010_CA_3_validation,FOODS_1_010,FOODS_1,FOODS,CA_3,CA,d_1899,0,2016-04-10,11611,Sunday,2,4,2016,,,,,1,0,0,5.64,1,2,0.0,0.0,0.8571428571428571,1.0690449676496978,0,1,0.63702714,1.0690449676496978,4.666904755831215,9.1260946476464,0.7644326,HIGH,8.361662038565132,91.62366117604957,CRITICAL,Urgent stock replenishment required
FOODS_1_005_WI_2_validation,FOODS_1_005,FOODS_1,FOODS,WI_2,WI,d_1899,1,2016-04-10,11611,Sunday,2,4,2016,,,,,1,0,0,3.54,1,2,2.0,3.0,1.2857142857142858,0.7559289460184481,0,1,1.3101625,0.7559289460184481,3.2999999999999723,12.47113780975339,1.5721952,HIGH,10.898942637443515,87.39333013319525,CRITICAL,Urgent stock replenishment required
FOODS_1_011_WI_1_validation,FOODS_1_011,FOODS_1,FOODS,WI_1,WI,d_1899,1,2016-04-10,11611,Sunday,2,4,2016,,,,,1,0,0,2.68,1,2,0.0,1.0,0.7142857142857143,1.496026483086191,0,1,0.80009437,1.496026483086191,6.5308881478708525,12.131548471967532,0.9601133,HIGH,11.171435184995486,92.08581419601474,CRITICAL,Urgent stock replenishment required
FOODS_1_009_CA_3_validation,FOODS_1_009,FOODS_1,FOODS,CA_3,CA,d_1899,0,2016-04-10,11611,Sunday,2,4,2016,,,,,1,0,0,1.98,1,2,0.0,0.0,0.0,0.0,0,1,0.15932497,0.0,0.0,1.1152747869491577,0.19118997,HIGH,0.9240848124027252,82.8571418646131,CRITICAL,Urgent stock replenishment required
FOODS_1_009_CA_1_validation,FOODS_1_009,FOODS_1,FOODS,CA_1,CA,d_1899,0,2016-04-10,11611,Sunday,2,4,2016,,,,,1,0,0,2.24,1,2,0.0,0.0,0.0,0.0,0,1,0.15670075,0.0,0.0,1.09690523147583,0.1880409,HIGH,0.9088643342256546,82.85714281832935,CRITICAL,Urgent stock replenishment required
FOODS_1_010_CA_1_validation,FOODS_1_010,FOODS_1,FOODS,CA_1,CA,d_1899,0,2016-04-10,11611,Sunday,2,4,2016,,,,,1,0,0,5.64,1,2,1.0,0.0,0.7142857142857143,1.1126972805283737,0,1,0.59733236,1.1126972805283737,4.857468476480316,9.038794865793061,0.71679884,HIGH,8.321996023839784,92.06975207872044,CRITICAL,Urgent stock replenishment required
FOODS_1_005_CA_4_validation,FOODS_1_005,FOODS_1,FOODS,CA_4,CA,d_1899,0,2016-04-10,11611,Sunday,2,4,2016,,,,,1,0,0,3.54,1,2,0.0,1.0,1.5714285714285714,2.0701966780270626,0,1,1.6975766,2.0701966780270626,9.037422198835241,20.920458812299596,2.037092,HIGH,18.88336684185587,90.26268023698374,CRITICAL,Urgent stock replenishment required
FOODS_1_005_CA_1_validation,FOODS_1_005,FOODS_1,FOODS,CA_1,CA,d_1899,0,2016-04-10,11611,Sunday,2,4,2016,,,,,1,0,0,3.54,1,2,0.0,2.0,1.0,1.2909944487357985,0,1,1.129766,1.2909944487357985,5.635822921277748,13.54418483305143,1.3557192,HIGH,12.188465624334084,89.99039642896021,CRITICAL,Urgent stock replenishment required
FOODS_1_003_WI_3_validation,FOODS_1_003,FOODS_1,FOODS,WI_3,WI,d_1899,0,2016-04-10,11611,Sunday,2,4,2016,,,,,1,0,0,3.23,1,2,0.0,4.0,0.0,0.0,0,1,0.3092931,0.0,0.0,2.1650516986846924,0.37115172,HIGH,1.7938999831676483,82.85714305378826,CRITICAL,Urgent stock replenishment required
FOODS_1_005_WI_1_validation,FOODS_1_005,FOODS_1,FOODS,WI_1,WI,d_1899,2,2016-04-10,11611,Sunday,2,4,2016,,,,,1,0,0,3.54,1,2,2.0,2.0,3.0,1.414213562373092,0,1,3.192142,1.414213562373092,6.173734688176991,28.518728279485586,3.8305705,HIGH,24.68815782011974,86.56822835216921,CRITICAL,Urgent stock replenishment required
FOODS_1_004_TX_3_validation,FOODS_1_004,FOODS_1,FOODS,TX_3,TX,d_1899,0,2016-04-10,11611,Sunday,2,4,2016,,,,,1,0,0,1.96,1,2,0.0,0.0,0.0,0.0,0,1,0.6666361,0.0,0.0,4.666452884674072,0.79996336,HIGH,3.86648952960968,82.85714278415423,CRITICAL,Urgent stock replenishment required
FOODS_1_011_CA_3_validation,FOODS_1_011,FOODS_1,FOODS,CA_3,CA,d_1899,4,2016-04-10,11611,Sunday,2,4,2016,,,,,1,0,0,2.68,1,2,3.0,6.0,2.2857142857142856,1.3801311186847063,0,1,2.3748498,1.3801311186847063,6.024948132556818,22.64889718346014,2.84982,HIGH,19.799077284854793,87.41740105259301,CRITICAL,Urgent stock replenishment required
FOODS_1_010_TX_3_validation,FOODS_1_010,FOODS_1,FOODS,TX_3,TX,d_1899,2,2016-04-10,11611,Sunday,2,4,2016,,,,,1,0,0,6.27,1,2,3.0,2.0,0.7142857142857143,1.253566341056018,0,1,0.7901896,1.253566341056018,5.472430904086412,11.003758151706041,0.9482276,HIGH,10.055530567344011,91.3826933372303,CRITICAL,Urgent stock replenishment required
FOODS_1_008_TX_2_validation,FOODS_1_008,FOODS_1,FOODS,TX_2,TX,d_1899,2,2016-04-10,11611,Sunday,2,4,2016,,,,,1,0,0,3.54,1,2,0.0,0.0,0.0,0.0,0,1,0.16308028,0.0,0.0,1.1415619850158691,0.19569634,HIGH,0.9458656460046768,82.85714296902836,CRITICAL,Urgent stock replenishment required
FOODS_1_004_WI_3_validation,FOODS_1_004,FOODS_1,FOODS,WI_3,WI,d_1899,0,2016-04-10,11611,Sunday,2,4,2016,,,,,1,0,0,1.96,1,2,0.0,0.0,0.0,4.272243734249905e-07,0,1,0.64028215,4.272243734249905e-07,1.8650435860780626e-06,4.48197694362635,0.7683386,HIGH,3.7136383229636607,82.85714919271696,CRITICAL,Urgent stock replenishment required
FOODS_1_004_TX_2_validation,FOODS_1_004,FOODS_1,FOODS,TX_2,TX,d_1899,0,2016-04-10,11611,Sunday,2,4,2016,,,,,1,0,0,1.96,1,2,0.0,0.0,0.0,0.0,0,1,0.6666361,0.0,0.0,4.666452884674072,0.79996336,HIGH,3.86648952960968,82.85714278415423,CRITICAL,Urgent stock replenishment required
FOODS_1_006_TX_3_validation,FOODS_1_006,FOODS_1,FOODS,TX_3,TX,d_1899,5,2016-04-10,11611,Sunday,2,4,2016,,,,,1,0,0,2.48,1,2,0.0,0.0,0.8571428571428571,0.6900655593423543,0,1,0.7948766,0.6900655593423543,3.012474066278414,8.57661009456821,0.95385194,HIGH,7.622758156320529,88.8784504864949,CRITICAL,Urgent stock replenishment required
FOODS_1_008_CA_3_validation,FOODS_1_008,FOODS_1,FOODS,CA_3,CA,d_1899,0,2016-04-10,11611,Sunday,2,4,2016,,,,,1,0,0,3.54,1,2,0.0,1.0,0.0,0.0,0,1,0.24553478,0.0,0.0,1.7187434434890747,0.29464173,HIGH,1.424101710319519,82.85714285714286,CRITICAL,Urgent stock replenishment required
FOODS_1_004_CA_2_validation,FOODS_1_004,FOODS_1,FOODS,CA_2,CA,d_1899,0,2016-04-10,11611,Sunday,2,4,2016,,,,,1,0,0,1.96,1,2,0.0,0.0,0.0,0.0,0,1,0.6666361,0.0,0.0,4.666452884674072,0.79996336,HIGH,3.86648952960968,82.85714278415423,CRITICAL,Urgent stock replenishment required
FOODS_1_003_WI_1_validation,FOODS_1_003,FOODS_1,FOODS,WI_1,WI,d_1899,3,2016-04-10,11611,Sunday,2,4,2016,,,,,1,0,0,3.23,1,2,1.0,1.0,1.5714285714285714,0.7867957924694431,0,1,1.3367146,0.7867957924694431,3.4347488991191186,12.791751157419899,1.6040577,HIGH,11.187693487780312,87.46021830866255,CRITICAL,Urgent stock replenishment required
FOODS_1_006_WI_3_validation,FOODS_1_006,FOODS_1,FOODS,WI_3,WI,d_1899,0,2016-04-10,11611,Sunday,2,4,2016,,,,,1,0,0,2.48,1,2,1.0,0.0,4.285714285714286,10.045136231269435,0,1,1.359309,10.045136231269435,43.85193838361082,53.367100851567365,1.6311709,HIGH,51.73592998269377,96.94348982267098,CRITICAL,Urgent stock replenishment required
FOODS_1_006_CA_4_validation,FOODS_1_006,FOODS_1,FOODS,CA_4,CA,d_1899,0,2016-04-10,11611,Sunday,2,4,2016,,,,,1,0,0,2.48,1,2,1.0,0.0,0.7142857142857143,0.7559289460184557,0,1,0.7439472,0.7559289460184557,3.3000000000000056,8.507630634307867,0.8927367,HIGH,7.614893960952765,89.50663572822434,CRITICAL,Urgent stock replenishment required
FOODS_1_006_WI_2_validation,FOODS_1_006,FOODS_1,FOODS,WI_2,WI,d_1899,2,2016-04-10,11611,Sunday,2,4,2016,,,,,1,0,0,2.48,1,2,0.0,0.0,1.2857142857142858,0.9511897312113354,0,1,1.1637995,0.9511897312113354,4.152408939398884,12.299005847968221,1.3965595,HIGH,10.902446371115804,88.64494013487175,CRITICAL,Urgent stock replenishment required
FOODS_1_005_CA_3_validation,FOODS_1_005,FOODS_1,FOODS,CA_3,CA,d_1899,4,2016-04-10,11611,Sunday,2,4,2016,,,,,1,0,0,3.54,1,2,1.0,1.0,2.4285714285714284,3.3594217189442417,0,1,1.996372,3.3594217189442417,14.665520788570719,28.64012444152482,2.3956466,HIGH,26.24447786941178,91.63534859283072,CRITICAL,Urgent stock replenishment required
FOODS_1_002_TX_1_validation,FOODS_1_002,FOODS_1,FOODS,TX_1,TX,d_1899,0,2016-04-10,11611,Sunday,2,4,2016,,,,,1,0,0,9.48,1,2,0.0,0.0,0.0,0.0,0,1,0.13876174,0.0,0.0,0.9713321924209595,0.1665141,HIGH,0.8048180937767029,82.85714198051699,CRITICAL,Urgent stock replenishment required
FOODS_1_002_CA_3_validation,FOODS_1_002,FOODS_1,FOODS,CA_3,CA,d_1899,1,2016-04-10,11611,Sunday,2,4,2016,,,,,1,0,0,9.48,1,2,0.0,1.0,0.2857142857142857,0.4879500364742667,0,1,0.4778806,0.4879500364742667,2.1301408404140796,5.47530513942531,0.57345676,HIGH,4.901848375204119,89.52648757250118,CRITICAL,Urgent stock replenishment required
FOODS_1_008_TX_1_validation,FOODS_1_008,FOODS_1,FOODS,TX_1,TX,d_1899,0,2016-04-10,11611,Sunday,2,4,2016,,,,,1,0,0,3.54,1,2,0.0,0.0,0.14285714285714285,0.37796447300922725,0,1,0.35317084,0.37796447300922725,1.65,4.122195863723755,0.42380503,HIGH,3.6983908355236057,89.71894974885282,CRITICAL,Urgent stock replenishment required
FOODS_1_010_WI_3_validation,FOODS_1_010,FOODS_1,FOODS,WI_3,WI,d_1899,0,2016-04-10,11611,Sunday,2,4,2016,,,,,1,0,0,6.77,1,2,0.0,3.0,0.7142857142857143,0.9511897312113419,0,1,0.9604298,0.9511897312113419,4.152408939398913,10.875417572058826,1.1525158,HIGH,9.722901803054004,89.4025607626702,CRITICAL,Urgent stock replenishment required
FOODS_1_010_CA_2_validation,FOODS_1_010,FOODS_1,FOODS,CA_2,CA,d_1899,1,2016-04-10,11611,Sunday,2,4,2016,,,,,1,0,0,5.64,1,2,0.0,0.0,0.14285714285714285,0.37796447300922725,0,1,0.3456147,0.37796447300922725,1.65,4.069302940368653,0.41473767,HIGH,3.6545652687549595,89.80813968163007,CRITICAL,Urgent stock replenishment required
FOODS_1_011_TX_2_validation,FOODS_1_011,FOODS_1,FOODS,TX_2,TX,d_1899,0,2016-04-10,11611,Sunday,2,4,2016,,,,,1,0,0,2.68,1,2,0.0,1.0,0.14285714285714285,0.37796447300922725,0,1,0.46602875,0.37796447300922725,1.65,4.912201309204102,0.5592345,HIGH,4.3529668092727665,88.61539939571522,CRITICAL,Urgent stock replenishment required
FOODS_1_004_CA_1_validation,FOODS_1_004,FOODS_1,FOODS,CA_1,CA,d_1899,0,2016-04-10,11611,Sunday,2,4,2016,,,,,1,0,0,1.96,1,2,0.0,0.0,0.0,0.0,0,1,0.6666361,0.0,0.0,4.666452884674072,0.79996336,HIGH,3.86648952960968,82.85714278415423,CRITICAL,Urgent stock replenishment required
FOODS_1_010_WI_2_validation,FOODS_1_010,FOODS_1,FOODS,WI_2,WI,d_1899,0,2016-04-10,11611,Sunday,2,4,2016,,,,,1,0,0,6.77,1,2,0.0,0.0,0.8571428571428571,0.8997354108424375,0,1,0.6829026,0.8997354108424375,3.927785635698568,8.708103895891439,0.8194831,HIGH,7.888620794523488,90.58941979602942,CRITICAL,Urgent stock replenishment required
FOODS_1_004_CA_3_validation,FOODS_1_004,FOODS_1,FOODS,CA_3,CA,d_1899,0,2016-04-10,11611,Sunday,2,4,2016,,,,,1,0,0,1.5,1,2,0.0,0.0,0.0,0.0,0,1,0.9143068,0.0,0.0,6.400147914886475,1.0971682,HIGH,5.3029797077178955,82.85714296357727,CRITICAL,Urgent stock replenishment required
FOODS_1_003_WI_2_validation,FOODS_1_003,FOODS_1,FOODS,WI_2,WI,d_1899,0,2016-04-10,11611,Sunday,2,4,2016,,,,,1,0,0,3.23,1,2,0.0,0.0,0.14285714285714285,0.37796447300922725,0,1,0.3529943,0.37796447300922725,1.65,4.120960140228272,0.42359316,HIGH,3.6973669767379764,89.721007991433,CRITICAL,Urgent stock replenishment required
FOODS_1_011_TX_3_validation,FOODS_1_011,FOODS_1,FOODS,TX_3,TX,d_1899,0,2016-04-10,11611,Sunday,2,4,2016,,,,,1,0,0,2.68,1,2,1.0,0.0,0.2857142857142857,0.48795003647426666,0,1,0.48877683,0.48795003647426666,2.1301408404140796,5.551578580740007,0.58653224,HIGH,4.9650463455944385,89.4348566517564,CRITICAL,Urgent stock replenishment required
FOODS_1_008_CA_4_validation,FOODS_1_008,FOODS_1,FOODS,CA_4,CA,d_1899,0,2016-04-10,11611,Sunday,2,4,2016,,,,,1,0,0,3.54,1,2,0.0,0.0,0.0,0.0,0,1,0.16308028,0.0,0.0,1.1415619850158691,0.19569634,HIGH,0.9458656460046768,82.85714296902836,CRITICAL,Urgent stock replenishment required
FOODS_1_003_CA_1_validation,FOODS_1_003,FOODS_1,FOODS,CA_1,CA,d_1899,0,2016-04-10,11611,Sunday,2,4,2016,,,,,1,0,0,3.23,1,2,0.0,0.0,0.5714285714285714,0.5345224838248492,0,1,0.5943786,0.5345224838248492,2.333452377915609,6.494102631211508,0.71325433,HIGH,5.780848298669088,89.01689158538355,CRITICAL,Urgent stock replenishment required
FOODS_1_011_CA_4_validation,FOODS_1_011,FOODS_1,FOODS,CA_4,CA,d_1899,1,2016-04-10,11611,Sunday,2,4,2016,,,,,1,0,0,2.68,1,2,1.0,2.0,0.7142857142857143,0.7559289460184536,0,1,0.9144769,0.7559289460184536,3.2999999999999963,9.701338100433347,1.0973723,HIGH,8.603965806961057,88.68844398461619,CRITICAL,Urgent stock replenishment required
FOODS_1_008_CA_1_validation,FOODS_1_008,FOODS_1,FOODS,CA_1,CA,d_1899,1,2016-04-10,11611,Sunday,2,4,2016,,,,,1,0,0,3.54,1,2,0.0,0.0,0.0,0.0,0,1,0.16308028,0.0,0.0,1.1415619850158691,0.19569634,HIGH,0.9458656460046768,82.85714296902836,CRITICAL,Urgent stock replenishment required
FOODS_1_001_CA_3_validation,FOODS_1_001,FOODS_1,FOODS,CA_3,CA,d_1899,2,2016-04-10,11611,Sunday,2,4,2016,,,,,1,0,0,2.24,1,2,0.0,0.0,0.7142857142857143,1.4960264830861922,0,1,0.77484685,1.4960264830861922,6.530888147870859,11.954815931836922,0.92981625,HIGH,11.024999685804207,92.22224540022806,CRITICAL,Urgent stock replenishment required
FOODS_1_006_TX_1_validation,FOODS_1_006,FOODS_1,FOODS,TX_1,TX,d_1899,0,2016-04-10,11611,Sunday,2,4,2016,,,,,1,0,0,2.48,1,2,0.0,1.0,0.2857142857142857,0.4879500364742666,0,1,0.5742005,0.4879500364742666,2.1301408404140796,6.149544298055681,0.68904066,HIGH,5.460503637197527,88.79525656761248,CRITICAL,Urgent stock replenishment required
FOODS_1_003_CA_4_validation,FOODS_1_003,FOODS_1,FOODS,CA_4,CA,d_1899,1,2016-04-10,11611,Sunday,2,4,2016,,,,,1,0,0,3.23,1,2,0.0,0.0,0.14285714285714285,0.3779644730092273,0,1,0.3529943,0.3779644730092273,1.6500000000000004,4.120960140228272,0.42359316,HIGH,3.6973669767379764,89.721007991433,CRITICAL,Urgent stock replenishment required
FOODS_1_001_WI_1_validation,FOODS_1_001,FOODS_1,FOODS,WI_1,WI,d_1899,0,2016-04-10,11611,Sunday,2,4,2016,,,,,1,0,0,2.24,1,2,0.0,0.0,0.14285714285714285,0.37796447300922725,0,1,0.4685538,0.37796447300922725,1.65,4.929876708984375,0.5622646,HIGH,4.367612087726593,88.59475288229639,CRITICAL,Urgent stock replenishment required
FOODS_1_002_TX_2_validation,FOODS_1_002,FOODS_1,FOODS,TX_2,TX,d_1899,0,2016-04-10,11611,Sunday,2,4,2016,,,,,1,0,0,9.48,1,2,0.0,0.0,0.2857142857142857,0.48795003647426666,0,1,0.39180776,0.48795003647426666,2.1301408404140796,4.87279516399196,0.47016934,HIGH,4.4026258283882465,90.35113687769845,CRITICAL,Urgent stock replenishment required
FOODS_1_004_WI_1_validation,FOODS_1_004,FOODS_1,FOODS,WI_1,WI,d_1899,0,2016-04-10,11611,Sunday,2,4,2016,,,,,1,0,0,1.96,1,2,0.0,0.0,0.0,0.0,0,1,0.6666361,0.0,0.0,4.666452884674072,0.79996336,HIGH,3.86648952960968,82.85714278415423,CRITICAL,Urgent stock replenishment required
FOODS_1_005_TX_2_validation,FOODS_1_005,FOODS_1,FOODS,TX_2,TX,d_1899,0,2016-04-10,11611,Sunday,2,4,2016,,,,,1,0,0,3.54,1,2,1.0,2.0,0.7142857142857143,0.7559289460184528,0,1,0.88813543,0.7559289460184528,3.2999999999999927,9.516948032379144,1.0657625,HIGH,8.451185512542718,88.8014254547737,CRITICAL,Urgent stock replenishment required
FOODS_1_003_TX_3_validation,FOODS_1_003,FOODS_1,FOODS,TX_3,TX,d_1899,0,2016-04-10,11611,Sunday,2,4,2016,,,,,1,0,0,3.23,1,2,0.0,0.0,0.0,0.0,0,1,0.11684294,0.0,0.0,0.8179005980491638,0.14021154,HIGH,0.6776890605688095,82.85714207633747,CRITICAL,Urgent stock replenishment required
FOODS_1_009_WI_2_validation,FOODS_1_009,FOODS_1,FOODS,WI_2,WI,d_1899,0,2016-04-10,11611,Sunday,2,4,2016,,,,,1,0,0,2.24,1,2,0.0,0.0,0.0,0.0,0,1,0.15670075,0.0,0.0,1.09690523147583,0.1880409,HIGH,0.9088643342256546,82.85714281832935,CRITICAL,Urgent stock replenishment required
FOODS_1_001_CA_2_validation,FOODS_1_001,FOODS_1,FOODS,CA_2,CA,d_1899,0,2016-04-10,11611,Sunday,2,4,2016,,,,,1,0,0,2.24,1,2,0.0,0.0,0.5714285714285714,0.7867957924694432,0,1,0.716652,0.7867957924694432,3.434748899119119,8.451312791483621,0.85998243,HIGH,7.5913303605487155,89.8242740251963,CRITICAL,Urgent stock replenishment required
FOODS_1_005_TX_1_validation,FOODS_1_005,FOODS_1,FOODS,TX_1,TX,d_1899,0,2016-04-10,11611,Sunday,2,4,2016,,,,,1,0,0,3.54,1,2,3.0,1.0,0.42857142857142855,1.133893419027682,0,1,0.6642619,1.133893419027682,4.950000000000001,9.599833202362062,0.7971143,HIGH,8.802718889713288,91.69658164005764,CRITICAL,Urgent stock replenishment required
FOODS_1_011_TX_1_validation,FOODS_1_011,FOODS_1,FOODS,TX_1,TX,d_1899,0,2016-04-10,11611,Sunday,2,4,2016,,,,,1,0,0,2.68,1,2,0.0,0.0,0.14285714285714285,0.37796447300922725,0,1,0.3949979,0.37796447300922725,1.65,4.414985322952271,0.4739975,HIGH,3.9409878194332126,89.26389401444035,CRITICAL,Urgent stock replenishment required
FOODS_1_005_TX_3_validation,FOODS_1_005,FOODS_1,FOODS,TX_3,TX,d_1899,0,2016-04-10,11611,Sunday,2,4,2016,,,,,1,0,0,3.54,1,2,0.0,1.0,1.1428571428571428,1.3451854182690983,0,1,1.1061667,1.3451854182690983,5.87239303861722,13.61555996214017,1.3274001,HIGH,12.288159873829928,90.25085936971193,CRITICAL,Urgent stock replenishment required
FOODS_1_010_TX_1_validation,FOODS_1_010,FOODS_1,FOODS,TX_1,TX,d_1899,0,2016-04-10,11611,Sunday,2,4,2016,,,,,1,0,0,6.27,1,2,0.0,1.0,0.42857142857142855,0.7867957924694432,0,1,0.57934,0.7867957924694432,3.434748899119119,7.4901287666728305,0.695208,HIGH,6.794920753615122,90.71834363981802,CRITICAL,Urgent stock replenishment required
FOODS_1_002_CA_2_validation,FOODS_1_002,FOODS_1,FOODS,CA_2,CA,d_1899,0,2016-04-10,11611,Sunday,2,4,2016,,,,,1,0,0,9.48,1,2,2.0,0.0,0.7142857142857143,0.9511897312113419,0,1,0.60413444,0.9511897312113419,4.152408939398913,8.38134990314403,0.72496134,HIGH,7.656388562716632,91.3503033663414,CRITICAL,Urgent stock replenishment required
FOODS_1_001_WI_2_validation,FOODS_1_001,FOODS_1,FOODS,WI_2,WI,d_1899,0,2016-04-10,11611,Sunday,2,4,2016,,,,,1,0,0,2.24,1,2,2.0,0.0,0.5714285714285714,0.9759000729485333,0,1,0.7561649,0.9759000729485333,4.260281680828159,9.5534359204827,0.9073979,HIGH,8.646037994628971,90.50186829737083,CRITICAL,Urgent stock replenishment required
FOODS_1_005_WI_3_validation,FOODS_1_005,FOODS_1,FOODS,WI_3,WI,d_1899,1,2016-04-10,11611,Sunday,2,4,2016,,,,,1,0,0,3.54,1,2,0.0,3.0,0.7142857142857143,0.9511897312113425,0,1,1.0537602,0.9511897312113425,4.152408939398915,11.528730255164296,1.2645123,HIGH,10.264217954672963,89.03164292594239,CRITICAL,Urgent stock replenishment required
FOODS_1_003_TX_2_validation,FOODS_1_003,FOODS_1,FOODS,TX_2,TX,d_1899,1,2016-04-10,11611,Sunday,2,4,2016,,,,,1,0,0,3.23,1,2,3.0,1.0,0.5714285714285714,1.133893419027682,0,1,0.7207667,1.133893419027682,4.950000000000001,9.995367240905763,0.8649201,HIGH,9.130447161197663,91.34679037936257,CRITICAL,Urgent stock replenishment required
FOODS_1_009_CA_2_validation,FOODS_1_009,FOODS_1,FOODS,CA_2,CA,d_1899,0,2016-04-10,11611,Sunday,2,4,2016,,,,,1,0,0,2.24,1,2,0.0,0.0,0.0,0.0,0,1,0.15670075,0.0,0.0,1.09690523147583,0.1880409,HIGH,0.9088643342256546,82.85714281832935,CRITICAL,Urgent stock replenishment required
FOODS_1_006_CA_2_validation,FOODS_1_006,FOODS_1,FOODS,CA_2,CA,d_1899,1,2016-04-10,11611,Sunday,2,4,2016,,,,,1,0,0,2.48,1,2,0.0,2.0,1.1428571428571428,1.0690449676496976,0,1,1.2313684,1.0690449676496976,4.666904755831214,13.286484071016762,1.4776422,HIGH,11.8088418924813,88.87860647980754,CRITICAL,Urgent stock replenishment required
FOODS_1_002_CA_1_validation,FOODS_1_002,FOODS_1,FOODS,CA_1,CA,d_1899,0,2016-04-10,11611,Sunday,2,4,2016,,,,,1,0,0,9.48,1,2,0.0,1.0,0.14285714285714285,0.37796447300922725,0,1,0.42042163,0.37796447300922725,1.65,4.592951440811158,0.504506,HIGH,4.088445448875428,89.01564716202117,CRITICAL,Urgent stock replenishment required
FOODS_1_011_CA_2_validation,FOODS_1_011,FOODS_1,FOODS,CA_2,CA,d_1899,3,2016-04-10,11611,Sunday,2,4,2016,,,,,1,0,0,2.68,1,2,2.0,5.0,3.142857142857143,1.8644544714716091,0,1,2.8239052,1.8644544714716091,8.13925672282181,27.906592614545442,3.3886864,HIGH,24.517906196012117,87.85703985671444,CRITICAL,Urgent stock replenishment required
FOODS_1_004_CA_4_validation,FOODS_1_004,FOODS_1,FOODS,CA_4,CA,d_1899,0,2016-04-10,11611,Sunday,2,4,2016,,,,,1,0,0,1.96,1,2,0.0,0.0,0.0,0.0,0,1,0.6666361,0.0,0.0,4.666452884674072,0.79996336,HIGH,3.86648952960968,82.85714278415423,CRITICAL,Urgent stock replenishment required
FOODS_1_005_CA_2_validation,FOODS_1_005,FOODS_1,FOODS,CA_2,CA,d_1899,11,2016-04-10,11611,Sunday,2,4,2016,,,,,1,0,0,3.54,1,2,6.0,3.0,6.857142857142857,4.775931721614519,0,1,5.7192373,4.775931721614519,20.849280563127362,60.883940902482834,6.8630853,HIGH,54.020855632554856,88.7275935686875,CRITICAL,Urgent stock replenishment required
FOODS_1_008_TX_3_validation,FOODS_1_008,FOODS_1,FOODS,TX_3,TX,d_1899,0,2016-04-10,11611,Sunday,2,4,2016,,,,,1,0,0,3.54,1,2,1.0,0.0,0.14285714285714285,0.37796447300922725,0,1,0.3564882,0.37796447300922725,1.65,4.145417356491089,0.42778584,HIGH,3.7176315128803257,89.68051207338831,CRITICAL,Urgent stock replenishment required
FOODS_1_011_WI_2_validation,FOODS_1_011,FOODS_1,FOODS,WI_2,WI,d_1899,0,2016-04-10,11611,Sunday,2,4,2016,,,,,1,0,0,2.68,1,2,5.0,4.0,1.0,1.8257418583505538,0,1,1.2356347,1.8257418583505538,7.970257210404191,16.619699883133684,1.4827616,HIGH,15.136938261658464,91.07828882650291,CRITICAL,Urgent stock replenishment required
FOODS_1_009_WI_1_validation,FOODS_1_009,FOODS_1,FOODS,WI_1,WI,d_1899,0,2016-04-10,11611,Sunday,2,4,2016,,,,,1,0,0,2.24,1,2,0.0,0.0,0.0,0.0,0,1,0.15670075,0.0,0.0,1.09690523147583,0.1880409,HIGH,0.9088643342256546,82.85714281832935,CRITICAL,Urgent stock replenishment required
FOODS_1_002_CA_4_validation,FOODS_1_002,FOODS_1,FOODS,CA_4,CA,d_1899,0,2016-04-10,11611,Sunday,2,4,2016,,,,,1,0,0,9.48,1,2,0.0,0.0,0.42857142857142855,1.133893419027682,0,1,0.45167696,1.133893419027682,4.950000000000001,8.111738872528077,0.5420124,HIGH,7.569726479053498,93.31817256457545,CRITICAL,Urgent stock replenishment required
FOODS_1_009_TX_2_validation,FOODS_1_009,FOODS_1,FOODS,TX_2,TX,d_1899,0,2016-04-10,11611,Sunday,2,4,2016,,,,,1,0,0,2.24,1,2,0.0,0.0,0.0,0.0,0,1,0.15670075,0.0,0.0,1.09690523147583,0.1880409,HIGH,0.9088643342256546,82.85714281832935,CRITICAL,Urgent stock replenishment required
FOODS_1_001_TX_3_validation,FOODS_1_001,FOODS_1,FOODS,TX_3,TX,d_1899,1,2016-04-10,11611,Sunday,2,4,2016,,,,,1,0,0,2.24,1,2,1.0,1.0,0.5714285714285714,0.7867957924694433,0,1,0.7923336,0.7867957924694433,3.4347488991191195,8.981084119456034,0.95080036,HIGH,8.030283760206919,89.41330081532848,CRITICAL,Urgent stock replenishment required
FOODS_1_003_CA_3_validation,FOODS_1_003,FOODS_1,FOODS,CA_3,CA,d_1899,1,2016-04-10,11611,Sunday,2,4,2016,,,,,1,0,0,3.23,1,2,1.0,1.0,0.7142857142857143,1.1126972805283732,0,1,0.8410299,1.1126972805283732,4.857468476480314,10.744677415078947,1.0092359,HIGH,9.73544155616171,90.60710880439382,CRITICAL,Urgent stock replenishment required
FOODS_1_008_WI_1_validation,FOODS_1_008,FOODS_1,FOODS,WI_1,WI,d_1899,0,2016-04-10,11611,Sunday,2,4,2016,,,,,1,0,0,3.54,1,2,1.0,2.0,0.2857142857142857,0.4879500364742671,0,1,0.6025454,0.4879500364742671,2.1301408404140814,6.347958623769794,0.72305447,HIGH,5.62490415513805,88.60965372514744,CRITICAL,Urgent stock replenishment required
FOODS_1_008_WI_3_validation,FOODS_1_008,FOODS_1,FOODS,WI_3,WI,d_1899,0,2016-04-10,11611,Sunday,2,4,2016,,,,,1,0,0,3.54,1,2,0.0,1.0,0.2857142857142857,0.48795003647426666,0,1,0.51362115,0.48795003647426666,2.1301408404140796,5.725488960149797,0.6163454,HIGH,5.109143554571184,89.2350607979779,CRITICAL,Urgent stock replenishment required
FOODS_1_006_CA_1_validation,FOODS_1_006,FOODS_1,FOODS,CA_1,CA,d_1899,0,2016-04-10,11611,Sunday,2,4,2016,,,,,1,0,0,2.48,1,2,2.0,1.0,3.0,2.309401076758503,0,1,2.2661085,2.309401076758503,10.081666528902847,25.944426119051773,2.7193303,HIGH,23.22509580823024,89.51863379693472,CRITICAL,Urgent stock replenishment required
FOODS_1_009_TX_1_validation,FOODS_1_009,FOODS_1,FOODS,TX_1,TX,d_1899,0,2016-04-10,11611,Sunday,2,4,2016,,,,,1,0,0,2.24,1,2,0.0,0.0,0.0,0.0,0,1,0.15670075,0.0,0.0,1.09690523147583,0.1880409,HIGH,0.9088643342256546,82.85714281832935,CRITICAL,Urgent stock replenishment required
FOODS_1_001_CA_4_validation,FOODS_1_001,FOODS_1,FOODS,CA_4,CA,d_1899,0,2016-04-10,11611,Sunday,2,4,2016,,,,,1,0,0,2.24,1,2,0.0,0.0,0.2857142857142857,0.48795003647426666,0,1,0.55434656,0.48795003647426666,2.1301408404140796,6.010566770437273,0.6652159,HIGH,5.345350860956224,88.93255935941207,CRITICAL,Urgent stock replenishment required
FOODS_1_010_CA_4_validation,FOODS_1_010,FOODS_1,FOODS,CA_4,CA,d_1899,0,2016-04-10,11611,Sunday,2,4,2016,,,,,1,0,0,5.56,1,2,0.0,0.0,0.0,0.0,0,1,0.1274507,0.0,0.0,0.8921549320220947,0.15294085,HIGH,0.7392140775918961,82.85714185499667,CRITICAL,Urgent stock replenishment required
FOODS_1_010_WI_1_validation,FOODS_1_010,FOODS_1,FOODS,WI_1,WI,d_1899,0,2016-04-10,11611,Sunday,2,4,2016,,,,,1,0,0,6.77,1,2,0.0,2.0,1.5714285714285714,1.5118578920369092,0,1,1.1451675,1.5118578920369092,6.600000000000001,14.616172409057619,1.374201,HIGH,13.241971349716188,90.59807847853628,CRITICAL,Urgent stock replenishment required
FOODS_1_003_CA_2_validation,FOODS_1_003,FOODS_1,FOODS,CA_2,CA,d_1899,1,2016-04-10,11611,Sunday,2,4,2016,,,,,1,0,0,3.23,1,2,1.0,0.0,0.8571428571428571,1.4638501094227998,0,1,0.79697806,1.4638501094227998,6.390422521242238,11.9692689758626,0.9563737,HIGH,11.012895284303761,92.00975687414599,CRITICAL,Urgent stock replenishment required
FOODS_1_011_CA_1_validation,FOODS_1_011,FOODS_1,FOODS,CA_1,CA,d_1899,0,2016-04-10,11611,Sunday,2,4,2016,,,,,1,0,0,2.68,1,2,2.0,0.0,0.7142857142857143,0.7559289460184545,0,1,0.7271415,0.7559289460184545,3.3,8.389990615844727,0.87256986,HIGH,7.517420756816865,89.59987085825829,CRITICAL,Urgent stock replenishment required
FOODS_1_008_CA_2_validation,FOODS_1_008,FOODS_1,FOODS,CA_2,CA,d_1899,1,2016-04-10,11611,Sunday,2,4,2016,,,,,1,0,0,3.54,1,2,1.0,0.0,0.14285714285714285,0.37796447300922753,0,1,0.3564882,0.37796447300922753,1.6500000000000015,4.14541735649109,0.42778584,HIGH,3.7176315128803266,89.68051207338831,CRITICAL,Urgent stock replenishment required
FOODS_1_002_WI_1_validation,FOODS_1_002,FOODS_1,FOODS,WI_1,WI,d_1899,0,2016-04-10,11611,Sunday,2,4,2016,,,,,1,0,0,9.48,1,2,1.0,0.0,1.1428571428571428,0.8997354108424384,0,1,0.8492811,0.8997354108424384,3.927785635698572,9.872752905596034,1.0191374,HIGH,8.85361552308871,89.67727246642968,CRITICAL,Urgent stock replenishment required
FOODS_1_009_TX_3_validation,FOODS_1_009,FOODS_1,FOODS,TX_3,TX,d_1899,0,2016-04-10,11611,Sunday,2,4,2016,,,,,1,0,0,2.24,1,2,0.0,0.0,0.0,0.0,0,1,0.15670075,0.0,0.0,1.09690523147583,0.1880409,HIGH,0.9088643342256546,82.85714281832935,CRITICAL,Urgent stock replenishment required
FOODS_1_006_TX_2_validation,FOODS_1_006,FOODS_1,FOODS,TX_2,TX,d_1899,2,2016-04-10,11611,Sunday,2,4,2016,,,,,1,0,0,2.48,1,2,1.0,0.0,0.5714285714285714,0.7867957924694431,0,1,0.667051,0.7867957924694431,3.4347488991191186,8.104106198923805,0.80046123,HIGH,7.303644966261604,90.12276970446786,CRITICAL,Urgent stock replenishment required
FOODS_1_008_WI_2_validation,FOODS_1_008,FOODS_1,FOODS,WI_2,WI,d_1899,0,2016-04-10,11611,Sunday,2,4,2016,,,,,1,0,0,3.54,1,2,0.0,0.0,0.14285714285714285,0.37796447300922725,0,1,0.35317084,0.37796447300922725,1.65,4.122195863723755,0.42380503,HIGH,3.6983908355236057,89.71894974885282,CRITICAL,Urgent stock replenishment required
FOODS_1_011_WI_3_validation,FOODS_1_011,FOODS_1,FOODS,WI_3,WI,d_1899,0,2016-04-10,11611,Sunday,2,4,2016,,,,,1,0,0,2.68,1,2,2.0,0.0,0.2857142857142857,0.7559289460184545,0,1,0.5247937,0.7559289460184545,3.3,6.973555850982666,0.62975246,HIGH,6.34380339384079,90.9694211877125,CRITICAL,Urgent stock replenishment required
FOODS_1_004_TX_1_validation,FOODS_1_004,FOODS_1,FOODS,TX_1,TX,d_1899,0,2016-04-10,11611,Sunday,2,4,2016,,,,,1,0,0,1.96,1,2,0.0,0.0,0.0,0.0,0,1,0.6666361,0.0,0.0,4.666452884674072,0.79996336,HIGH,3.86648952960968,82.85714278415423,CRITICAL,Urgent stock replenishment required
FOODS_1_002_TX_3_validation,FOODS_1_002,FOODS_1,FOODS,TX_3,TX,d_1899,1,2016-04-10,11611,Sunday,2,4,2016,,,,,1,0,0,9.48,1,2,0.0,0.0,0.2857142857142857,0.7559289460184545,0,1,0.4053662,0.7559289460184545,3.3,6.1375635147094725,0.48643947,HIGH,5.651124048233032,92.07438806440659,CRITICAL,Urgent stock replenishment required
FOODS_1_003_TX_1_validation,FOODS_1_003,FOODS_1,FOODS,TX_1,TX,d_1899,0,2016-04-10,11611,Sunday,2,4,2016,,,,,1,0,0,3.23,1,2,1.0,1.0,0.14285714285714285,0.37796447300922725,0,1,0.4273425,0.37796447300922725,1.65,4.641397619247437,0.512811,HIGH,4.128586614131928,88.95136665324837,CRITICAL,Urgent stock replenishment required
FOODS_1_001_WI_3_validation,FOODS_1_001,FOODS_1,FOODS,WI_3,WI,d_1899,0,2016-04-10,11611,Sunday,2,4,2016,,,,,1,0,0,2.24,1,2,0.0,0.0,0.2857142857142857,0.48795003647426666,0,1,0.55434656,0.48795003647426666,2.1301408404140796,6.010566770437273,0.6652159,HIGH,5.345350860956224,88.93255935941207,CRITICAL,Urgent stock replenishment required
FOODS_1_009_WI_3_validation,FOODS_1_009,FOODS_1,FOODS,WI_3,WI,d_1899,0,2016-04-10,11611,Sunday,2,4,2016,,,,,1,0,0,2.24,1,2,0.0,0.0,0.0,0.0,0,1,0.15670075,0.0,0.0,1.09690523147583,0.1880409,HIGH,0.9088643342256546,82.85714281832935,CRITICAL,Urgent stock replenishment required
FOODS_1_002_WI_2_validation,FOODS_1_002,FOODS_1,FOODS,WI_2,WI,d_1899,0,2016-04-10,11611,Sunday,2,4,2016,,,,,1,0,0,9.48,1,2,0.0,0.0,0.42857142857142855,0.7867957924694432,0,1,0.46314526,0.7867957924694432,3.434748899119119,6.676765691416483,0.55577433,HIGH,6.120991360323648,91.67599468396313,CRITICAL,Urgent stock replenishment required
FOODS_1_004_WI_2_validation,FOODS_1_004,FOODS_1,FOODS,WI_2,WI,d_1899,0,2016-04-10,11611,Sunday,2,4,2016,,,,,1,0,0,1.96,1,2,0.0,0.0,0.0,7.389734084383283e-07,0,1,0.6799239,7.389734084383283e-07,3.2259807759590005e-06,4.759470350919741,0.81590873,HIGH,3.943561620889681,82.85715279490312,CRITICAL,Urgent stock replenishment required
FOODS_1_002_WI_3_validation,FOODS_1_002,FOODS_1,FOODS,WI_3,WI,d_1899,0,2016-04-10,11611,Sunday,2,4,2016,,,,,1,0,0,9.48,1,2,0.0,0.0,0.42857142857142855,0.5345224838248488,0,1,0.46314526,0.5345224838248488,2.333452377915607,5.575469170212971,0.55577433,HIGH,5.019694839120136,90.03179258775087,CRITICAL,Urgent stock replenishment required
FOODS_1_006_WI_1_validation,FOODS_1_006,FOODS_1,FOODS,WI_1,WI,d_1899,8,2016-04-10,11611,Sunday,2,4,2016,,,,,1,0,0,2.48,1,2,6.0,1.0,2.7142857142857144,1.704336206492694,0,1,2.1903698,1.704336206492694,7.440262092157778,22.772851241632875,2.628444,HIGH,20.144407285257753,88.4579935622209,CRITICAL,Urgent stock replenishment required
FOODS_1_001_TX_2_validation,FOODS_1_001,FOODS_1,FOODS,TX_2,TX,d_1899,1,2016-04-10,11611,Sunday,2,4,2016,,,,,1,0,0,2.24,1,2,0.0,0.0,0.14285714285714285,0.37796447300922725,0,1,0.4685538,0.37796447300922725,1.65,4.929876708984375,0.5622646,HIGH,4.367612087726593,88.59475288229639,CRITICAL,Urgent stock replenishment required
FOODS_1_006_CA_3_validation,FOODS_1_006,FOODS_1,FOODS,CA_3,CA,d_1899,1,2016-04-10,11611,Sunday,2,4,2016,,,,,1,0,0,2.48,1,2,0.0,2.0,2.142857142857143,2.6095064302514777,0,1,1.5906755,2.6095064302514777,11.391773347464389,22.526501779166047,1.9088106,HIGH,20.617691163626496,91.52637797802701,CRITICAL,Urgent stock replenishment required
FOODS_1_001_TX_1_validation,FOODS_1_001,FOODS_1,FOODS,TX_1,TX,d_1899,0,2016-04-10,11611,Sunday,2,4,2016,,,,,1,0,0,2.24,1,2,0.0,2.0,0.14285714285714285,0.37796447300922725,0,1,0.565793,0.37796447300922725,1.65,5.610550785064698,0.6789516,HIGH,4.931599164009095,87.89866365949356,CRITICAL,Urgent stock replenishment required
FOODS_1_006_CA_4_validation,FOODS_1_006,FOODS_1,FOODS,CA_4,CA,d_1900,1,2016-04-11,11611,Monday,3,4,2016,,,,,0,1,1,2.48,0,2,2.0,2.0,0.5714285714285714,0.7867957924694443,0,1,0.7593881,0.7867957924694443,3.434748899119124,8.750465642588363,0.91126573,HIGH,7.839199911730514,89.58608869426634,CRITICAL,Urgent stock replenishment required
FOODS_1_006_CA_3_validation,FOODS_1_006,FOODS_1,FOODS,CA_3,CA,d_1900,1,2016-04-11,11611,Monday,3,4,2016,,,,,0,1,1,2.48,0,2,2.0,0.0,2.2857142857142856,2.497617912751116,0,1,1.5784096,2.497617912751116,10.903325180879458,21.95219240652643,1.8940915,HIGH,20.05810091959558,91.37174341471365,CRITICAL,Urgent stock replenishment required
FOODS_1_006_TX_1_validation,FOODS_1_006,FOODS_1,FOODS,TX_1,TX,d_1900,0,2016-04-11,11611,Monday,3,4,2016,,,,,0,1,1,2.48,0,2,0.0,0.0,0.2857142857142857,0.4879500364742666,0,1,0.4548572,0.4879500364742666,2.1301408404140796,5.314141332510027,0.54582864,HIGH,4.768312692049059,89.728751903496,CRITICAL,Urgent stock replenishment required
FOODS_1_011_CA_1_validation,FOODS_1_011,FOODS_1,FOODS,CA_1,CA,d_1900,1,2016-04-11,11611,Monday,3,4,2016,,,,,0,1,1,2.68,0,2,0.0,0.0,0.42857142857142855,0.5345224838248488,0,1,0.5208188,0.5345224838248488,2.333452377915607,5.979184303879963,0.6249826,HIGH,5.354201708436237,89.54736024714663,CRITICAL,Urgent stock replenishment required
FOODS_1_002_TX_3_validation,FOODS_1_002,FOODS_1,FOODS,TX_3,TX,d_1900,0,2016-04-11,11611,Monday,3,4,2016,,,,,0,1,1,9.48,0,2,0.0,0.0,0.42857142857142855,0.7867957924694432,0,1,0.42145976,0.7867957924694432,3.434748899119119,6.384967338221292,0.5057517,HIGH,5.879215609209757,92.07902402281628,CRITICAL,Urgent stock replenishment required
FOODS_1_004_CA_4_validation,FOODS_1_004,FOODS_1,FOODS,CA_4,CA,d_1900,0,2016-04-11,11611,Monday,3,4,2016,,,,,0,1,1,1.96,0,2,0.0,0.0,0.0,0.0,0,1,0.34899265,0.0,0.0,2.442948579788208,0.4187912,HIGH,2.024157375097275,82.85714205547296,CRITICAL,Urgent stock replenishment required
FOODS_1_004_CA_2_validation,FOODS_1_004,FOODS_1,FOODS,CA_2,CA,d_1900,0,2016-04-11,11611,Monday,3,4,2016,,,,,0,1,1,1.96,0,2,0.0,0.0,0.0,0.0,0,1,0.34899265,0.0,0.0,2.442948579788208,0.4187912,HIGH,2.024157375097275,82.85714205547296,CRITICAL,Urgent stock replenishment required
FOODS_1_011_TX_2_validation,FOODS_1_011,FOODS_1,FOODS,TX_2,TX,d_1900,0,2016-04-11,11611,Monday,3,4,2016,,,,,0,1,1,2.68,0,2,0.0,0.0,0.14285714285714285,0.37796447300922725,0,1,0.36264923,0.37796447300922725,1.65,4.188544654846192,0.43517908,HIGH,3.7533655703067783,89.61025558039816,CRITICAL,Urgent stock replenishment required
FOODS_1_004_WI_2_validation,FOODS_1_004,FOODS_1,FOODS,WI_2,WI,d_1900,0,2016-04-11,11611,Monday,3,4,2016,,,,,0,1,1,1.96,0,2,0.0,0.0,0.0,7.389734084383283e-07,0,1,0.40907866,7.389734084383283e-07,3.2259807759590005e-06,2.8635538889751606,0.4908944,HIGH,2.3726594819412403,82.85716190207243,CRITICAL,Urgent stock replenishment required
FOODS_1_009_TX_2_validation,FOODS_1_009,FOODS_1,FOODS,TX_2,TX,d_1900,0,2016-04-11,11611,Monday,3,4,2016,,,,,0,1,1,2.24,0,2,0.0,0.0,0.0,0.0,0,1,0.13135263,0.0,0.0,0.9194684028625488,0.15762317,HIGH,0.7618452310562134,82.85714100499672,CRITICAL,Urgent stock replenishment required
FOODS_1_003_WI_1_validation,FOODS_1_003,FOODS_1,FOODS,WI_1,WI,d_1900,1,2016-04-11,11611,Monday,3,4,2016,,,,,0,1,1,3.23,0,2,1.0,0.0,1.8571428571428572,0.899735410842437,0,1,1.4677769,0.899735410842437,3.9277856356985663,14.202223540056476,1.7613324,HIGH,12.44089114736391,87.59819272154927,CRITICAL,Urgent stock replenishment required
FOODS_1_004_TX_3_validation,FOODS_1_004,FOODS_1,FOODS,TX_3,TX,d_1900,0,2016-04-11,11611,Monday,3,4,2016,,,,,0,1,1,1.96,0,2,0.0,0.0,0.0,0.0,0,1,0.34899265,0.0,0.0,2.442948579788208,0.4187912,HIGH,2.024157375097275,82.85714205547296,CRITICAL,Urgent stock replenishment required
FOODS_1_011_WI_1_validation,FOODS_1_011,FOODS_1,FOODS,WI_1,WI,d_1900,3,2016-04-11,11611,Monday,3,4,2016,,,,,0,1,1,2.68,0,2,0.0,4.0,0.8571428571428571,1.4638501094227994,0,1,1.0188991,1.4638501094227994,6.390422521242235,13.522716222414111,1.2226789,HIGH,12.300037322649096,90.95833352075816,CRITICAL,Urgent stock replenishment required
FOODS_1_002_CA_2_validation,FOODS_1_002,FOODS_1,FOODS,CA_2,CA,d_1900,0,2016-04-11,11611,Monday,3,4,2016,,,,,0,1,1,9.48,0,2,0.0,2.0,0.42857142857142855,0.7867957924694432,0,1,0.6115254,0.7867957924694432,3.434748899119119,7.715426694529276,0.7338305,HIGH,6.981596182959299,90.48878901162642,CRITICAL,Urgent stock replenishment required
FOODS_1_011_TX_3_validation,FOODS_1_011,FOODS_1,FOODS,TX_3,TX,d_1900,0,2016-04-11,11611,Monday,3,4,2016,,,,,0,1,1,2.68,0,2,0.0,0.0,0.14285714285714285,0.3779644730092273,0,1,0.36264923,0.3779644730092273,1.6500000000000004,4.188544654846192,0.43517908,HIGH,3.7533655703067783,89.61025558039816,CRITICAL,Urgent stock replenishment required
FOODS_1_010_CA_3_validation,FOODS_1_010,FOODS_1,FOODS,CA_3,CA,d_1900,1,2016-04-11,11611,Monday,3,4,2016,,,,,0,1,1,5.64,0,2,1.0,0.0,0.8571428571428571,1.0690449676496978,0,1,0.57627225,1.0690449676496978,4.666904755831215,8.700810738802407,0.6915267,HIGH,8.009284027815315,92.05215776153896,CRITICAL,Urgent stock replenishment required
FOODS_1_002_TX_1_validation,FOODS_1_002,FOODS_1,FOODS,TX_1,TX,d_1900,0,2016-04-11,11611,Monday,3,4,2016,,,,,0,1,1,9.48,0,2,0.0,0.0,0.0,0.0,0,1,0.11765786,0.0,0.0,0.8236050605773926,0.14118944,HIGH,0.6824156194925308,82.85714259867707,CRITICAL,Urgent stock replenishment required
FOODS_1_009_CA_4_validation,FOODS_1_009,FOODS_1,FOODS,CA_4,CA,d_1900,0,2016-04-11,11611,Monday,3,4,2016,,,,,0,1,1,2.24,0,2,0.0,0.0,0.0,0.0,0,1,0.13135263,0.0,0.0,0.9194684028625488,0.15762317,HIGH,0.7618452310562134,82.85714100499672,CRITICAL,Urgent stock replenishment required
FOODS_1_010_TX_3_validation,FOODS_1_010,FOODS_1,FOODS,TX_3,TX,d_1900,0,2016-04-11,11611,Monday,3,4,2016,,,,,0,1,1,6.27,0,2,0.0,2.0,0.5714285714285714,0.975900072948534,0,1,0.70716655,0.975900072948534,4.260281680828162,9.210447429424352,0.8485999,HIGH,8.361847518688268,90.78655062917915,CRITICAL,Urgent stock replenishment required
FOODS_1_008_CA_2_validation,FOODS_1_008,FOODS_1,FOODS,CA_2,CA,d_1900,0,2016-04-11,11611,Monday,3,4,2016,,,,,0,1,1,3.54,0,2,0.0,0.0,0.14285714285714285,0.37796447300922725,0,1,0.32644004,0.37796447300922725,1.65,3.9350801944732665,0.39172807,HIGH,3.5433521211147307,90.0452327780077,CRITICAL,Urgent stock replenishment required
FOODS_1_006_WI_2_validation,FOODS_1_006,FOODS_1,FOODS,WI_2,WI,d_1900,3,2016-04-11,11611,Monday,3,4,2016,,,,,0,1,1,2.48,0,2,2.0,0.0,1.5714285714285714,0.7867957924694351,0,1,1.199525,0.7867957924694351,3.434748899119084,11.831424008982365,1.43943,HIGH,10.391994010584538,87.83383980402513,CRITICAL,Urgent stock replenishment required
FOODS_1_009_TX_3_validation,FOODS_1_009,FOODS_1,FOODS,TX_3,TX,d_1900,0,2016-04-11,11611,Monday,3,4,2016,,,,,0,1,1,2.24,0,2,0.0,0.0,0.0,0.0,0,1,0.13135263,0.0,0.0,0.9194684028625488,0.15762317,HIGH,0.7618452310562134,82.85714100499672,CRITICAL,Urgent stock replenishment required
FOODS_1_006_TX_3_validation,FOODS_1_006,FOODS_1,FOODS,TX_3,TX,d_1900,0,2016-04-11,11611,Monday,3,4,2016,,,,,0,1,1,2.48,0,2,1.0,0.0,1.5714285714285714,1.618347187425374,0,1,1.2291529,1.618347187425374,7.064877918265821,15.66894858171797,1.4749836,HIGH,14.19396500875807,90.58658233979487,CRITICAL,Urgent stock replenishment required
FOODS_1_005_CA_3_validation,FOODS_1_005,FOODS_1,FOODS,CA_3,CA,d_1900,6,2016-04-11,11611,Monday,3,4,2016,,,,,0,1,1,3.54,0,2,9.0,0.0,2.857142857142857,3.33809184158512,0,1,1.771059,3.33809184158512,14.572405429440945,26.969818683225125,2.1252708,HIGH,24.844547839719265,92.11981782870588,CRITICAL,Urgent stock replenishment required
FOODS_1_003_CA_4_validation,FOODS_1_003,FOODS_1,FOODS,CA_4,CA,d_1900,1,2016-04-11,11611,Monday,3,4,2016,,,,,0,1,1,3.23,0,2,0.0,0.0,0.2857142857142857,0.48795003647426666,0,1,0.3951223,0.48795003647426666,2.1301408404140796,4.895996868017229,0.47414675,HIGH,4.421850114467653,90.31562383859134,CRITICAL,Urgent stock replenishment required
FOODS_1_006_TX_2_validation,FOODS_1_006,FOODS_1,FOODS,TX_2,TX,d_1900,0,2016-04-11,11611,Monday,3,4,2016,,,,,0,1,1,2.48,0,2,2.0,0.0,0.7142857142857143,0.9511897312113419,0,1,0.70612377,0.9511897312113419,4.152408939398913,9.095275264777332,0.8473486,HIGH,8.247926693953662,90.68364017408973,CRITICAL,Urgent stock replenishment required
FOODS_1_002_WI_3_validation,FOODS_1_002,FOODS_1,FOODS,WI_3,WI,d_1900,0,2016-04-11,11611,Monday,3,4,2016,,,,,0,1,1,9.48,0,2,0.0,0.0,0.42857142857142855,0.5345224838248488,0,1,0.42145976,0.5345224838248488,2.333452377915607,5.28367081701778,0.5057517,HIGH,4.777919088006245,90.42802349868963,CRITICAL,Urgent stock replenishment required
FOODS_1_008_CA_4_validation,FOODS_1_008,FOODS_1,FOODS,CA_4,CA,d_1900,0,2016-04-11,11611,Monday,3,4,2016,,,,,0,1,1,3.54,0,2,0.0,0.0,0.0,0.0,0,1,0.14085762,0.0,0.0,0.9860033392906189,0.16902915,HIGH,0.8169741928577423,82.85714259806821,CRITICAL,Urgent stock replenishment required
FOODS_1_006_WI_1_validation,FOODS_1_006,FOODS_1,FOODS,WI_1,WI,d_1900,1,2016-04-11,11611,Monday,3,4,2016,,,,,0,1,1,2.48,0,2,3.0,1.0,3.0,2.380476142847617,0,1,1.9768273,2.380476142847617,10.391943995230154,24.22973448442693,2.3721929,HIGH,21.857541624777273,90.20957963375815,CRITICAL,Urgent stock replenishment required
FOODS_1_009_TX_1_validation,FOODS_1_009,FOODS_1,FOODS,TX_1,TX,d_1900,0,2016-04-11,11611,Monday,3,4,2016,,,,,0,1,1,2.24,0,2,0.0,0.0,0.0,0.0,0,1,0.13135263,0.0,0.0,0.9194684028625488,0.15762317,HIGH,0.7618452310562134,82.85714100499672,CRITICAL,Urgent stock replenishment required
FOODS_1_006_WI_3_validation,FOODS_1_006,FOODS_1,FOODS,WI_3,WI,d_1900,0,2016-04-11,11611,Monday,3,4,2016,,,,,0,1,1,2.48,0,2,0.0,1.0,4.142857142857143,10.10657494618514,0,1,2.0382078,10.10657494618514,44.120148458499095,58.38760260583796,2.4458494,HIGH,55.941753187197826,95.81101242475816,CRITICAL,Urgent stock replenishment required
FOODS_1_001_CA_2_validation,FOODS_1_001,FOODS_1,FOODS,CA_2,CA,d_1900,0,2016-04-11,11611,Monday,3,4,2016,,,,,0,1,1,2.24,0,2,1.0,4.0,0.5714285714285714,0.7867957924694432,0,1,0.8512254,0.7867957924694432,3.434748899119119,9.393326532023172,1.0214705,HIGH,8.37185598530076,89.12557182761532,CRITICAL,Urgent stock replenishment required
FOODS_1_001_CA_4_validation,FOODS_1_001,FOODS_1,FOODS,CA_4,CA,d_1900,0,2016-04-11,11611,Monday,3,4,2016,,,,,0,1,1,2.24,0,2,1.0,1.0,0.2857142857142857,0.48795003647426666,0,1,0.55762875,0.48795003647426666,2.1301408404140796,6.033542215230974,0.6691545,HIGH,5.3643876904278125,88.90942499558619,CRITICAL,Urgent stock replenishment required
FOODS_1_005_WI_3_validation,FOODS_1_005,FOODS_1,FOODS,WI_3,WI,d_1900,1,2016-04-11,11611,Monday,3,4,2016,,,,,0,1,1,3.54,0,2,0.0,2.0,0.8571428571428571,0.899735410842438,0,1,0.93857753,0.899735410842438,3.9277856356985703,10.497828245867026,1.1262931,HIGH,9.37153518270327,89.27118031667953,CRITICAL,Urgent stock replenishment required
FOODS_1_003_TX_2_validation,FOODS_1_003,FOODS_1,FOODS,TX_2,TX,d_1900,1,2016-04-11,11611,Monday,3,4,2016,,,,,0,1,1,3.23,0,2,0.0,0.0,0.2857142857142857,0.4879500364742671,0,1,0.3951223,0.4879500364742671,2.1301408404140814,4.895996868017231,0.47414675,HIGH,4.421850114467655,90.31562383859134,CRITICAL,Urgent stock replenishment required
FOODS_1_011_CA_2_validation,FOODS_1_011,FOODS_1,FOODS,CA_2,CA,d_1900,0,2016-04-11,11611,Monday,3,4,2016,,,,,0,1,1,2.68,0,2,4.0,1.0,3.2857142857142856,1.7994708216848752,0,1,2.302319,1.7994708216848752,7.855571271397137,23.971805097080733,2.762783,HIGH,21.209022046543623,88.4748643694189,CRITICAL,Urgent stock replenishment required
FOODS_1_011_WI_3_validation,FOODS_1_011,FOODS_1,FOODS,WI_3,WI,d_1900,0,2016-04-11,11611,Monday,3,4,2016,,,,,0,1,1,2.68,0,2,0.0,0.0,0.0,0.0,0,1,0.10285172,0.0,0.0,0.7199620008468628,0.123422064,HIGH,0.5965399369597435,82.8571419405548,CRITICAL,Urgent stock replenishment required
FOODS_1_001_CA_1_validation,FOODS_1_001,FOODS_1,FOODS,CA_1,CA,d_1900,2,2016-04-11,11611,Monday,3,4,2016,,,,,0,1,1,2.24,0,2,4.0,3.0,1.5714285714285714,1.5118578920369095,0,1,1.4248221,1.5118578920369095,6.600000000000002,16.5737548828125,1.7097865,HIGH,14.863968348503114,89.68377083890331,CRITICAL,Urgent stock replenishment required
FOODS_1_005_WI_2_validation,FOODS_1_005,FOODS_1,FOODS,WI_2,WI,d_1900,3,2016-04-11,11611,Monday,3,4,2016,,,,,0,1,1,3.54,0,2,0.0,1.0,1.1428571428571428,0.6900655593423466,0,1,0.9605405,0.6900655593423466,3.01247406627838,9.736257559320372,1.1526486,HIGH,8.58360899116699,88.16127694721912,CRITICAL,Urgent stock replenishment required
FOODS_1_003_CA_2_validation,FOODS_1_003,FOODS_1,FOODS,CA_2,CA,d_1900,1,2016-04-11,11611,Monday,3,4,2016,,,,,0,1,1,3.23,0,2,0.0,1.0,0.8571428571428571,1.4638501094227998,0,1,0.78202343,1.4638501094227998,6.390422521242238,11.864586530336476,0.93842816,HIGH,10.926158366808034,92.0905110251505,CRITICAL,Urgent stock replenishment required
FOODS_1_004_WI_3_validation,FOODS_1_004,FOODS_1,FOODS,WI_3,WI,d_1900,0,2016-04-11,11611,Monday,3,4,2016,,,,,0,1,1,1.96,0,2,0.0,0.0,0.0,4.272243734249905e-07,0,1,0.3723237,4.272243734249905e-07,1.8650435860780626e-06,2.6062676483535228,0.44678846,HIGH,2.159479188337272,82.85715358902208,CRITICAL,Urgent stock replenishment required
FOODS_1_008_TX_3_validation,FOODS_1_008,FOODS_1,FOODS,TX_3,TX,d_1900,0,2016-04-11,11611,Monday,3,4,2016,,,,,0,1,1,3.54,0,2,0.0,0.0,0.0,0.0,0,1,0.14085762,0.0,0.0,0.9860033392906189,0.16902915,HIGH,0.8169741928577423,82.85714259806821,CRITICAL,Urgent stock replenishment required
FOODS_1_010_TX_2_validation,FOODS_1_010,FOODS_1,FOODS,TX_2,TX,d_1900,0,2016-04-11,11611,Monday,3,4,2016,,,,,0,1,1,6.27,0,2,0.0,2.0,0.14285714285714285,0.37796447300922453,0,1,0.42777595,0.37796447300922453,1.6499999999999881,4.644431734085071,0.5133312,HIGH,4.131100559234607,88.94738464809005,CRITICAL,Urgent stock replenishment required
FOODS_1_005_WI_1_validation,FOODS_1_005,FOODS_1,FOODS,WI_1,WI,d_1900,4,2016-04-11,11611,Monday,3,4,2016,,,,,0,1,1,3.54,0,2,4.0,3.0,3.0,1.414213562373092,0,1,2.5765388,1.414213562373092,6.173734688176991,24.20950701178539,3.0918467,HIGH,21.11766030730236,87.22879113986957,CRITICAL,Urgent stock replenishment required
FOODS_1_001_TX_3_validation,FOODS_1_001,FOODS_1,FOODS,TX_3,TX,d_1900,1,2016-04-11,11611,Monday,3,4,2016,,,,,0,1,1,2.24,0,2,0.0,0.0,0.5714285714285714,0.7867957924694433,0,1,0.64257365,0.7867957924694433,3.4347488991191195,7.932764302866678,0.7710884,HIGH,7.161675881521921,90.27970084695309,CRITICAL,Urgent stock replenishment required
FOODS_1_001_TX_2_validation,FOODS_1_001,FOODS_1,FOODS,TX_2,TX,d_1900,0,2016-04-11,11611,Monday,3,4,2016,,,,,0,1,1,2.24,0,2,0.0,0.0,0.2857142857142857,0.4879500364742666,0,1,0.5090247,0.4879500364742666,2.1301408404140796,5.693313657644304,0.61082965,HIGH,5.082484006288561,89.27110487693588,CRITICAL,Urgent stock replenishment required
FOODS_1_008_WI_1_validation,FOODS_1_008,FOODS_1,FOODS,WI_1,WI,d_1900,1,2016-04-11,11611,Monday,3,4,2016,,,,,0,1,1,3.54,0,2,0.0,0.0,0.14285714285714285,0.377964473009228,0,1,0.32644004,0.377964473009228,1.6500000000000032,3.9350801944732696,0.39172807,HIGH,3.543352121114734,90.0452327780077,CRITICAL,Urgent stock replenishment required
FOODS_1_004_TX_2_validation,FOODS_1_004,FOODS_1,FOODS,TX_2,TX,d_1900,0,2016-04-11,11611,Monday,3,4,2016,,,,,0,1,1,1.96,0,2,0.0,0.0,0.0,0.0,0,1,0.34899265,0.0,0.0,2.442948579788208,0.4187912,HIGH,2.024157375097275,82.85714205547296,CRITICAL,Urgent stock replenishment required
FOODS_1_009_WI_2_validation,FOODS_1_009,FOODS_1,FOODS,WI_2,WI,d_1900,0,2016-04-11,11611,Monday,3,4,2016,,,,,0,1,1,2.24,0,2,0.0,0.0,0.0,0.0,0,1,0.13135263,0.0,0.0,0.9194684028625488,0.15762317,HIGH,0.7618452310562134,82.85714100499672,CRITICAL,Urgent stock replenishment required
FOODS_1_010_CA_2_validation,FOODS_1_010,FOODS_1,FOODS,CA_2,CA,d_1900,1,2016-04-11,11611,Monday,3,4,2016,,,,,0,1,1,5.64,0,2,0.0,1.0,0.2857142857142857,0.4879500364742666,0,1,0.46210796,0.4879500364742666,2.1301408404140796,5.364896594884905,0.55452955,HIGH,4.81036704719356,89.66374210790839,CRITICAL,Urgent stock replenishment required
FOODS_1_011_WI_2_validation,FOODS_1_011,FOODS_1,FOODS,WI_2,WI,d_1900,0,2016-04-11,11611,Monday,3,4,2016,,,,,0,1,1,2.68,0,2,1.0,1.0,0.2857142857142857,0.487950036474267,0,1,0.5178958,0.487950036474267,2.130140840414081,5.75541168391994,0.621475,HIGH,5.1339367026119564,89.20190221936123,CRITICAL,Urgent stock replenishment required
FOODS_1_001_WI_1_validation,FOODS_1_001,FOODS_1,FOODS,WI_1,WI,d_1900,1,2016-04-11,11611,Monday,3,4,2016,,,,,0,1,1,2.24,0,2,0.0,0.0,0.14285714285714285,0.37796447300922725,0,1,0.43458158,0.37796447300922725,1.65,4.692071104049683,0.5214979,HIGH,4.170573198795319,88.8855498203285,CRITICAL,Urgent stock replenishment required
FOODS_1_010_WI_1_validation,FOODS_1_010,FOODS_1,FOODS,WI_1,WI,d_1900,1,2016-04-11,11611,Monday,3,4,2016,,,,,0,1,1,6.77,0,2,1.0,0.0,1.5714285714285714,1.5118578920369092,0,1,0.9614532,1.5118578920369092,6.600000000000001,13.330172157287599,1.1537439,HIGH,12.176428294181825,91.34486899724679,CRITICAL,Urgent stock replenishment required
FOODS_1_005_CA_2_validation,FOODS_1_005,FOODS_1,FOODS,CA_2,CA,d_1900,5,2016-04-11,11611,Monday,3,4,2016,,,,,0,1,1,3.54,0,2,5.0,3.0,7.571428571428571,4.995235825502233,0,1,4.7992244,4.995235825502233,21.80665036175892,55.40122052167103,5.7590694,HIGH,49.642151078922005,89.60479681039469,CRITICAL,Urgent stock replenishment required
FOODS_1_003_WI_3_validation,FOODS_1_003,FOODS_1,FOODS,WI_3,WI,d_1900,0,2016-04-11,11611,Monday,3,4,2016,,,,,0,1,1,3.23,0,2,0.0,1.0,0.0,0.0,0,1,0.1766343,0.0,0.0,1.2364400625228882,0.21196117,HIGH,1.0244788974523544,82.857141927443,CRITICAL,Urgent stock replenishment required
FOODS_1_010_WI_2_validation,FOODS_1_010,FOODS_1,FOODS,WI_2,WI,d_1900,0,2016-04-11,11611,Monday,3,4,2016,,,,,0,1,1,6.77,0,2,0.0,0.0,0.8571428571428571,0.8997354108424375,0,1,0.6235819,0.8997354108424375,3.927785635698568,8.292858839739095,0.7482983,HIGH,7.544560552347432,90.97659441873238,CRITICAL,Urgent stock replenishment required
FOODS_1_009_CA_2_validation,FOODS_1_009,FOODS_1,FOODS,CA_2,CA,d_1900,0,2016-04-11,11611,Monday,3,4,2016,,,,,0,1,1,2.24,0,2,0.0,0.0,0.0,0.0,0,1,0.13135263,0.0,0.0,0.9194684028625488,0.15762317,HIGH,0.7618452310562134,82.85714100499672,CRITICAL,Urgent stock replenishment required
FOODS_1_001_WI_2_validation,FOODS_1_001,FOODS_1,FOODS,WI_2,WI,d_1900,2,2016-04-11,11611,Monday,3,4,2016,,,,,0,1,1,2.24,0,2,0.0,0.0,0.2857142857142857,0.7559289460184546,0,1,0.5284659,0.7559289460184546,3.3000000000000007,6.99926142692566,0.63415915,HIGH,6.3651022791862495,90.93962763985574,CRITICAL,Urgent stock replenishment required
FOODS_1_004_CA_1_validation,FOODS_1_004,FOODS_1,FOODS,CA_1,CA,d_1900,0,2016-04-11,11611,Monday,3,4,2016,,,,,0,1,1,1.96,0,2,0.0,0.0,0.0,0.0,0,1,0.34899265,0.0,0.0,2.442948579788208,0.4187912,HIGH,2.024157375097275,82.85714205547296,CRITICAL,Urgent stock replenishment required
FOODS_1_002_TX_2_validation,FOODS_1_002,FOODS_1,FOODS,TX_2,TX,d_1900,1,2016-04-11,11611,Monday,3,4,2016,,,,,0,1,1,9.48,0,2,1.0,0.0,0.2857142857142857,0.48795003647426666,0,1,0.3661268,0.48795003647426666,2.1301408404140796,4.693028509023699,0.43935218,HIGH,4.253676324489626,90.63819485244355,CRITICAL,Urgent stock replenishment required
FOODS_1_010_TX_1_validation,FOODS_1_010,FOODS_1,FOODS,TX_1,TX,d_1900,0,2016-04-11,11611,Monday,3,4,2016,,,,,0,1,1,6.27,0,2,0.0,0.0,0.42857142857142855,0.7867957924694432,0,1,0.44574195,0.7867957924694432,3.434748899119119,6.554942618983011,0.53489035,HIGH,6.020052265303354,91.83989266159824,CRITICAL,Urgent stock replenishment required
FOODS_1_011_TX_1_validation,FOODS_1_011,FOODS_1,FOODS,TX_1,TX,d_1900,0,2016-04-11,11611,Monday,3,4,2016,,,,,0,1,1,2.68,0,2,0.0,0.0,0.14285714285714285,0.37796447300922725,0,1,0.36264923,0.37796447300922725,1.65,4.188544654846192,0.43517908,HIGH,3.7533655703067783,89.61025558039816,CRITICAL,Urgent stock replenishment required
FOODS_1_008_CA_3_validation,FOODS_1_008,FOODS_1,FOODS,CA_3,CA,d_1900,0,2016-04-11,11611,Monday,3,4,2016,,,,,0,1,1,3.54,0,2,0.0,0.0,0.0,0.0,0,1,0.14085762,0.0,0.0,0.9860033392906189,0.16902915,HIGH,0.8169741928577423,82.85714259806821,CRITICAL,Urgent stock replenishment required
FOODS_1_003_CA_3_validation,FOODS_1_003,FOODS_1,FOODS,CA_3,CA,d_1900,3,2016-04-11,11611,Monday,3,4,2016,,,,,0,1,1,3.23,0,2,0.0,1.0,0.7142857142857143,1.1126972805283732,0,1,0.74728465,1.1126972805283732,4.857468476480314,10.08846079368002,0.8967416,HIGH,9.19171916503317,91.11121461453644,CRITICAL,Urgent stock replenishment required
FOODS_1_008_CA_1_validation,FOODS_1_008,FOODS_1,FOODS,CA_1,CA,d_1900,0,2016-04-11,11611,Monday,3,4,2016,,,,,0,1,1,3.54,0,2,0.0,0.0,0.14285714285714285,0.37796447300922725,0,1,0.32644004,0.37796447300922725,1.65,3.9350801944732665,0.39172807,HIGH,3.5433521211147307,90.0452327780077,CRITICAL,Urgent stock replenishment required
FOODS_1_005_CA_1_validation,FOODS_1_005,FOODS_1,FOODS,CA_1,CA,d_1900,2,2016-04-11,11611,Monday,3,4,2016,,,,,0,1,1,3.54,0,2,2.0,1.0,1.0,1.2909944487357985,0,1,0.9480683,1.2909944487357985,5.635822921277748,12.272301345350014,1.1376821,HIGH,11.134619265081154,90.72967613609057,CRITICAL,Urgent stock replenishment required
FOODS_1_010_CA_4_validation,FOODS_1_010,FOODS_1,FOODS,CA_4,CA,d_1900,0,2016-04-11,11611,Monday,3,4,2016,,,,,0,1,1,5.56,0,2,0.0,0.0,0.0,0.0,0,1,0.10841985,0.0,0.0,0.7589389681816101,0.13010383,HIGH,0.628835141658783,82.8571424083611,CRITICAL,Urgent stock replenishment required
FOODS_1_008_TX_1_validation,FOODS_1_008,FOODS_1,FOODS,TX_1,TX,d_1900,0,2016-04-11,11611,Monday,3,4,2016,,,,,0,1,1,3.54,0,2,0.0,0.0,0.14285714285714285,0.37796447300922725,0,1,0.32644004,0.37796447300922725,1.65,3.9350801944732665,0.39172807,HIGH,3.5433521211147307,90.0452327780077,CRITICAL,Urgent stock replenishment required
FOODS_1_001_TX_1_validation,FOODS_1_001,FOODS_1,FOODS,TX_1,TX,d_1900,0,2016-04-11,11611,Monday,3,4,2016,,,,,0,1,1,2.24,0,2,0.0,0.0,0.14285714285714285,0.37796447300922725,0,1,0.43458158,0.37796447300922725,1.65,4.692071104049683,0.5214979,HIGH,4.170573198795319,88.8855498203285,CRITICAL,Urgent stock replenishment required
FOODS_1_002_WI_1_validation,FOODS_1_002,FOODS_1,FOODS,WI_1,WI,d_1900,0,2016-04-11,11611,Monday,3,4,2016,,,,,0,1,1,9.48,0,2,0.0,0.0,1.0,1.000000000000001,0,1,0.7025715,1.000000000000001,4.365489663256579,9.283490361346178,0.8430858,HIGH,8.44040453590291,90.91843915782324,CRITICAL,Urgent stock replenishment required
FOODS_1_003_CA_1_validation,FOODS_1_003,FOODS_1,FOODS,CA_1,CA,d_1900,0,2016-04-11,11611,Monday,3,4,2016,,,,,0,1,1,3.23,0,2,1.0,3.0,0.5714285714285714,0.5345224838248492,0,1,0.783541,0.5345224838248492,2.333452377915609,7.818239365220297,0.94024926,HIGH,6.877990100980032,87.97364444451527,CRITICAL,Urgent stock replenishment required
FOODS_1_009_CA_1_validation,FOODS_1_009,FOODS_1,FOODS,CA_1,CA,d_1900,0,2016-04-11,11611,Monday,3,4,2016,,,,,0,1,1,2.24,0,2,0.0,0.0,0.0,0.0,0,1,0.13135263,0.0,0.0,0.9194684028625488,0.15762317,HIGH,0.7618452310562134,82.85714100499672,CRITICAL,Urgent stock replenishment required
FOODS_1_005_TX_2_validation,FOODS_1_005,FOODS_1,FOODS,TX_2,TX,d_1900,1,2016-04-11,11611,Monday,3,4,2016,,,,,0,1,1,3.54,0,2,0.0,0.0,0.5714285714285714,0.7867957924694415,0,1,0.5241951,0.7867957924694415,3.434748899119112,7.104114305155489,0.6290341,HIGH,6.475080203192446,91.1454957656502,CRITICAL,Urgent stock replenishment required
FOODS_1_003_TX_1_validation,FOODS_1_003,FOODS_1,FOODS,TX_1,TX,d_1900,0,2016-04-11,11611,Monday,3,4,2016,,,,,0,1,1,3.23,0,2,0.0,0.0,0.0,0.0,0,1,0.0946203,0.0,0.0,0.6623421311378479,0.11354437,HIGH,0.5487977638840675,82.85714256788698,CRITICAL,Urgent stock replenishment required
FOODS_1_005_TX_1_validation,FOODS_1_005,FOODS_1,FOODS,TX_1,TX,d_1900,1,2016-04-11,11611,Monday,3,4,2016,,,,,0,1,1,3.54,0,2,0.0,0.0,0.0,0.0,0,1,0.14085762,0.0,0.0,0.9860033392906189,0.16902915,HIGH,0.8169741928577423,82.85714259806821,CRITICAL,Urgent stock replenishment required
FOODS_1_001_WI_3_validation,FOODS_1_001,FOODS_1,FOODS,WI_3,WI,d_1900,1,2016-04-11,11611,Monday,3,4,2016,,,,,0,1,1,2.24,0,2,0.0,1.0,0.2857142857142857,0.48795003647426666,0,1,0.55762875,0.48795003647426666,2.1301408404140796,6.033542215230974,0.6691545,HIGH,5.3643876904278125,88.90942499558619,CRITICAL,Urgent stock replenishment required
FOODS_1_003_TX_3_validation,FOODS_1_003,FOODS_1,FOODS,TX_3,TX,d_1900,0,2016-04-11,11611,Monday,3,4,2016,,,,,0,1,1,3.23,0,2,0.0,0.0,0.0,0.0,0,1,0.0946203,0.0,0.0,0.6623421311378479,0.11354437,HIGH,0.5487977638840675,82.85714256788698,CRITICAL,Urgent stock replenishment required
FOODS_1_009_CA_3_validation,FOODS_1_009,FOODS_1,FOODS,CA_3,CA,d_1900,0,2016-04-11,11611,Monday,3,4,2016,,,,,0,1,1,1.98,0,2,0.0,0.0,0.0,0.0,0,1,0.13397686,0.0,0.0,0.9378380179405212,0.16077223,HIGH,0.77706578373909,82.85714258476268,CRITICAL,Urgent stock replenishment required
FOODS_1_011_CA_4_validation,FOODS_1_011,FOODS_1,FOODS,CA_4,CA,d_1900,0,2016-04-11,11611,Monday,3,4,2016,,,,,0,1,1,2.68,0,2,1.0,1.0,0.7142857142857143,0.7559289460184536,0,1,0.7291483,0.7559289460184536,3.2999999999999963,8.404038238525388,0.874978,HIGH,7.52906023263931,89.5886003721991,CRITICAL,Urgent stock replenishment required
FOODS_1_008_WI_2_validation,FOODS_1_008,FOODS_1,FOODS,WI_2,WI,d_1900,0,2016-04-11,11611,Monday,3,4,2016,,,,,0,1,1,3.54,0,2,0.0,0.0,0.14285714285714285,0.37796447300922725,0,1,0.32644004,0.37796447300922725,1.65,3.9350801944732665,0.39172807,HIGH,3.5433521211147307,90.0452327780077,CRITICAL,Urgent stock replenishment required
FOODS_1_009_WI_1_validation,FOODS_1_009,FOODS_1,FOODS,WI_1,WI,d_1900,0,2016-04-11,11611,Monday,3,4,2016,,,,,0,1,1,2.24,0,2,0.0,0.0,0.0,0.0,0,1,0.13135263,0.0,0.0,0.9194684028625488,0.15762317,HIGH,0.7618452310562134,82.85714100499672,CRITICAL,Urgent stock replenishment required
FOODS_1_005_TX_3_validation,FOODS_1_005,FOODS_1,FOODS,TX_3,TX,d_1900,1,2016-04-11,11611,Monday,3,4,2016,,,,,0,1,1,3.54,0,2,3.0,0.0,1.1428571428571428,1.3451854182690983,0,1,0.95658654,1.3451854182690983,5.87239303861722,12.56849899564847,1.1479039,HIGH,11.4205950764285,90.86681775113,CRITICAL,Urgent stock replenishment required
FOODS_1_008_WI_3_validation,FOODS_1_008,FOODS_1,FOODS,WI_3,WI,d_1900,0,2016-04-11,11611,Monday,3,4,2016,,,,,0,1,1,3.54,0,2,0.0,0.0,0.2857142857142857,0.48795003647426666,0,1,0.38776743,0.48795003647426666,2.1301408404140796,4.844512998464617,0.46532094,HIGH,4.379192053678545,90.39488706225896,CRITICAL,Urgent stock replenishment required
FOODS_1_002_CA_1_validation,FOODS_1_002,FOODS_1,FOODS,CA_1,CA,d_1900,1,2016-04-11,11611,Monday,3,4,2016,,,,,0,1,1,9.48,0,2,0.0,0.0,0.14285714285714285,0.37796447300922725,0,1,0.32540014,0.37796447300922725,1.65,3.9278010368347167,0.3904802,HIGH,3.5373208463191985,90.05855472684041,CRITICAL,Urgent stock replenishment required
FOODS_1_004_WI_1_validation,FOODS_1_004,FOODS_1,FOODS,WI_1,WI,d_1900,0,2016-04-11,11611,Monday,3,4,2016,,,,,0,1,1,1.96,0,2,0.0,0.0,0.0,0.0,0,1,0.34899265,0.0,0.0,2.442948579788208,0.4187912,HIGH,2.024157375097275,82.85714205547296,CRITICAL,Urgent stock replenishment required
FOODS_1_002_WI_2_validation,FOODS_1_002,FOODS_1,FOODS,WI_2,WI,d_1900,1,2016-04-11,11611,Monday,3,4,2016,,,,,0,1,1,9.48,0,2,0.0,0.0,0.42857142857142855,0.7867957924694432,0,1,0.42145976,0.7867957924694432,3.434748899119119,6.384967338221292,0.5057517,HIGH,5.879215609209757,92.07902402281628,CRITICAL,Urgent stock replenishment required
FOODS_1_011_CA_3_validation,FOODS_1_011,FOODS_1,FOODS,CA_3,CA,d_1900,1,2016-04-11,11611,Monday,3,4,2016,,,,,0,1,1,2.68,0,2,1.0,1.0,2.4285714285714284,1.511857892036907,0,1,1.8226953,1.511857892036907,6.599999999999992,19.358867263793936,2.1872344,HIGH,17.171632862091055,88.70164058723843,CRITICAL,Urgent stock replenishment required
FOODS_1_006_CA_1_validation,FOODS_1_006,FOODS_1,FOODS,CA_1,CA,d_1900,0,2016-04-11,11611,Monday,3,4,2016,,,,,0,1,1,2.48,0,2,1.0,3.0,2.7142857142857144,2.5634797778466227,0,1,1.7780248,2.5634797778466227,11.190844472156693,23.637018140064406,2.1336298,HIGH,21.503388341175246,90.97335464970224,CRITICAL,Urgent stock replenishment required
FOODS_1_006_CA_2_validation,FOODS_1_006,FOODS_1,FOODS,CA_2,CA,d_1900,1,2016-04-11,11611,Monday,3,4,2016,,,,,0,1,1,2.48,0,2,0.0,0.0,1.2857142857142858,0.9511897312113419,0,1,1.047419,0.9511897312113419,4.152408939398913,11.484341484107166,1.2569028,HIGH,10.227438670195728,89.05550818346157,CRITICAL,Urgent stock replenishment required
FOODS_1_004_CA_3_validation,FOODS_1_004,FOODS_1,FOODS,CA_3,CA,d_1900,0,2016-04-11,11611,Monday,3,4,2016,,,,,0,1,1,1.5,0,2,0.0,0.0,0.0,0.0,0,1,0.6621903,0.0,0.0,4.635332107543945,0.79462844,HIGH,3.8407036662101746,82.85714113039447,CRITICAL,Urgent stock replenishment required
FOODS_1_004_TX_1_validation,FOODS_1_004,FOODS_1,FOODS,TX_1,TX,d_1900,0,2016-04-11,11611,Monday,3,4,2016,,,,,0,1,1,1.96,0,2,0.0,0.0,0.0,0.0,0,1,0.34899265,0.0,0.0,2.442948579788208,0.4187912,HIGH,2.024157375097275,82.85714205547296,CRITICAL,Urgent stock replenishment required
FOODS_1_009_WI_3_validation,FOODS_1_009,FOODS_1,FOODS,WI_3,WI,d_1900,0,2016-04-11,11611,Monday,3,4,2016,,,,,0,1,1,2.24,0,2,0.0,0.0,0.0,0.0,0,1,0.13135263,0.0,0.0,0.9194684028625488,0.15762317,HIGH,0.7618452310562134,82.85714100499672,CRITICAL,Urgent stock replenishment required
FOODS_1_002_CA_3_validation,FOODS_1_002,FOODS_1,FOODS,CA_3,CA,d_1900,0,2016-04-11,11611,Monday,3,4,2016,,,,,0,1,1,9.48,0,2,1.0,1.0,0.42857142857142855,0.5345224838248489,0,1,0.5066356,0.5345224838248489,2.3334523779156076,5.879901562333332,0.6079627,HIGH,5.27193883478664,89.66032473330331,CRITICAL,Urgent stock replenishment required
FOODS_1_001_CA_3_validation,FOODS_1_001,FOODS_1,FOODS,CA_3,CA,d_1900,1,2016-04-11,11611,Monday,3,4,2016,,,,,0,1,1,2.24,0,2,0.0,2.0,1.0,1.5275252316519472,0,1,1.0089302,1.5275252316519472,6.6683956091401795,13.730907053231977,1.2107162,HIGH,12.520190805673383,91.18254720635068,CRITICAL,Urgent stock replenishment required
FOODS_1_010_CA_1_validation,FOODS_1_010,FOODS_1,FOODS,CA_1,CA,d_1900,0,2016-04-11,11611,Monday,3,4,2016,,,,,0,1,1,5.64,0,2,0.0,0.0,0.5714285714285714,1.1338934190276817,0,1,0.44738427,1.1338934190276817,4.95,8.08168978691101,0.5368611,HIGH,7.5448286652564995,93.35706843729633,CRITICAL,Urgent stock replenishment required
FOODS_1_002_CA_4_validation,FOODS_1_002,FOODS_1,FOODS,CA_4,CA,d_1900,0,2016-04-11,11611,Monday,3,4,2016,,,,,0,1,1,9.48,0,2,0.0,0.0,0.42857142857142855,1.133893419027682,0,1,0.40061697,1.133893419027682,4.950000000000001,7.75431890487671,0.4807404,HIGH,7.273578506708146,93.80035301532125,CRITICAL,Urgent stock replenishment required
FOODS_1_010_WI_3_validation,FOODS_1_010,FOODS_1,FOODS,WI_3,WI,d_1900,0,2016-04-11,11611,Monday,3,4,2016,,,,,0,1,1,6.77,0,2,1.0,0.0,0.7142857142857143,0.9511897312113419,0,1,0.5951508,0.9511897312113419,4.152408939398913,8.318464618720203,0.714181,HIGH,7.60428361276546,91.41450930322502,CRITICAL,Urgent stock replenishment required
FOODS_1_005_CA_4_validation,FOODS_1_005,FOODS_1,FOODS,CA_4,CA,d_1900,0,2016-04-11,11611,Monday,3,4,2016,,,,,0,1,1,3.54,0,2,5.0,0.0,1.5714285714285714,2.0701966780270626,0,1,1.4685061,2.0701966780270626,9.037422198835241,19.316965121808874,1.7622074,HIGH,17.554757732931005,90.8774107228245,CRITICAL,Urgent stock replenishment required
FOODS_1_003_WI_2_validation,FOODS_1_003,FOODS_1,FOODS,WI_2,WI,d_1900,0,2016-04-11,11611,Monday,3,4,2016,,,,,0,1,1,3.23,0,2,1.0,0.0,0.14285714285714285,0.37796447300922725,0,1,0.32626355,0.37796447300922725,1.65,3.9338449478149413,0.39151627,HIGH,3.542328679561615,90.04749110737589,CRITICAL,Urgent stock replenishment required
FOODS_1_008_TX_2_validation,FOODS_1_008,FOODS_1,FOODS,TX_2,TX,d_1900,0,2016-04-11,11611,Monday,3,4,2016,,,,,0,1,1,3.54,0,2,0.0,0.0,0.2857142857142857,0.7559289460184545,0,1,0.41517442,0.7559289460184545,3.3,6.206220912933349,0.49820933,HIGH,5.708011585474014,91.97242034325429,CRITICAL,Urgent stock replenishment required
FOODS_1_011_TX_3_validation,FOODS_1_011,FOODS_1,FOODS,TX_3,TX,d_1901,0,2016-04-12,11611,Tuesday,4,4,2016,,,,,0,1,1,2.68,0,2,0.0,0.0,0.14285714285714285,0.3779644730092273,0,1,0.36264923,0.3779644730092273,1.6500000000000004,4.188544654846192,0.43517908,HIGH,3.7533655703067783,89.61025558039816,CRITICAL,Urgent stock replenishment required
FOODS_1_002_CA_2_validation,FOODS_1_002,FOODS_1,FOODS,CA_2,CA,d_1901,2,2016-04-12,11611,Tuesday,4,4,2016,,,,,0,1,1,9.48,0,2,0.0,0.0,0.42857142857142855,0.7867957924694432,0,1,0.42145976,0.7867957924694432,3.434748899119119,6.384967338221292,0.5057517,HIGH,5.879215609209757,92.07902402281628,CRITICAL,Urgent stock replenishment required
FOODS_1_010_WI_1_validation,FOODS_1_010,FOODS_1,FOODS,WI_1,WI,d_1901,2,2016-04-12,11611,Tuesday,4,4,2016,,,,,0,1,1,6.77,0,2,2.0,4.0,1.5714285714285714,1.5118578920369092,0,1,1.1520143,1.5118578920369092,6.600000000000001,14.664100265502931,1.3824172,HIGH,13.281683063507081,90.57277857511677,CRITICAL,Urgent stock replenishment required
FOODS_1_008_CA_2_validation,FOODS_1_008,FOODS_1,FOODS,CA_2,CA,d_1901,1,2016-04-12,11611,Tuesday,4,4,2016,,,,,0,1,1,3.54,0,2,0.0,0.0,0.14285714285714285,0.37796447300922725,0,1,0.32644004,0.37796447300922725,1.65,3.9350801944732665,0.39172807,HIGH,3.5433521211147307,90.0452327780077,CRITICAL,Urgent stock replenishment required
FOODS_1_005_CA_3_validation,FOODS_1_005,FOODS_1,FOODS,CA_3,CA,d_1901,3,2016-04-12,11611,Tuesday,4,4,2016,,,,,0,1,1,3.54,0,2,0.0,5.0,2.4285714285714284,2.5071326821120343,0,1,2.184926,2.5071326821120343,10.944861808172817,26.239344039312954,2.6219113,HIGH,23.617432752005215,90.00771024085253,CRITICAL,Urgent stock replenishment required
FOODS_1_002_WI_3_validation,FOODS_1_002,FOODS_1,FOODS,WI_3,WI,d_1901,0,2016-04-12,11611,Tuesday,4,4,2016,,,,,0,1,1,9.48,0,2,1.0,2.0,0.42857142857142855,0.5345224838248488,0,1,0.6115254,0.5345224838248488,2.333452377915607,6.614130173325764,0.7338305,HIGH,5.880299661755787,88.90510932897186,CRITICAL,Urgent stock replenishment required
FOODS_1_002_TX_1_validation,FOODS_1_002,FOODS_1,FOODS,TX_1,TX,d_1901,0,2016-04-12,11611,Tuesday,4,4,2016,,,,,0,1,1,9.48,0,2,0.0,0.0,0.0,0.0,0,1,0.11765786,0.0,0.0,0.8236050605773926,0.14118944,HIGH,0.6824156194925308,82.85714259867707,CRITICAL,Urgent stock replenishment required
FOODS_1_009_WI_3_validation,FOODS_1_009,FOODS_1,FOODS,WI_3,WI,d_1901,0,2016-04-12,11611,Tuesday,4,4,2016,,,,,0,1,1,2.24,0,2,0.0,0.0,0.0,0.0,0,1,0.13135263,0.0,0.0,0.9194684028625488,0.15762317,HIGH,0.7618452310562134,82.85714100499672,CRITICAL,Urgent stock replenishment required
FOODS_1_004_CA_3_validation,FOODS_1_004,FOODS_1,FOODS,CA_3,CA,d_1901,0,2016-04-12,11611,Tuesday,4,4,2016,,,,,0,1,1,1.5,0,2,0.0,0.0,0.0,0.0,0,1,0.6621903,0.0,0.0,4.635332107543945,0.79462844,HIGH,3.8407036662101746,82.85714113039447,CRITICAL,Urgent stock replenishment required
FOODS_1_008_TX_2_validation,FOODS_1_008,FOODS_1,FOODS,TX_2,TX,d_1901,0,2016-04-12,11611,Tuesday,4,4,2016,,,,,0,1,1,3.54,0,2,0.0,0.0,0.2857142857142857,0.7559289460184545,0,1,0.41517442,0.7559289460184545,3.3,6.206220912933349,0.49820933,HIGH,5.708011585474014,91.97242034325429,CRITICAL,Urgent stock replenishment required
FOODS_1_001_WI_3_validation,FOODS_1_001,FOODS_1,FOODS,WI_3,WI,d_1901,0,2016-04-12,11611,Tuesday,4,4,2016,,,,,0,1,1,2.24,0,2,0.0,0.0,0.42857142857142855,0.5345224838248488,0,1,0.59552705,0.5345224838248488,2.333452377915607,6.5021416288616525,0.7146325,HIGH,5.7875091177227365,89.00927491387128,CRITICAL,Urgent stock replenishment required
FOODS_1_003_CA_1_validation,FOODS_1_003,FOODS_1,FOODS,CA_1,CA,d_1901,1,2016-04-12,11611,Tuesday,4,4,2016,,,,,0,1,1,3.23,0,2,0.0,0.0,0.42857142857142855,0.5345224838248491,0,1,0.4702869,0.5345224838248491,2.3334523779156084,5.625460777878987,0.5643443,HIGH,5.061116490960347,89.96803445616736,CRITICAL,Urgent stock replenishment required
FOODS_1_008_CA_1_validation,FOODS_1_008,FOODS_1,FOODS,CA_1,CA,d_1901,0,2016-04-12,11611,Tuesday,4,4,2016,,,,,0,1,1,3.54,0,2,0.0,0.0,0.14285714285714285,0.37796447300922725,0,1,0.32644004,0.37796447300922725,1.65,3.9350801944732665,0.39172807,HIGH,3.5433521211147307,90.0452327780077,CRITICAL,Urgent stock replenishment required
FOODS_1_010_TX_1_validation,FOODS_1_010,FOODS_1,FOODS,TX_1,TX,d_1901,1,2016-04-12,11611,Tuesday,4,4,2016,,,,,0,1,1,6.27,0,2,0.0,0.0,0.42857142857142855,0.7867957924694432,0,1,0.44574195,0.7867957924694432,3.434748899119119,6.554942618983011,0.53489035,HIGH,6.020052265303354,91.83989266159824,CRITICAL,Urgent stock replenishment required
FOODS_1_005_WI_1_validation,FOODS_1_005,FOODS_1,FOODS,WI_1,WI,d_1901,2,2016-04-12,11611,Tuesday,4,4,2016,,,,,0,1,1,3.54,0,2,5.0,6.0,3.0,1.414213562373092,0,1,2.5859807,1.414213562373092,6.173734688176991,24.275598549260977,3.1031768,HIGH,21.17242171706188,87.2168884903002,CRITICAL,Urgent stock replenishment required
FOODS_1_003_CA_3_validation,FOODS_1_003,FOODS_1,FOODS,CA_3,CA,d_1901,0,2016-04-12,11611,Tuesday,4,4,2016,,,,,0,1,1,3.23,0,2,0.0,0.0,1.1428571428571428,1.3451854182690985,0,1,0.91952735,1.3451854182690985,5.872393038617221,12.30908432279691,1.1034329,HIGH,11.205651429043858,91.0356216204527,CRITICAL,Urgent stock replenishment required
FOODS_1_003_WI_2_validation,FOODS_1_003,FOODS_1,FOODS,WI_2,WI,d_1901,0,2016-04-12,11611,Tuesday,4,4,2016,,,,,0,1,1,3.23,0,2,0.0,1.0,0.0,0.0,0,1,0.1766343,0.0,0.0,1.2364400625228882,0.21196117,HIGH,1.0244788974523544,82.857141927443,CRITICAL,Urgent stock replenishment required
FOODS_1_001_WI_2_validation,FOODS_1_001,FOODS_1,FOODS,WI_2,WI,d_1901,0,2016-04-12,11611,Tuesday,4,4,2016,,,,,0,1,1,2.24,0,2,0.0,1.0,0.5714285714285714,0.9759000729485333,0,1,0.7573818,0.9759000729485333,4.260281680828159,9.56195413947684,0.9088582,HIGH,8.65309595943076,90.49505815663944,CRITICAL,Urgent stock replenishment required
FOODS_1_006_CA_4_validation,FOODS_1_006,FOODS_1,FOODS,CA_4,CA,d_1901,1,2016-04-12,11611,Tuesday,4,4,2016,,,,,0,1,1,2.48,0,2,1.0,3.0,0.42857142857142855,0.5345224838248503,0,1,0.7488651,0.5345224838248503,2.3334523779156138,7.57550827085995,0.8986382,HIGH,6.676870082020991,88.13758553606664,CRITICAL,Urgent stock replenishment required
FOODS_1_004_WI_1_validation,FOODS_1_004,FOODS_1,FOODS,WI_1,WI,d_1901,0,2016-04-12,11611,Tuesday,4,4,2016,,,,,0,1,1,1.96,0,2,0.0,0.0,0.0,0.0,0,1,0.34899265,0.0,0.0,2.442948579788208,0.4187912,HIGH,2.024157375097275,82.85714205547296,CRITICAL,Urgent stock replenishment required
FOODS_1_002_CA_4_validation,FOODS_1_002,FOODS_1,FOODS,CA_4,CA,d_1901,0,2016-04-12,11611,Tuesday,4,4,2016,,,,,0,1,1,9.48,0,2,0.0,0.0,0.42857142857142855,1.133893419027682,0,1,0.40061697,1.133893419027682,4.950000000000001,7.75431890487671,0.4807404,HIGH,7.273578506708146,93.80035301532125,CRITICAL,Urgent stock replenishment required
FOODS_1_008_TX_3_validation,FOODS_1_008,FOODS_1,FOODS,TX_3,TX,d_1901,0,2016-04-12,11611,Tuesday,4,4,2016,,,,,0,1,1,3.54,0,2,0.0,0.0,0.0,0.0,0,1,0.14085762,0.0,0.0,0.9860033392906189,0.16902915,HIGH,0.8169741928577423,82.85714259806821,CRITICAL,Urgent stock replenishment required
FOODS_1_001_CA_4_validation,FOODS_1_001,FOODS_1,FOODS,CA_4,CA,d_1901,0,2016-04-12,11611,Tuesday,4,4,2016,,,,,0,1,1,2.24,0,2,0.0,0.0,0.14285714285714285,0.3779644730092273,0,1,0.43458158,0.3779644730092273,1.6500000000000004,4.692071104049683,0.5214979,HIGH,4.170573198795319,88.8855498203285,CRITICAL,Urgent stock replenishment required
FOODS_1_003_WI_3_validation,FOODS_1_003,FOODS_1,FOODS,WI_3,WI,d_1901,0,2016-04-12,11611,Tuesday,4,4,2016,,,,,0,1,1,3.23,0,2,0.0,1.0,0.0,0.0,0,1,0.1766343,0.0,0.0,1.2364400625228882,0.21196117,HIGH,1.0244788974523544,82.857141927443,CRITICAL,Urgent stock replenishment required
FOODS_1_008_CA_3_validation,FOODS_1_008,FOODS_1,FOODS,CA_3,CA,d_1901,0,2016-04-12,11611,Tuesday,4,4,2016,,,,,0,1,1,3.54,0,2,0.0,0.0,0.0,0.0,0,1,0.14085762,0.0,0.0,0.9860033392906189,0.16902915,HIGH,0.8169741928577423,82.85714259806821,CRITICAL,Urgent stock replenishment required
FOODS_1_006_CA_2_validation,FOODS_1_006,FOODS_1,FOODS,CA_2,CA,d_1901,0,2016-04-12,11611,Tuesday,4,4,2016,,,,,0,1,1,2.48,0,2,1.0,1.0,1.4285714285714286,0.7867957924694432,0,1,1.1367596,0.7867957924694432,3.434748899119119,11.392066251414041,1.3641117,HIGH,10.02795458950303,88.02577485237421,CRITICAL,Urgent stock replenishment required
FOODS_1_009_TX_2_validation,FOODS_1_009,FOODS_1,FOODS,TX_2,TX,d_1901,0,2016-04-12,11611,Tuesday,4,4,2016,,,,,0,1,1,2.24,0,2,0.0,0.0,0.0,0.0,0,1,0.13135263,0.0,0.0,0.9194684028625488,0.15762317,HIGH,0.7618452310562134,82.85714100499672,CRITICAL,Urgent stock replenishment required
FOODS_1_011_TX_2_validation,FOODS_1_011,FOODS_1,FOODS,TX_2,TX,d_1901,0,2016-04-12,11611,Tuesday,4,4,2016,,,,,0,1,1,2.68,0,2,0.0,0.0,0.14285714285714285,0.37796447300922725,0,1,0.36264923,0.37796447300922725,1.65,4.188544654846192,0.43517908,HIGH,3.7533655703067783,89.61025558039816,CRITICAL,Urgent stock replenishment required
FOODS_1_010_TX_2_validation,FOODS_1_010,FOODS_1,FOODS,TX_2,TX,d_1901,0,2016-04-12,11611,Tuesday,4,4,2016,,,,,0,1,1,6.27,0,2,0.0,1.0,0.14285714285714285,0.37796447300922453,0,1,0.3877791,0.37796447300922453,1.6499999999999881,4.364453697204578,0.46533492,HIGH,3.899118775129306,89.33807174141137,CRITICAL,Urgent stock replenishment required
FOODS_1_011_CA_3_validation,FOODS_1_011,FOODS_1,FOODS,CA_3,CA,d_1901,0,2016-04-12,11611,Tuesday,4,4,2016,,,,,0,1,1,2.68,0,2,0.0,0.0,2.4285714285714284,1.511857892036907,0,1,1.796768,1.511857892036907,6.599999999999992,19.177375411987295,2.1561217,HIGH,17.021253681182852,88.75695091489575,CRITICAL,Urgent stock replenishment required
FOODS_1_001_CA_2_validation,FOODS_1_001,FOODS_1,FOODS,CA_2,CA,d_1901,0,2016-04-12,11611,Tuesday,4,4,2016,,,,,0,1,1,2.24,0,2,1.0,2.0,0.42857142857142855,0.7867957924694432,0,1,0.7328763,0.7867957924694432,3.434748899119119,8.564883004801493,0.8794516,HIGH,7.6854314319064425,89.73189041342388,CRITICAL,Urgent stock replenishment required
FOODS_1_002_WI_1_validation,FOODS_1_002,FOODS_1,FOODS,WI_1,WI,d_1901,1,2016-04-12,11611,Tuesday,4,4,2016,,,,,0,1,1,9.48,0,2,2.0,3.0,1.0,1.000000000000001,0,1,0.9684051,1.000000000000001,4.365489663256579,11.144325436724596,1.1620862,HIGH,9.98223918832677,89.57239489284537,CRITICAL,Urgent stock replenishment required
FOODS_1_001_CA_1_validation,FOODS_1_001,FOODS_1,FOODS,CA_1,CA,d_1901,0,2016-04-12,11611,Tuesday,4,4,2016,,,,,0,1,1,2.24,0,2,1.0,0.0,1.2857142857142858,1.112697280528374,0,1,1.0641487,1.112697280528374,4.857468476480317,12.30650888938315,1.2769785,HIGH,11.029530396646333,89.62355202263358,CRITICAL,Urgent stock replenishment required
FOODS_1_006_WI_1_validation,FOODS_1_006,FOODS_1,FOODS,WI_1,WI,d_1901,0,2016-04-12,11611,Tuesday,4,4,2016,,,,,0,1,1,2.48,0,2,3.0,1.0,2.7142857142857144,2.4976179127511156,0,1,1.6910009,2.4976179127511156,10.903325180879456,22.740331749788147,2.0292013,HIGH,20.711130480638367,91.07664175053786,CRITICAL,Urgent stock replenishment required
FOODS_1_005_TX_3_validation,FOODS_1_005,FOODS_1,FOODS,TX_3,TX,d_1901,0,2016-04-12,11611,Tuesday,4,4,2016,,,,,0,1,1,3.54,0,2,1.0,1.0,0.8571428571428571,1.0690449676496971,0,1,0.82715815,1.0690449676496971,4.6669047558312124,10.457012006044835,0.99258983,HIGH,9.4644221746926,90.50790196302297,CRITICAL,Urgent stock replenishment required
FOODS_1_008_WI_3_validation,FOODS_1_008,FOODS_1,FOODS,WI_3,WI,d_1901,0,2016-04-12,11611,Tuesday,4,4,2016,,,,,0,1,1,3.54,0,2,0.0,0.0,0.2857142857142857,0.48795003647426666,0,1,0.38776743,0.48795003647426666,2.1301408404140796,4.844512998464617,0.46532094,HIGH,4.379192053678545,90.39488706225896,CRITICAL,Urgent stock replenishment required
FOODS_1_010_WI_3_validation,FOODS_1_010,FOODS_1,FOODS,WI_3,WI,d_1901,2,2016-04-12,11611,Tuesday,4,4,2016,,,,,0,1,1,6.77,0,2,0.0,0.0,0.5714285714285714,0.9759000729485331,0,1,0.5294485,0.9759000729485331,4.260281680828158,7.966421245342318,0.63533825,HIGH,7.331082998519961,92.02479724262865,CRITICAL,Urgent stock replenishment required
FOODS_1_005_CA_4_validation,FOODS_1_005,FOODS_1,FOODS,CA_4,CA,d_1901,2,2016-04-12,11611,Tuesday,4,4,2016,,,,,0,1,1,3.54,0,2,1.0,1.0,0.8571428571428571,1.4638501094227994,0,1,0.8079243,1.4638501094227994,6.390422521242235,12.045892415651416,0.9695092,HIGH,11.076383231290912,91.95153708079938,CRITICAL,Urgent stock replenishment required
FOODS_1_002_CA_3_validation,FOODS_1_002,FOODS_1,FOODS,CA_3,CA,d_1901,0,2016-04-12,11611,Tuesday,4,4,2016,,,,,0,1,1,9.48,0,2,0.0,0.0,0.2857142857142857,0.4879500364742667,0,1,0.3661268,0.4879500364742667,2.1301408404140796,4.693028509023699,0.43935218,HIGH,4.253676324489626,90.63819485244355,CRITICAL,Urgent stock replenishment required
FOODS_1_010_WI_2_validation,FOODS_1_010,FOODS_1,FOODS,WI_2,WI,d_1901,0,2016-04-12,11611,Tuesday,4,4,2016,,,,,0,1,1,6.77,0,2,1.0,0.0,0.8571428571428571,0.8997354108424375,0,1,0.6235819,0.8997354108424375,3.927785635698568,8.292858839739095,0.7482983,HIGH,7.544560552347432,90.97659441873238,CRITICAL,Urgent stock replenishment required
FOODS_1_006_CA_1_validation,FOODS_1_006,FOODS_1,FOODS,CA_1,CA,d_1901,0,2016-04-12,11611,Tuesday,4,4,2016,,,,,0,1,1,2.48,0,2,2.0,1.0,2.5714285714285716,2.699206232527312,0,1,1.599152,2.699206232527312,11.783356907095701,22.977421047415525,1.9189824,HIGH,21.058438660826475,91.64839960660034,CRITICAL,Urgent stock replenishment required
FOODS_1_002_CA_1_validation,FOODS_1_002,FOODS_1,FOODS,CA_1,CA,d_1901,0,2016-04-12,11611,Tuesday,4,4,2016,,,,,0,1,1,9.48,0,2,0.0,1.0,0.2857142857142857,0.4879500364742666,0,1,0.4435477,0.4879500364742666,2.1301408404140796,5.234974681737932,0.53225726,HIGH,4.702717422845873,89.83266794491243,CRITICAL,Urgent stock replenishment required
FOODS_1_009_WI_1_validation,FOODS_1_009,FOODS_1,FOODS,WI_1,WI,d_1901,0,2016-04-12,11611,Tuesday,4,4,2016,,,,,0,1,1,2.24,0,2,0.0,0.0,0.0,0.0,0,1,0.13135263,0.0,0.0,0.9194684028625488,0.15762317,HIGH,0.7618452310562134,82.85714100499672,CRITICAL,Urgent stock replenishment required
FOODS_1_011_WI_1_validation,FOODS_1_011,FOODS_1,FOODS,WI_1,WI,d_1901,1,2016-04-12,11611,Tuesday,4,4,2016,,,,,0,1,1,2.68,0,2,0.0,0.0,1.2857142857142858,1.6035674514745462,0,1,1.0010178,1.6035674514745462,7.00035713374682,14.007482034564692,1.2012215,HIGH,12.806260568500239,91.42442972191338,CRITICAL,Urgent stock replenishment required
FOODS_1_004_TX_1_validation,FOODS_1_004,FOODS_1,FOODS,TX_1,TX,d_1901,0,2016-04-12,11611,Tuesday,4,4,2016,,,,,0,1,1,1.96,0,2,0.0,0.0,0.0,0.0,0,1,0.34899265,0.0,0.0,2.442948579788208,0.4187912,HIGH,2.024157375097275,82.85714205547296,CRITICAL,Urgent stock replenishment required
FOODS_1_002_WI_2_validation,FOODS_1_002,FOODS_1,FOODS,WI_2,WI,d_1901,2,2016-04-12,11611,Tuesday,4,4,2016,,,,,0,1,1,9.48,0,2,1.0,0.0,0.5714285714285714,0.7867957924694432,0,1,0.468846,0.7867957924694432,3.434748899119119,6.716670762675028,0.5626152,HIGH,6.154055546896677,91.62359991046696,CRITICAL,Urgent stock replenishment required
FOODS_1_004_TX_2_validation,FOODS_1_004,FOODS_1,FOODS,TX_2,TX,d_1901,0,2016-04-12,11611,Tuesday,4,4,2016,,,,,0,1,1,1.96,0,2,0.0,0.0,0.0,0.0,0,1,0.34899265,0.0,0.0,2.442948579788208,0.4187912,HIGH,2.024157375097275,82.85714205547296,CRITICAL,Urgent stock replenishment required
FOODS_1_009_WI_2_validation,FOODS_1_009,FOODS_1,FOODS,WI_2,WI,d_1901,0,2016-04-12,11611,Tuesday,4,4,2016,,,,,0,1,1,2.24,0,2,0.0,0.0,0.0,0.0,0,1,0.13135263,0.0,0.0,0.9194684028625488,0.15762317,HIGH,0.7618452310562134,82.85714100499672,CRITICAL,Urgent stock replenishment required
FOODS_1_011_CA_1_validation,FOODS_1_011,FOODS_1,FOODS,CA_1,CA,d_1901,2,2016-04-12,11611,Tuesday,4,4,2016,,,,,0,1,1,2.68,0,2,1.0,1.0,0.5714285714285714,0.5345224838248488,0,1,0.65910167,0.5345224838248488,2.333452377915607,6.947164211869465,0.79092205,HIGH,6.156242166161762,88.61518136628489,CRITICAL,Urgent stock replenishment required
FOODS_1_006_TX_1_validation,FOODS_1_006,FOODS_1,FOODS,TX_1,TX,d_1901,0,2016-04-12,11611,Tuesday,4,4,2016,,,,,0,1,1,2.48,0,2,1.0,1.0,0.2857142857142857,0.4879500364742666,0,1,0.5218502,0.4879500364742666,2.1301408404140796,5.783092557790789,0.6262203,HIGH,5.156872271898302,89.17153271135417,CRITICAL,Urgent stock replenishment required
FOODS_1_003_CA_2_validation,FOODS_1_003,FOODS_1,FOODS,CA_2,CA,d_1901,1,2016-04-12,11611,Tuesday,4,4,2016,,,,,0,1,1,3.23,0,2,0.0,0.0,1.0,1.4142135623730951,0,1,0.8260354,1.4142135623730951,6.173734688177003,11.955982231511964,0.99124247,HIGH,10.964739763154878,91.70923434676489,CRITICAL,Urgent stock replenishment required
FOODS_1_001_CA_3_validation,FOODS_1_001,FOODS_1,FOODS,CA_3,CA,d_1901,0,2016-04-12,11611,Tuesday,4,4,2016,,,,,0,1,1,2.24,0,2,0.0,0.0,1.1428571428571428,1.4638501094228002,0,1,0.9352767,1.4638501094228002,6.3904225212422405,12.937359510072806,1.1223321,HIGH,11.815027413972953,91.32487510124439,CRITICAL,Urgent stock replenishment required
FOODS_1_005_CA_2_validation,FOODS_1_005,FOODS_1,FOODS,CA_2,CA,d_1901,10,2016-04-12,11611,Tuesday,4,4,2016,,,,,0,1,1,3.54,0,2,0.0,2.0,7.571428571428571,4.995235825502233,0,1,7.797249,4.995235825502233,21.80665036175892,76.38739224408314,9.356699,HIGH,67.03069325421498,87.75099042526494,CRITICAL,Urgent stock replenishment required
FOODS_1_010_CA_2_validation,FOODS_1_010,FOODS_1,FOODS,CA_2,CA,d_1901,0,2016-04-12,11611,Tuesday,4,4,2016,,,,,0,1,1,5.64,0,2,0.0,2.0,0.42857142857142855,0.5345224838248488,0,1,0.6380595,0.5345224838248488,2.333452377915607,6.7998687368633615,0.76567143,HIGH,6.034197304845081,88.7399086416561,CRITICAL,Urgent stock replenishment required
FOODS_1_011_WI_2_validation,FOODS_1_011,FOODS_1,FOODS,WI_2,WI,d_1901,0,2016-04-12,11611,Tuesday,4,4,2016,,,,,0,1,1,2.68,0,2,0.0,0.0,0.14285714285714285,0.3779644730092277,0,1,0.36264923,0.3779644730092277,1.650000000000002,4.1885446548461935,0.43517908,HIGH,3.75336557030678,89.61025558039816,CRITICAL,Urgent stock replenishment required
FOODS_1_011_CA_4_validation,FOODS_1_011,FOODS_1,FOODS,CA_4,CA,d_1901,2,2016-04-12,11611,Tuesday,4,4,2016,,,,,0,1,1,2.68,0,2,1.0,0.0,0.5714285714285714,0.7867957924694422,0,1,0.57657087,0.7867957924694422,3.434748899119115,7.470744859354711,0.69188505,HIGH,6.77885980524323,90.73874068600915,CRITICAL,Urgent stock replenishment required
FOODS_1_009_CA_3_validation,FOODS_1_009,FOODS_1,FOODS,CA_3,CA,d_1901,0,2016-04-12,11611,Tuesday,4,4,2016,,,,,0,1,1,1.98,0,2,0.0,0.0,0.0,0.0,0,1,0.13397686,0.0,0.0,0.9378380179405212,0.16077223,HIGH,0.77706578373909,82.85714258476268,CRITICAL,Urgent stock replenishment required
FOODS_1_003_TX_3_validation,FOODS_1_003,FOODS_1,FOODS,TX_3,TX,d_1901,0,2016-04-12,11611,Tuesday,4,4,2016,,,,,0,1,1,3.23,0,2,0.0,0.0,0.0,0.0,0,1,0.0946203,0.0,0.0,0.6623421311378479,0.11354437,HIGH,0.5487977638840675,82.85714256788698,CRITICAL,Urgent stock replenishment required
FOODS_1_005_TX_1_validation,FOODS_1_005,FOODS_1,FOODS,TX_1,TX,d_1901,1,2016-04-12,11611,Tuesday,4,4,2016,,,,,0,1,1,3.54,0,2,0.0,6.0,0.14285714285714285,0.37796447300922725,0,1,0.55948585,0.37796447300922725,1.65,5.5664009094238285,0.671383,HIGH,4.8950178861618046,87.93865130832774,CRITICAL,Urgent stock replenishment required
FOODS_1_003_TX_1_validation,FOODS_1_003,FOODS_1,FOODS,TX_1,TX,d_1901,1,2016-04-12,11611,Tuesday,4,4,2016,,,,,0,1,1,3.23,0,2,0.0,0.0,0.0,0.0,0,1,0.0946203,0.0,0.0,0.6623421311378479,0.11354437,HIGH,0.5487977638840675,82.85714256788698,CRITICAL,Urgent stock replenishment required
FOODS_1_010_CA_4_validation,FOODS_1_010,FOODS_1,FOODS,CA_4,CA,d_1901,0,2016-04-12,11611,Tuesday,4,4,2016,,,,,0,1,1,5.56,0,2,0.0,0.0,0.0,0.0,0,1,0.10841985,0.0,0.0,0.7589389681816101,0.13010383,HIGH,0.628835141658783,82.8571424083611,CRITICAL,Urgent stock replenishment required
FOODS_1_001_TX_1_validation,FOODS_1_001,FOODS_1,FOODS,TX_1,TX,d_1901,0,2016-04-12,11611,Tuesday,4,4,2016,,,,,0,1,1,2.24,0,2,1.0,1.0,0.14285714285714285,0.37796447300922725,0,1,0.472739,0.37796447300922725,1.65,4.959173107147217,0.56728685,HIGH,4.3918862581253055,88.5608580953883,CRITICAL,Urgent stock replenishment required
FOODS_1_008_TX_1_validation,FOODS_1_008,FOODS_1,FOODS,TX_1,TX,d_1901,0,2016-04-12,11611,Tuesday,4,4,2016,,,,,0,1,1,3.54,0,2,0.0,0.0,0.14285714285714285,0.37796447300922725,0,1,0.32644004,0.37796447300922725,1.65,3.9350801944732665,0.39172807,HIGH,3.5433521211147307,90.0452327780077,CRITICAL,Urgent stock replenishment required
FOODS_1_005_CA_1_validation,FOODS_1_005,FOODS_1,FOODS,CA_1,CA,d_1901,0,2016-04-12,11611,Tuesday,4,4,2016,,,,,0,1,1,3.54,0,2,0.0,3.0,1.0,1.2909944487357985,0,1,1.1056777,1.2909944487357985,5.635822921277748,13.375567107679116,1.3268133,HIGH,12.048753767492043,90.08032086037436,CRITICAL,Urgent stock replenishment required
FOODS_1_005_TX_2_validation,FOODS_1_005,FOODS_1,FOODS,TX_2,TX,d_1901,1,2016-04-12,11611,Tuesday,4,4,2016,,,,,0,1,1,3.54,0,2,2.0,0.0,0.7142857142857143,0.7559289460184528,0,1,0.595792,0.7559289460184528,3.2999999999999927,7.470544147491448,0.71495044,HIGH,6.7555937051773,90.4297407498191,CRITICAL,Urgent stock replenishment required
FOODS_1_008_WI_2_validation,FOODS_1_008,FOODS_1,FOODS,WI_2,WI,d_1901,1,2016-04-12,11611,Tuesday,4,4,2016,,,,,0,1,1,3.54,0,2,1.0,0.0,0.14285714285714285,0.37796447300922725,0,1,0.32644004,0.37796447300922725,1.65,3.9350801944732665,0.39172807,HIGH,3.5433521211147307,90.0452327780077,CRITICAL,Urgent stock replenishment required
FOODS_1_011_TX_1_validation,FOODS_1_011,FOODS_1,FOODS,TX_1,TX,d_1901,0,2016-04-12,11611,Tuesday,4,4,2016,,,,,0,1,1,2.68,0,2,0.0,0.0,0.14285714285714285,0.37796447300922725,0,1,0.36264923,0.37796447300922725,1.65,4.188544654846192,0.43517908,HIGH,3.7533655703067783,89.61025558039816,CRITICAL,Urgent stock replenishment required
FOODS_1_009_CA_1_validation,FOODS_1_009,FOODS_1,FOODS,CA_1,CA,d_1901,0,2016-04-12,11611,Tuesday,4,4,2016,,,,,0,1,1,2.24,0,2,0.0,0.0,0.0,0.0,0,1,0.13135263,0.0,0.0,0.9194684028625488,0.15762317,HIGH,0.7618452310562134,82.85714100499672,CRITICAL,Urgent stock replenishment required
FOODS_1_002_TX_2_validation,FOODS_1_002,FOODS_1,FOODS,TX_2,TX,d_1901,0,2016-04-12,11611,Tuesday,4,4,2016,,,,,0,1,1,9.48,0,2,0.0,0.0,0.2857142857142857,0.48795003647426666,0,1,0.3661268,0.48795003647426666,2.1301408404140796,4.693028509023699,0.43935218,HIGH,4.253676324489626,90.63819485244355,CRITICAL,Urgent stock replenishment required
FOODS_1_004_CA_1_validation,FOODS_1_004,FOODS_1,FOODS,CA_1,CA,d_1901,0,2016-04-12,11611,Tuesday,4,4,2016,,,,,0,1,1,1.96,0,2,0.0,0.0,0.0,0.0,0,1,0.34899265,0.0,0.0,2.442948579788208,0.4187912,HIGH,2.024157375097275,82.85714205547296,CRITICAL,Urgent stock replenishment required
FOODS_1_009_CA_2_validation,FOODS_1_009,FOODS_1,FOODS,CA_2,CA,d_1901,0,2016-04-12,11611,Tuesday,4,4,2016,,,,,0,1,1,2.24,0,2,0.0,0.0,0.0,0.0,0,1,0.13135263,0.0,0.0,0.9194684028625488,0.15762317,HIGH,0.7618452310562134,82.85714100499672,CRITICAL,Urgent stock replenishment required
FOODS_1_001_WI_1_validation,FOODS_1_001,FOODS_1,FOODS,WI_1,WI,d_1901,0,2016-04-12,11611,Tuesday,4,4,2016,,,,,0,1,1,2.24,0,2,0.0,0.0,0.2857142857142857,0.4879500364742666,0,1,0.5090247,0.4879500364742666,2.1301408404140796,5.693313657644304,0.61082965,HIGH,5.082484006288561,89.27110487693588,CRITICAL,Urgent stock replenishment required
FOODS_1_002_TX_3_validation,FOODS_1_002,FOODS_1,FOODS,TX_3,TX,d_1901,0,2016-04-12,11611,Tuesday,4,4,2016,,,,,0,1,1,9.48,0,2,0.0,1.0,0.42857142857142855,0.7867957924694432,0,1,0.5066356,0.7867957924694432,3.434748899119119,6.981198083536844,0.6079627,HIGH,6.373235355990152,91.29142705490054,CRITICAL,Urgent stock replenishment required
FOODS_1_006_CA_3_validation,FOODS_1_006,FOODS_1,FOODS,CA_3,CA,d_1901,0,2016-04-12,11611,Tuesday,4,4,2016,,,,,0,1,1,2.48,0,2,4.0,0.0,2.142857142857143,2.5448360411214077,0,1,1.4134951,2.5448360411214077,11.109455432198288,21.003920878670456,1.6961942,HIGH,19.30772670676494,91.92439268028282,CRITICAL,Urgent stock replenishment required
FOODS_1_003_TX_2_validation,FOODS_1_003,FOODS_1,FOODS,TX_2,TX,d_1901,1,2016-04-12,11611,Tuesday,4,4,2016,,,,,0,1,1,3.23,0,2,0.0,0.0,0.42857142857142855,0.5345224838248492,0,1,0.4702869,0.5345224838248492,2.333452377915609,5.625460777878988,0.5643443,HIGH,5.061116490960348,89.96803445616736,CRITICAL,Urgent stock replenishment required
FOODS_1_005_WI_3_validation,FOODS_1_005,FOODS_1,FOODS,WI_3,WI,d_1901,3,2016-04-12,11611,Tuesday,4,4,2016,,,,,0,1,1,3.54,0,2,1.0,3.0,1.0,0.8164965809277268,0,1,1.1536059,0.8164965809277268,3.5644073841243267,11.639648472991514,1.3843272,HIGH,10.255321299758482,88.10679569537511,CRITICAL,Urgent stock replenishment required
FOODS_1_008_CA_4_validation,FOODS_1_008,FOODS_1,FOODS,CA_4,CA,d_1901,0,2016-04-12,11611,Tuesday,4,4,2016,,,,,0,1,1,3.54,0,2,0.0,0.0,0.0,0.0,0,1,0.14085762,0.0,0.0,0.9860033392906189,0.16902915,HIGH,0.8169741928577423,82.85714259806821,CRITICAL,Urgent stock replenishment required
FOODS_1_011_CA_2_validation,FOODS_1_011,FOODS_1,FOODS,CA_2,CA,d_1901,1,2016-04-12,11611,Tuesday,4,4,2016,,,,,0,1,1,2.68,0,2,0.0,3.0,2.7142857142857144,2.1380899352993956,0,1,1.925495,2.1380899352993956,9.33380951166243,22.81227459192366,2.310594,HIGH,20.501680510045,89.87126832719832,CRITICAL,Urgent stock replenishment required
FOODS_1_009_TX_1_validation,FOODS_1_009,FOODS_1,FOODS,TX_1,TX,d_1901,0,2016-04-12,11611,Tuesday,4,4,2016,,,,,0,1,1,2.24,0,2,0.0,0.0,0.0,0.0,0,1,0.13135263,0.0,0.0,0.9194684028625488,0.15762317,HIGH,0.7618452310562134,82.85714100499672,CRITICAL,Urgent stock replenishment required
FOODS_1_005_WI_2_validation,FOODS_1_005,FOODS_1,FOODS,WI_2,WI,d_1901,8,2016-04-12,11611,Tuesday,4,4,2016,,,,,0,1,1,3.54,0,2,1.0,0.0,1.5714285714285714,0.786795792469438,0,1,1.2372833,0.786795792469438,3.434748899119096,12.09573198475142,1.48474,HIGH,10.610991965906816,87.72509162143842,CRITICAL,Urgent stock replenishment required
FOODS_1_008_WI_1_validation,FOODS_1_008,FOODS_1,FOODS,WI_1,WI,d_1901,0,2016-04-12,11611,Tuesday,4,4,2016,,,,,0,1,1,3.54,0,2,0.0,1.0,0.2857142857142857,0.4879500364742671,0,1,0.46496168,0.4879500364742671,2.1301408404140814,5.384872495534931,0.557954,HIGH,4.826918482187305,89.63849164840441,CRITICAL,Urgent stock replenishment required
FOODS_1_011_WI_3_validation,FOODS_1_011,FOODS_1,FOODS,WI_3,WI,d_1901,0,2016-04-12,11611,Tuesday,4,4,2016,,,,,0,1,1,2.68,0,2,0.0,0.0,0.0,0.0,0,1,0.10285172,0.0,0.0,0.7199620008468628,0.123422064,HIGH,0.5965399369597435,82.8571419405548,CRITICAL,Urgent stock replenishment required
FOODS_1_004_CA_2_validation,FOODS_1_004,FOODS_1,FOODS,CA_2,CA,d_1901,0,2016-04-12,11611,Tuesday,4,4,2016,,,,,0,1,1,1.96,0,2,0.0,0.0,0.0,0.0,0,1,0.34899265,0.0,0.0,2.442948579788208,0.4187912,HIGH,2.024157375097275,82.85714205547296,CRITICAL,Urgent stock replenishment required
FOODS_1_004_WI_3_validation,FOODS_1_004,FOODS_1,FOODS,WI_3,WI,d_1901,0,2016-04-12,11611,Tuesday,4,4,2016,,,,,0,1,1,1.96,0,2,0.0,0.0,0.0,4.272243734249905e-07,0,1,0.3723237,4.272243734249905e-07,1.8650435860780626e-06,2.6062676483535228,0.44678846,HIGH,2.159479188337272,82.85715358902208,CRITICAL,Urgent stock replenishment required
FOODS_1_006_TX_2_validation,FOODS_1_006,FOODS_1,FOODS,TX_2,TX,d_1901,2,2016-04-12,11611,Tuesday,4,4,2016,,,,,0,1,1,2.48,0,2,0.0,0.0,0.42857142857142855,0.7867957924694431,0,1,0.5355267,0.7867957924694431,3.4347488991191186,7.183435689585427,0.64263207,HIGH,6.5408036223819055,91.05397340529947,CRITICAL,Urgent stock replenishment required
FOODS_1_001_TX_3_validation,FOODS_1_001,FOODS_1,FOODS,TX_3,TX,d_1901,0,2016-04-12,11611,Tuesday,4,4,2016,,,,,0,1,1,2.24,0,2,1.0,0.0,0.7142857142857143,0.7559289460184546,0,1,0.7021877,0.7559289460184546,3.3000000000000007,8.215314197540284,0.8426253,HIGH,7.372688877582551,89.74323684162901,CRITICAL,Urgent stock replenishment required
FOODS_1_001_TX_2_validation,FOODS_1_001,FOODS_1,FOODS,TX_2,TX,d_1901,0,2016-04-12,11611,Tuesday,4,4,2016,,,,,0,1,1,2.24,0,2,0.0,0.0,0.2857142857142857,0.48795003647426666,0,1,0.5090247,0.48795003647426666,2.1301408404140796,5.693313657644304,0.61082965,HIGH,5.082484006288561,89.27110487693588,CRITICAL,Urgent stock replenishment required
FOODS_1_006_TX_3_validation,FOODS_1_006,FOODS_1,FOODS,TX_3,TX,d_1901,0,2016-04-12,11611,Tuesday,4,4,2016,,,,,0,1,1,2.48,0,2,1.0,0.0,1.4285714285714286,1.7182493859684491,0,1,1.1270922,1.7182493859684491,7.5009999333422215,15.390645509819272,1.3525107,HIGH,14.038134819130185,91.2121249896492,CRITICAL,Urgent stock replenishment required
FOODS_1_003_CA_4_validation,FOODS_1_003,FOODS_1,FOODS,CA_4,CA,d_1901,0,2016-04-12,11611,Tuesday,4,4,2016,,,,,0,1,1,3.23,0,2,1.0,0.0,0.42857142857142855,0.5345224838248488,0,1,0.4702869,0.5345224838248488,2.333452377915607,5.6254607778789865,0.5643443,HIGH,5.061116490960346,89.96803445616735,CRITICAL,Urgent stock replenishment required
FOODS_1_009_TX_3_validation,FOODS_1_009,FOODS_1,FOODS,TX_3,TX,d_1901,0,2016-04-12,11611,Tuesday,4,4,2016,,,,,0,1,1,2.24,0,2,0.0,0.0,0.0,0.0,0,1,0.13135263,0.0,0.0,0.9194684028625488,0.15762317,HIGH,0.7618452310562134,82.85714100499672,CRITICAL,Urgent stock replenishment required
FOODS_1_004_WI_2_validation,FOODS_1_004,FOODS_1,FOODS,WI_2,WI,d_1901,0,2016-04-12,11611,Tuesday,4,4,2016,,,,,0,1,1,1.96,0,2,0.0,0.0,0.0,7.389734084383283e-07,0,1,0.40907866,7.389734084383283e-07,3.2259807759590005e-06,2.8635538889751606,0.4908944,HIGH,2.3726594819412403,82.85716190207243,CRITICAL,Urgent stock replenishment required
FOODS_1_010_CA_1_validation,FOODS_1_010,FOODS_1,FOODS,CA_1,CA,d_1901,0,2016-04-12,11611,Tuesday,4,4,2016,,,,,0,1,1,5.64,0,2,1.0,1.0,0.5714285714285714,1.1338934190276817,0,1,0.5311773,1.1338934190276817,4.95,8.668240976333617,0.6374128,HIGH,8.030828189849853,92.64657283727973,CRITICAL,Urgent stock replenishment required
FOODS_1_004_CA_4_validation,FOODS_1_004,FOODS_1,FOODS,CA_4,CA,d_1901,0,2016-04-12,11611,Tuesday,4,4,2016,,,,,0,1,1,1.96,0,2,0.0,0.0,0.0,0.0,0,1,0.34899265,0.0,0.0,2.442948579788208,0.4187912,HIGH,2.024157375097275,82.85714205547296,CRITICAL,Urgent stock replenishment required
FOODS_1_010_TX_3_validation,FOODS_1_010,FOODS_1,FOODS,TX_3,TX,d_1901,0,2016-04-12,11611,Tuesday,4,4,2016,,,,,0,1,1,6.27,0,2,0.0,1.0,0.5714285714285714,0.975900072948534,0,1,0.6083154,0.975900072948534,4.260281680828162,8.518489478832311,0.7299785,HIGH,7.788510977035589,91.4306579398771,CRITICAL,Urgent stock replenishment required
FOODS_1_003_WI_1_validation,FOODS_1_003,FOODS_1,FOODS,WI_1,WI,d_1901,0,2016-04-12,11611,Tuesday,4,4,2016,,,,,0,1,1,3.23,0,2,1.0,0.0,1.8571428571428572,0.899735410842437,0,1,1.4677769,0.899735410842437,3.9277856356985663,14.202223540056476,1.7613324,HIGH,12.44089114736391,87.59819272154927,CRITICAL,Urgent stock replenishment required
FOODS_1_006_WI_2_validation,FOODS_1_006,FOODS_1,FOODS,WI_2,WI,d_1901,0,2016-04-12,11611,Tuesday,4,4,2016,,,,,0,1,1,2.48,0,2,2.0,1.0,1.7142857142857142,0.951189731211335,0,1,1.4005603,0.951189731211335,4.152408939398883,13.956330638922807,1.6806724,HIGH,12.275658231772539,87.95763406132669,CRITICAL,Urgent stock replenishment required
FOODS_1_004_TX_3_validation,FOODS_1_004,FOODS_1,FOODS,TX_3,TX,d_1901,0,2016-04-12,11611,Tuesday,4,4,2016,,,,,0,1,1,1.96,0,2,0.0,0.0,0.0,0.0,0,1,0.34899265,0.0,0.0,2.442948579788208,0.4187912,HIGH,2.024157375097275,82.85714205547296,CRITICAL,Urgent stock replenishment required
FOODS_1_009_CA_4_validation,FOODS_1_009,FOODS_1,FOODS,CA_4,CA,d_1901,0,2016-04-12,11611,Tuesday,4,4,2016,,,,,0,1,1,2.24,0,2,0.0,0.0,0.0,0.0,0,1,0.13135263,0.0,0.0,0.9194684028625488,0.15762317,HIGH,0.7618452310562134,82.85714100499672,CRITICAL,Urgent stock replenishment required
FOODS_1_010_CA_3_validation,FOODS_1_010,FOODS_1,FOODS,CA_3,CA,d_1901,0,2016-04-12,11611,Tuesday,4,4,2016,,,,,0,1,1,5.64,0,2,0.0,2.0,0.8571428571428571,1.0690449676496978,0,1,0.8138775,1.0690449676496978,4.666904755831215,10.364047356844399,0.97665304,HIGH,9.387394317388985,90.57652859130913,CRITICAL,Urgent stock replenishment required
FOODS_1_006_WI_3_validation,FOODS_1_006,FOODS_1,FOODS,WI_3,WI,d_1901,0,2016-04-12,11611,Tuesday,4,4,2016,,,,,0,1,1,2.48,0,2,2.0,1.0,4.142857142857143,10.10657494618514,0,1,1.2178898,10.10657494618514,44.120148458499095,52.645376958865306,1.4614677,HIGH,51.183909215945384,97.22393906674493,CRITICAL,Urgent stock replenishment required
FOODS_1_009_CA_4_validation,FOODS_1_009,FOODS_1,FOODS,CA_4,CA,d_1902,0,2016-04-13,11611,Wednesday,5,4,2016,,,,,0,1,0,2.24,0,2,0.0,0.0,0.0,0.0,0,1,0.13135263,0.0,0.0,0.9194684028625488,0.15762317,HIGH,0.7618452310562134,82.85714100499672,CRITICAL,Urgent stock replenishment required
FOODS_1_011_TX_3_validation,FOODS_1_011,FOODS_1,FOODS,TX_3,TX,d_1902,0,2016-04-13,11611,Wednesday,5,4,2016,,,,,0,1,0,2.68,0,2,0.0,1.0,0.14285714285714285,0.3779644730092273,0,1,0.42502818,0.3779644730092273,1.6500000000000004,4.625197315216065,0.51003385,HIGH,4.1151634693145756,88.97271162413828,CRITICAL,Urgent stock replenishment required
FOODS_1_010_CA_4_validation,FOODS_1_010,FOODS_1,FOODS,CA_4,CA,d_1902,0,2016-04-13,11611,Wednesday,5,4,2016,,,,,0,1,0,5.56,0,2,0.0,0.0,0.0,0.0,0,1,0.10841985,0.0,0.0,0.7589389681816101,0.13010383,HIGH,0.628835141658783,82.8571424083611,CRITICAL,Urgent stock replenishment required
FOODS_1_005_TX_3_validation,FOODS_1_005,FOODS_1,FOODS,TX_3,TX,d_1902,0,2016-04-13,11611,Wednesday,5,4,2016,,,,,0,1,0,3.54,0,2,0.0,1.0,0.7142857142857143,1.112697280528373,0,1,0.74945813,1.112697280528373,4.857468476480314,10.103675236886808,0.8993498,HIGH,9.204325428193876,91.09878546561396,CRITICAL,Urgent stock replenishment required
FOODS_1_005_TX_1_validation,FOODS_1_005,FOODS_1,FOODS,TX_1,TX,d_1902,0,2016-04-13,11611,Wednesday,5,4,2016,,,,,0,1,0,3.54,0,2,0.0,0.0,0.2857142857142857,0.4879500364742666,0,1,0.38776743,0.4879500364742666,2.1301408404140796,4.844512998464617,0.46532094,HIGH,4.379192053678545,90.39488706225896,CRITICAL,Urgent stock replenishment required
FOODS_1_003_WI_2_validation,FOODS_1_003,FOODS_1,FOODS,WI_2,WI,d_1902,0,2016-04-13,11611,Wednesday,5,4,2016,,,,,0,1,0,3.23,0,2,0.0,2.0,0.0,0.0,0,1,0.20844758,0.0,0.0,1.4591330289840698,0.2501371,HIGH,1.2089959383010864,82.85714285714286,CRITICAL,Urgent stock replenishment required
FOODS_1_009_TX_1_validation,FOODS_1_009,FOODS_1,FOODS,TX_1,TX,d_1902,0,2016-04-13,11611,Wednesday,5,4,2016,,,,,0,1,0,2.24,0,2,0.0,0.0,0.0,0.0,0,1,0.13135263,0.0,0.0,0.9194684028625488,0.15762317,HIGH,0.7618452310562134,82.85714100499672,CRITICAL,Urgent stock replenishment required
FOODS_1_008_TX_3_validation,FOODS_1_008,FOODS_1,FOODS,TX_3,TX,d_1902,0,2016-04-13,11611,Wednesday,5,4,2016,,,,,0,1,0,3.54,0,2,0.0,0.0,0.0,0.0,0,1,0.14085762,0.0,0.0,0.9860033392906189,0.16902915,HIGH,0.8169741928577423,82.85714259806821,CRITICAL,Urgent stock replenishment required
FOODS_1_008_WI_2_validation,FOODS_1_008,FOODS_1,FOODS,WI_2,WI,d_1902,0,2016-04-13,11611,Wednesday,5,4,2016,,,,,0,1,0,3.54,0,2,0.0,0.0,0.14285714285714285,0.37796447300922725,0,1,0.32644004,0.37796447300922725,1.65,3.9350801944732665,0.39172807,HIGH,3.5433521211147307,90.0452327780077,CRITICAL,Urgent stock replenishment required
FOODS_1_002_WI_1_validation,FOODS_1_002,FOODS_1,FOODS,WI_1,WI,d_1902,1,2016-04-13,11611,Wednesday,5,4,2016,,,,,0,1,0,9.48,0,2,2.0,0.0,0.8571428571428571,0.8997354108424389,0,1,0.5912838,0.8997354108424389,3.9277856356985743,8.066772223222989,0.7095406,HIGH,7.357231617677945,91.20415717822816,CRITICAL,Urgent stock replenishment required
FOODS_1_009_WI_3_validation,FOODS_1_009,FOODS_1,FOODS,WI_3,WI,d_1902,0,2016-04-13,11611,Wednesday,5,4,2016,,,,,0,1,0,2.24,0,2,0.0,0.0,0.0,0.0,0,1,0.13135263,0.0,0.0,0.9194684028625488,0.15762317,HIGH,0.7618452310562134,82.85714100499672,CRITICAL,Urgent stock replenishment required
FOODS_1_002_TX_2_validation,FOODS_1_002,FOODS_1,FOODS,TX_2,TX,d_1902,0,2016-04-13,11611,Wednesday,5,4,2016,,,,,0,1,0,9.48,0,2,0.0,0.0,0.2857142857142857,0.48795003647426666,0,1,0.3661268,0.48795003647426666,2.1301408404140796,4.693028509023699,0.43935218,HIGH,4.253676324489626,90.63819485244355,CRITICAL,Urgent stock replenishment required
FOODS_1_006_TX_3_validation,FOODS_1_006,FOODS_1,FOODS,TX_3,TX,d_1902,1,2016-04-13,11611,Wednesday,5,4,2016,,,,,0,1,0,2.48,0,2,2.0,0.0,1.2857142857142858,1.7994708216848745,0,1,0.98756623,1.7994708216848745,7.8555712713971335,14.768535138584634,1.1850796,HIGH,13.583455563999673,91.97564576673015,CRITICAL,Urgent stock replenishment required
FOODS_1_011_TX_2_validation,FOODS_1_011,FOODS_1,FOODS,TX_2,TX,d_1902,0,2016-04-13,11611,Wednesday,5,4,2016,,,,,0,1,0,2.68,0,2,0.0,0.0,0.14285714285714285,0.37796447300922725,0,1,0.36264923,0.37796447300922725,1.65,4.188544654846192,0.43517908,HIGH,3.7533655703067783,89.61025558039816,CRITICAL,Urgent stock replenishment required
FOODS_1_010_CA_1_validation,FOODS_1_010,FOODS_1,FOODS,CA_1,CA,d_1902,0,2016-04-13,11611,Wednesday,5,4,2016,,,,,0,1,0,5.64,0,2,3.0,0.0,0.42857142857142855,1.1338934190276817,0,1,0.38956705,1.1338934190276817,4.95,7.676969242095947,0.46748048,HIGH,7.2094887614250185,93.91061151961449,CRITICAL,Urgent stock replenishment required
FOODS_1_008_CA_2_validation,FOODS_1_008,FOODS_1,FOODS,CA_2,CA,d_1902,0,2016-04-13,11611,Wednesday,5,4,2016,,,,,0,1,0,3.54,0,2,0.0,0.0,0.2857142857142857,0.4879500364742666,0,1,0.38776743,0.4879500364742666,2.1301408404140796,4.844512998464617,0.46532094,HIGH,4.379192053678545,90.39488706225896,CRITICAL,Urgent stock replenishment required
FOODS_1_010_CA_3_validation,FOODS_1_010,FOODS_1,FOODS,CA_3,CA,d_1902,1,2016-04-13,11611,Wednesday,5,4,2016,,,,,0,1,0,5.64,0,2,1.0,0.0,0.8571428571428571,1.0690449676496978,0,1,0.57627225,1.0690449676496978,4.666904755831215,8.700810738802407,0.6915267,HIGH,8.009284027815315,92.05215776153896,CRITICAL,Urgent stock replenishment required
FOODS_1_003_TX_1_validation,FOODS_1_003,FOODS_1,FOODS,TX_1,TX,d_1902,0,2016-04-13,11611,Wednesday,5,4,2016,,,,,0,1,0,3.23,0,2,0.0,0.0,0.14285714285714285,0.37796447300922725,0,1,0.32626355,0.37796447300922725,1.65,3.9338449478149413,0.39151627,HIGH,3.542328679561615,90.04749110737589,CRITICAL,Urgent stock replenishment required
FOODS_1_011_WI_1_validation,FOODS_1_011,FOODS_1,FOODS,WI_1,WI,d_1902,2,2016-04-13,11611,Wednesday,5,4,2016,,,,,0,1,0,2.68,0,2,4.0,0.0,1.4285714285714286,1.5118578920369088,0,1,1.1221851,1.5118578920369088,6.6,14.455295658111572,1.3466222,HIGH,13.108673429489135,90.68422908481446,CRITICAL,Urgent stock replenishment required
FOODS_1_010_WI_2_validation,FOODS_1_010,FOODS_1,FOODS,WI_2,WI,d_1902,0,2016-04-13,11611,Wednesday,5,4,2016,,,,,0,1,0,6.77,0,2,1.0,0.0,0.7142857142857143,0.9511897312113419,0,1,0.5951508,0.9511897312113419,4.152408939398913,8.318464618720203,0.714181,HIGH,7.60428361276546,91.41450930322502,CRITICAL,Urgent stock replenishment required
FOODS_1_005_WI_1_validation,FOODS_1_005,FOODS_1,FOODS,WI_1,WI,d_1902,2,2016-04-13,11611,Wednesday,5,4,2016,,,,,0,1,0,3.54,0,2,4.0,2.0,2.5714285714285716,1.1338934190276782,0,1,2.1625144,1.1338934190276782,4.949999999999984,20.08760089874266,2.5950174,HIGH,17.492583465576157,87.08149646019235,CRITICAL,Urgent stock replenishment required
FOODS_1_002_CA_4_validation,FOODS_1_002,FOODS_1,FOODS,CA_4,CA,d_1902,0,2016-04-13,11611,Wednesday,5,4,2016,,,,,0,1,0,9.48,0,2,3.0,2.0,0.42857142857142855,1.133893419027682,0,1,0.5527,1.133893419027682,4.950000000000001,8.818899822235108,0.66324,HIGH,8.155659806728364,92.4793338298898,CRITICAL,Urgent stock replenishment required
FOODS_1_005_CA_4_validation,FOODS_1_005,FOODS_1,FOODS,CA_4,CA,d_1902,2,2016-04-13,11611,Wednesday,5,4,2016,,,,,0,1,0,3.54,0,2,1.0,1.0,1.0,1.5275252316519465,0,1,0.9307025,1.5275252316519465,6.668395609140178,13.183312982797403,1.1168431,HIGH,12.066469878434916,91.52835781248741,CRITICAL,Urgent stock replenishment required
FOODS_1_004_WI_3_validation,FOODS_1_004,FOODS_1,FOODS,WI_3,WI,d_1902,0,2016-04-13,11611,Wednesday,5,4,2016,,,,,0,1,0,1.96,0,2,0.0,0.0,0.0,4.272243734249905e-07,0,1,0.3723237,4.272243734249905e-07,1.8650435860780626e-06,2.6062676483535228,0.44678846,HIGH,2.159479188337272,82.85715358902208,CRITICAL,Urgent stock replenishment required
FOODS_1_009_WI_1_validation,FOODS_1_009,FOODS_1,FOODS,WI_1,WI,d_1902,0,2016-04-13,11611,Wednesday,5,4,2016,,,,,0,1,0,2.24,0,2,0.0,0.0,0.0,0.0,0,1,0.13135263,0.0,0.0,0.9194684028625488,0.15762317,HIGH,0.7618452310562134,82.85714100499672,CRITICAL,Urgent stock replenishment required
FOODS_1_003_CA_2_validation,FOODS_1_003,FOODS_1,FOODS,CA_2,CA,d_1902,2,2016-04-13,11611,Wednesday,5,4,2016,,,,,0,1,0,3.23,0,2,1.0,2.0,1.1428571428571428,1.3451854182690985,0,1,1.0969332,1.3451854182690985,5.872393038617221,13.550925639020054,1.31632,HIGH,12.234605696545689,90.28612526155403,CRITICAL,Urgent stock replenishment required
FOODS_1_008_CA_3_validation,FOODS_1_008,FOODS_1,FOODS,CA_3,CA,d_1902,0,2016-04-13,11611,Wednesday,5,4,2016,,,,,0,1,0,3.54,0,2,0.0,0.0,0.0,0.0,0,1,0.14085762,0.0,0.0,0.9860033392906189,0.16902915,HIGH,0.8169741928577423,82.85714259806821,CRITICAL,Urgent stock replenishment required
FOODS_1_011_WI_2_validation,FOODS_1_011,FOODS_1,FOODS,WI_2,WI,d_1902,0,2016-04-13,11611,Wednesday,5,4,2016,,,,,0,1,0,2.68,0,2,1.0,1.0,0.14285714285714285,0.3779644730092277,0,1,0.42502818,0.3779644730092277,1.650000000000002,4.625197315216067,0.51003385,HIGH,4.115163469314577,88.97271162413828,CRITICAL,Urgent stock replenishment required
FOODS_1_011_CA_2_validation,FOODS_1_011,FOODS_1,FOODS,CA_2,CA,d_1902,5,2016-04-13,11611,Wednesday,5,4,2016,,,,,0,1,0,2.68,0,2,5.0,5.0,2.857142857142857,1.9518001458970666,0,1,2.1766376,1.9518001458970666,8.520563361656318,23.757026908409248,2.6119652,HIGH,21.14506172896589,89.0055048154245,CRITICAL,Urgent stock replenishment required
FOODS_1_008_WI_1_validation,FOODS_1_008,FOODS_1,FOODS,WI_1,WI,d_1902,0,2016-04-13,11611,Wednesday,5,4,2016,,,,,0,1,0,3.54,0,2,0.0,0.0,0.2857142857142857,0.4879500364742671,0,1,0.38776743,0.4879500364742671,2.1301408404140814,4.8445129984646185,0.46532094,HIGH,4.379192053678547,90.39488706225896,CRITICAL,Urgent stock replenishment required
FOODS_1_002_WI_2_validation,FOODS_1_002,FOODS_1,FOODS,WI_2,WI,d_1902,0,2016-04-13,11611,Wednesday,5,4,2016,,,,,0,1,0,9.48,0,2,2.0,0.0,0.7142857142857143,0.951189731211342,0,1,0.55925614,0.951189731211342,4.152408939398913,8.06720195392528,0.6711074,HIGH,7.396094542540698,91.68103866473754,CRITICAL,Urgent stock replenishment required
FOODS_1_005_TX_2_validation,FOODS_1_005,FOODS_1,FOODS,TX_2,TX,d_1902,2,2016-04-13,11611,Wednesday,5,4,2016,,,,,0,1,0,3.54,0,2,0.0,0.0,0.5714285714285714,0.5345224838248464,0,1,0.5241951,0.5345224838248464,2.3334523779155965,6.002817783951974,0.6290341,HIGH,5.373783681988931,89.52101955110628,CRITICAL,Urgent stock replenishment required
FOODS_1_004_CA_2_validation,FOODS_1_004,FOODS_1,FOODS,CA_2,CA,d_1902,0,2016-04-13,11611,Wednesday,5,4,2016,,,,,0,1,0,1.96,0,2,0.0,0.0,0.0,0.0,0,1,0.34899265,0.0,0.0,2.442948579788208,0.4187912,HIGH,2.024157375097275,82.85714205547296,CRITICAL,Urgent stock replenishment required
FOODS_1_002_TX_3_validation,FOODS_1_002,FOODS_1,FOODS,TX_3,TX,d_1902,0,2016-04-13,11611,Wednesday,5,4,2016,,,,,0,1,0,9.48,0,2,0.0,0.0,0.42857142857142855,0.7867957924694432,0,1,0.42145976,0.7867957924694432,3.434748899119119,6.384967338221292,0.5057517,HIGH,5.879215609209757,92.07902402281628,CRITICAL,Urgent stock replenishment required
FOODS_1_006_CA_3_validation,FOODS_1_006,FOODS_1,FOODS,CA_3,CA,d_1902,0,2016-04-13,11611,Wednesday,5,4,2016,,,,,0,1,0,2.48,0,2,0.0,0.0,1.5714285714285714,2.507132682112035,0,1,1.105967,2.507132682112035,10.94486180817282,18.686631121985076,1.3271605,HIGH,17.359470644346832,92.89780769484543,CRITICAL,Urgent stock replenishment required
FOODS_1_004_WI_2_validation,FOODS_1_004,FOODS_1,FOODS,WI_2,WI,d_1902,0,2016-04-13,11611,Wednesday,5,4,2016,,,,,0,1,0,1.96,0,2,0.0,0.0,0.0,7.389734084383283e-07,0,1,0.40907866,7.389734084383283e-07,3.2259807759590005e-06,2.8635538889751606,0.4908944,HIGH,2.3726594819412403,82.85716190207243,CRITICAL,Urgent stock replenishment required
FOODS_1_004_CA_4_validation,FOODS_1_004,FOODS_1,FOODS,CA_4,CA,d_1902,0,2016-04-13,11611,Wednesday,5,4,2016,,,,,0,1,0,1.96,0,2,0.0,0.0,0.0,0.0,0,1,0.34899265,0.0,0.0,2.442948579788208,0.4187912,HIGH,2.024157375097275,82.85714205547296,CRITICAL,Urgent stock replenishment required
FOODS_1_003_WI_1_validation,FOODS_1_003,FOODS_1,FOODS,WI_1,WI,d_1902,0,2016-04-13,11611,Wednesday,5,4,2016,,,,,0,1,0,3.23,0,2,2.0,1.0,1.7142857142857142,1.1126972805283735,0,1,1.4037573,1.1126972805283735,4.8574684764803155,14.683770051187347,1.6845089,HIGH,12.999261131471465,88.52808976275361,CRITICAL,Urgent stock replenishment required
FOODS_1_004_TX_3_validation,FOODS_1_004,FOODS_1,FOODS,TX_3,TX,d_1902,0,2016-04-13,11611,Wednesday,5,4,2016,,,,,0,1,0,1.96,0,2,0.0,0.0,0.0,0.0,0,1,0.34899265,0.0,0.0,2.442948579788208,0.4187912,HIGH,2.024157375097275,82.85714205547296,CRITICAL,Urgent stock replenishment required
FOODS_1_001_TX_2_validation,FOODS_1_001,FOODS_1,FOODS,TX_2,TX,d_1902,0,2016-04-13,11611,Wednesday,5,4,2016,,,,,0,1,0,2.24,0,2,0.0,0.0,0.2857142857142857,0.48795003647426666,0,1,0.5090247,0.48795003647426666,2.1301408404140796,5.693313657644304,0.61082965,HIGH,5.082484006288561,89.27110487693588,CRITICAL,Urgent stock replenishment required
FOODS_1_001_TX_3_validation,FOODS_1_001,FOODS_1,FOODS,TX_3,TX,d_1902,0,2016-04-13,11611,Wednesday,5,4,2016,,,,,0,1,0,2.24,0,2,0.0,0.0,0.5714285714285714,0.7867957924694433,0,1,0.64257365,0.7867957924694433,3.4347488991191195,7.932764302866678,0.7710884,HIGH,7.161675881521921,90.27970084695309,CRITICAL,Urgent stock replenishment required
FOODS_1_006_TX_1_validation,FOODS_1_006,FOODS_1,FOODS,TX_1,TX,d_1902,0,2016-04-13,11611,Wednesday,5,4,2016,,,,,0,1,0,2.48,0,2,0.0,1.0,0.14285714285714285,0.3779644730092272,0,1,0.4162645,0.3779644730092272,1.65,4.5638514995574955,0.4995174,HIGH,4.064334088563919,89.0549153266269,CRITICAL,Urgent stock replenishment required
FOODS_1_003_TX_2_validation,FOODS_1_003,FOODS_1,FOODS,TX_2,TX,d_1902,0,2016-04-13,11611,Wednesday,5,4,2016,,,,,0,1,0,3.23,0,2,0.0,0.0,0.5714285714285714,0.5345224838248491,0,1,0.53154993,0.5345224838248491,2.3334523779156084,6.054301891923177,0.63785994,HIGH,5.416441951394307,89.46435192834016,CRITICAL,Urgent stock replenishment required
FOODS_1_005_WI_2_validation,FOODS_1_005,FOODS_1,FOODS,WI_2,WI,d_1902,1,2016-04-13,11611,Wednesday,5,4,2016,,,,,0,1,0,3.54,0,2,1.0,2.0,2.5714285714285716,2.5071326821120343,0,1,2.006904,2.5071326821120343,10.944861808172817,24.993189254156704,2.4082847,HIGH,22.58490459000265,90.364236273874,CRITICAL,Urgent stock replenishment required
FOODS_1_005_WI_3_validation,FOODS_1_005,FOODS_1,FOODS,WI_3,WI,d_1902,7,2016-04-13,11611,Wednesday,5,4,2016,,,,,0,1,0,3.54,0,2,2.0,2.0,1.2857142857142858,1.1126972805283744,0,1,1.1955974,1.1126972805283744,4.857468476480319,13.226650109475925,1.4347169,HIGH,11.791933169549777,89.15283213775892,CRITICAL,Urgent stock replenishment required
FOODS_1_008_CA_4_validation,FOODS_1_008,FOODS_1,FOODS,CA_4,CA,d_1902,1,2016-04-13,11611,Wednesday,5,4,2016,,,,,0,1,0,3.54,0,2,0.0,0.0,0.0,0.0,0,1,0.14085762,0.0,0.0,0.9860033392906189,0.16902915,HIGH,0.8169741928577423,82.85714259806821,CRITICAL,Urgent stock replenishment required
FOODS_1_006_WI_3_validation,FOODS_1_006,FOODS_1,FOODS,WI_3,WI,d_1902,1,2016-04-13,11611,Wednesday,5,4,2016,,,,,0,1,0,2.48,0,2,0.0,1.0,3.857142857142857,10.205040771249136,0,1,1.9792674,10.205040771249136,44.550000000000004,58.404871749877934,2.3751209,HIGH,56.02975087165833,95.9333514361761,CRITICAL,Urgent stock replenishment required
FOODS_1_006_TX_2_validation,FOODS_1_006,FOODS_1,FOODS,TX_2,TX,d_1902,0,2016-04-13,11611,Wednesday,5,4,2016,,,,,0,1,0,2.48,0,2,1.0,0.0,0.7142857142857143,0.9511897312113419,0,1,0.7094413,0.9511897312113419,4.152408939398913,9.11849818805614,0.8513296,HIGH,8.267168563403278,90.66370791444609,CRITICAL,Urgent stock replenishment required
FOODS_1_003_CA_4_validation,FOODS_1_003,FOODS_1,FOODS,CA_4,CA,d_1902,0,2016-04-13,11611,Wednesday,5,4,2016,,,,,0,1,0,3.23,0,2,0.0,0.0,0.2857142857142857,0.48795003647426666,0,1,0.3951223,0.48795003647426666,2.1301408404140796,4.895996868017229,0.47414675,HIGH,4.421850114467653,90.31562383859134,CRITICAL,Urgent stock replenishment required
FOODS_1_009_TX_3_validation,FOODS_1_009,FOODS_1,FOODS,TX_3,TX,d_1902,0,2016-04-13,11611,Wednesday,5,4,2016,,,,,0,1,0,2.24,0,2,0.0,0.0,0.0,0.0,0,1,0.13135263,0.0,0.0,0.9194684028625488,0.15762317,HIGH,0.7618452310562134,82.85714100499672,CRITICAL,Urgent stock replenishment required
FOODS_1_010_TX_3_validation,FOODS_1_010,FOODS_1,FOODS,TX_3,TX,d_1902,1,2016-04-13,11611,Wednesday,5,4,2016,,,,,0,1,0,6.27,0,2,0.0,0.0,0.5714285714285714,0.975900072948534,0,1,0.5294485,0.975900072948534,4.260281680828162,7.966421245342322,0.63533825,HIGH,7.331082998519965,92.02479724262867,CRITICAL,Urgent stock replenishment required
FOODS_1_001_WI_3_validation,FOODS_1_001,FOODS_1,FOODS,WI_3,WI,d_1902,0,2016-04-13,11611,Wednesday,5,4,2016,,,,,0,1,0,2.24,0,2,1.0,1.0,0.42857142857142855,0.5345224838248488,0,1,0.6498394,0.5345224838248488,2.333452377915607,6.882328186631428,0.7798073,HIGH,6.102520857453571,88.6694254032728,CRITICAL,Urgent stock replenishment required
FOODS_1_009_WI_2_validation,FOODS_1_009,FOODS_1,FOODS,WI_2,WI,d_1902,0,2016-04-13,11611,Wednesday,5,4,2016,,,,,0,1,0,2.24,0,2,0.0,0.0,0.0,0.0,0,1,0.13135263,0.0,0.0,0.9194684028625488,0.15762317,HIGH,0.7618452310562134,82.85714100499672,CRITICAL,Urgent stock replenishment required
FOODS_1_004_TX_2_validation,FOODS_1_004,FOODS_1,FOODS,TX_2,TX,d_1902,0,2016-04-13,11611,Wednesday,5,4,2016,,,,,0,1,0,1.96,0,2,0.0,0.0,0.0,0.0,0,1,0.34899265,0.0,0.0,2.442948579788208,0.4187912,HIGH,2.024157375097275,82.85714205547296,CRITICAL,Urgent stock replenishment required
FOODS_1_001_CA_3_validation,FOODS_1_001,FOODS_1,FOODS,CA_3,CA,d_1902,0,2016-04-13,11611,Wednesday,5,4,2016,,,,,0,1,0,2.24,0,2,1.0,0.0,1.1428571428571428,1.4638501094228002,0,1,0.9590039,1.4638501094228002,6.3904225212422405,13.103449998506644,1.1508048,HIGH,11.952645240434745,91.21754379035252,CRITICAL,Urgent stock replenishment required
FOODS_1_009_CA_3_validation,FOODS_1_009,FOODS_1,FOODS,CA_3,CA,d_1902,0,2016-04-13,11611,Wednesday,5,4,2016,,,,,0,1,0,1.98,0,2,0.0,0.0,0.0,0.0,0,1,0.13397686,0.0,0.0,0.9378380179405212,0.16077223,HIGH,0.77706578373909,82.85714258476268,CRITICAL,Urgent stock replenishment required
FOODS_1_003_TX_3_validation,FOODS_1_003,FOODS_1,FOODS,TX_3,TX,d_1902,0,2016-04-13,11611,Wednesday,5,4,2016,,,,,0,1,0,3.23,0,2,0.0,0.0,0.0,0.0,0,1,0.0946203,0.0,0.0,0.6623421311378479,0.11354437,HIGH,0.5487977638840675,82.85714256788698,CRITICAL,Urgent stock replenishment required
FOODS_1_001_TX_1_validation,FOODS_1_001,FOODS_1,FOODS,TX_1,TX,d_1902,0,2016-04-13,11611,Wednesday,5,4,2016,,,,,0,1,0,2.24,0,2,0.0,1.0,0.0,0.0,0,1,0.20345296,0.0,0.0,1.424170732498169,0.24414356,HIGH,1.1800271719694138,82.85714240872667,CRITICAL,Urgent stock replenishment required
FOODS_1_005_CA_1_validation,FOODS_1_005,FOODS_1,FOODS,CA_1,CA,d_1902,1,2016-04-13,11611,Wednesday,5,4,2016,,,,,0,1,0,3.54,0,2,0.0,2.0,1.0,1.2909944487357985,0,1,1.0074826,1.2909944487357985,5.635822921277748,12.688201575757729,1.2089792,HIGH,11.47922232675718,90.47162640203918,CRITICAL,Urgent stock replenishment required
FOODS_1_008_TX_1_validation,FOODS_1_008,FOODS_1,FOODS,TX_1,TX,d_1902,0,2016-04-13,11611,Wednesday,5,4,2016,,,,,0,1,0,3.54,0,2,0.0,0.0,0.14285714285714285,0.37796447300922725,0,1,0.32644004,0.37796447300922725,1.65,3.9350801944732665,0.39172807,HIGH,3.5433521211147307,90.0452327780077,CRITICAL,Urgent stock replenishment required
FOODS_1_011_TX_1_validation,FOODS_1_011,FOODS_1,FOODS,TX_1,TX,d_1902,0,2016-04-13,11611,Wednesday,5,4,2016,,,,,0,1,0,2.68,0,2,0.0,0.0,0.14285714285714285,0.37796447300922725,0,1,0.36264923,0.37796447300922725,1.65,4.188544654846192,0.43517908,HIGH,3.7533655703067783,89.61025558039816,CRITICAL,Urgent stock replenishment required
FOODS_1_009_CA_1_validation,FOODS_1_009,FOODS_1,FOODS,CA_1,CA,d_1902,0,2016-04-13,11611,Wednesday,5,4,2016,,,,,0,1,0,2.24,0,2,0.0,0.0,0.0,0.0,0,1,0.13135263,0.0,0.0,0.9194684028625488,0.15762317,HIGH,0.7618452310562134,82.85714100499672,CRITICAL,Urgent stock replenishment required
FOODS_1_011_CA_1_validation,FOODS_1_011,FOODS_1,FOODS,CA_1,CA,d_1902,0,2016-04-13,11611,Wednesday,5,4,2016,,,,,0,1,0,2.68,0,2,0.0,0.0,0.7142857142857143,0.7559289460184545,0,1,0.64492726,0.7559289460184545,3.3,7.814491081237793,0.7739127,HIGH,7.040578353404999,90.09644108890315,CRITICAL,Urgent stock replenishment required
FOODS_1_004_CA_1_validation,FOODS_1_004,FOODS_1,FOODS,CA_1,CA,d_1902,0,2016-04-13,11611,Wednesday,5,4,2016,,,,,0,1,0,1.96,0,2,0.0,0.0,0.0,0.0,0,1,0.34899265,0.0,0.0,2.442948579788208,0.4187912,HIGH,2.024157375097275,82.85714205547296,CRITICAL,Urgent stock replenishment required
FOODS_1_009_CA_2_validation,FOODS_1_009,FOODS_1,FOODS,CA_2,CA,d_1902,0,2016-04-13,11611,Wednesday,5,4,2016,,,,,0,1,0,2.24,0,2,0.0,0.0,0.0,0.0,0,1,0.13135263,0.0,0.0,0.9194684028625488,0.15762317,HIGH,0.7618452310562134,82.85714100499672,CRITICAL,Urgent stock replenishment required
FOODS_1_001_WI_1_validation,FOODS_1_001,FOODS_1,FOODS,WI_1,WI,d_1902,0,2016-04-13,11611,Wednesday,5,4,2016,,,,,0,1,0,2.24,0,2,0.0,0.0,0.2857142857142857,0.48795003647426666,0,1,0.5090247,0.48795003647426666,2.1301408404140796,5.693313657644304,0.61082965,HIGH,5.082484006288561,89.27110487693588,CRITICAL,Urgent stock replenishment required
FOODS_1_010_CA_2_validation,FOODS_1_010,FOODS_1,FOODS,CA_2,CA,d_1902,0,2016-04-13,11611,Wednesday,5,4,2016,,,,,0,1,0,5.64,0,2,0.0,0.0,0.42857142857142855,0.5345224838248488,0,1,0.44574195,0.5345224838248488,2.333452377915607,5.453646097779499,0.53489035,HIGH,4.918755744099842,90.19205969566961,CRITICAL,Urgent stock replenishment required
FOODS_1_005_CA_2_validation,FOODS_1_005,FOODS_1,FOODS,CA_2,CA,d_1902,9,2016-04-13,11611,Wednesday,5,4,2016,,,,,0,1,0,3.54,0,2,7.0,1.0,9.0,3.7416573867739444,0,1,7.7497015,3.7416573867739444,16.33416664540926,70.58207619130769,9.299643,HIGH,61.28243362844148,86.82435674226954,CRITICAL,Urgent stock replenishment required
FOODS_1_008_WI_3_validation,FOODS_1_008,FOODS_1,FOODS,WI_3,WI,d_1902,0,2016-04-13,11611,Wednesday,5,4,2016,,,,,0,1,0,3.54,0,2,1.0,0.0,0.2857142857142857,0.48795003647426666,0,1,0.38776743,0.48795003647426666,2.1301408404140796,4.844512998464617,0.46532094,HIGH,4.379192053678545,90.39488706225896,CRITICAL,Urgent stock replenishment required
FOODS_1_010_WI_3_validation,FOODS_1_010,FOODS_1,FOODS,WI_3,WI,d_1902,0,2016-04-13,11611,Wednesday,5,4,2016,,,,,0,1,0,6.77,0,2,2.0,0.0,0.8571428571428571,1.0690449676496976,0,1,0.60399175,1.0690449676496976,4.666904755831214,8.894847222567055,0.7247901,HIGH,8.170057126284096,91.85157340933188,CRITICAL,Urgent stock replenishment required
FOODS_1_002_CA_3_validation,FOODS_1_002,FOODS_1,FOODS,CA_3,CA,d_1902,1,2016-04-13,11611,Wednesday,5,4,2016,,,,,0,1,0,9.48,0,2,0.0,1.0,0.2857142857142857,0.4879500364742667,0,1,0.4435477,0.4879500364742667,2.1301408404140796,5.234974681737932,0.53225726,HIGH,4.702717422845873,89.83266794491243,CRITICAL,Urgent stock replenishment required
FOODS_1_006_CA_1_validation,FOODS_1_006,FOODS_1,FOODS,CA_1,CA,d_1902,0,2016-04-13,11611,Wednesday,5,4,2016,,,,,0,1,0,2.48,0,2,8.0,5.0,2.2857142857142856,2.8702082220799303,0,1,1.8885987,2.8702082220799303,12.529864324883965,25.750055326776057,2.2663186,HIGH,23.48373676712945,91.1987817855677,CRITICAL,Urgent stock replenishment required
FOODS_1_002_CA_1_validation,FOODS_1_002,FOODS_1,FOODS,CA_1,CA,d_1902,0,2016-04-13,11611,Wednesday,5,4,2016,,,,,0,1,0,9.48,0,2,1.0,1.0,0.2857142857142857,0.48795003647426666,0,1,0.4435477,0.48795003647426666,2.1301408404140796,5.234974681737932,0.53225726,HIGH,4.702717422845873,89.83266794491243,CRITICAL,Urgent stock replenishment required
FOODS_1_004_TX_1_validation,FOODS_1_004,FOODS_1,FOODS,TX_1,TX,d_1902,0,2016-04-13,11611,Wednesday,5,4,2016,,,,,0,1,0,1.96,0,2,0.0,0.0,0.0,0.0,0,1,0.34899265,0.0,0.0,2.442948579788208,0.4187912,HIGH,2.024157375097275,82.85714205547296,CRITICAL,Urgent stock replenishment required
FOODS_1_006_WI_2_validation,FOODS_1_006,FOODS_1,FOODS,WI_2,WI,d_1902,0,2016-04-13,11611,Wednesday,5,4,2016,,,,,0,1,0,2.48,0,2,0.0,1.0,1.4285714285714286,1.1338934190276762,0,1,1.1917454,1.1338934190276762,4.949999999999976,13.292217445373511,1.4300945,HIGH,11.862122964858985,89.24111431074817,CRITICAL,Urgent stock replenishment required
FOODS_1_002_TX_1_validation,FOODS_1_002,FOODS_1,FOODS,TX_1,TX,d_1902,0,2016-04-13,11611,Wednesday,5,4,2016,,,,,0,1,0,9.48,0,2,0.0,0.0,0.0,0.0,0,1,0.11765786,0.0,0.0,0.8236050605773926,0.14118944,HIGH,0.6824156194925308,82.85714259867707,CRITICAL,Urgent stock replenishment required
FOODS_1_008_TX_2_validation,FOODS_1_008,FOODS_1,FOODS,TX_2,TX,d_1902,0,2016-04-13,11611,Wednesday,5,4,2016,,,,,0,1,0,3.54,0,2,0.0,0.0,0.2857142857142857,0.7559289460184545,0,1,0.41517442,0.7559289460184545,3.3,6.206220912933349,0.49820933,HIGH,5.708011585474014,91.97242034325429,CRITICAL,Urgent stock replenishment required
FOODS_1_004_CA_3_validation,FOODS_1_004,FOODS_1,FOODS,CA_3,CA,d_1902,0,2016-04-13,11611,Wednesday,5,4,2016,,,,,0,1,0,1.5,0,2,0.0,0.0,0.0,0.0,0,1,0.6621903,0.0,0.0,4.635332107543945,0.79462844,HIGH,3.8407036662101746,82.85714113039447,CRITICAL,Urgent stock replenishment required
FOODS_1_009_TX_2_validation,FOODS_1_009,FOODS_1,FOODS,TX_2,TX,d_1902,0,2016-04-13,11611,Wednesday,5,4,2016,,,,,0,1,0,2.24,0,2,0.0,0.0,0.0,0.0,0,1,0.13135263,0.0,0.0,0.9194684028625488,0.15762317,HIGH,0.7618452310562134,82.85714100499672,CRITICAL,Urgent stock replenishment required
FOODS_1_003_WI_3_validation,FOODS_1_003,FOODS_1,FOODS,WI_3,WI,d_1902,0,2016-04-13,11611,Wednesday,5,4,2016,,,,,0,1,0,3.23,0,2,0.0,0.0,0.0,0.0,0,1,0.0946203,0.0,0.0,0.6623421311378479,0.11354437,HIGH,0.5487977638840675,82.85714256788698,CRITICAL,Urgent stock replenishment required
FOODS_1_001_WI_2_validation,FOODS_1_001,FOODS_1,FOODS,WI_2,WI,d_1902,3,2016-04-13,11611,Wednesday,5,4,2016,,,,,0,1,0,2.24,0,2,2.0,0.0,0.5714285714285714,0.9759000729485333,0,1,0.6923104,0.9759000729485333,4.260281680828159,9.10645449042899,0.8307725,HIGH,8.275681971317356,90.87710238946687,CRITICAL,Urgent stock replenishment required
FOODS_1_002_CA_2_validation,FOODS_1_002,FOODS_1,FOODS,CA_2,CA,d_1902,3,2016-04-13,11611,Wednesday,5,4,2016,,,,,0,1,0,9.48,0,2,2.0,0.0,0.7142857142857143,0.9511897312113419,0,1,0.55925614,0.9511897312113419,4.152408939398913,8.06720195392528,0.6711074,HIGH,7.396094542540698,91.68103866473754,CRITICAL,Urgent stock replenishment required
FOODS_1_006_CA_4_validation,FOODS_1_006,FOODS_1,FOODS,CA_4,CA,d_1902,2,2016-04-13,11611,Wednesday,5,4,2016,,,,,0,1,0,2.48,0,2,0.0,4.0,0.42857142857142855,0.5345224838248503,0,1,0.7656466,0.5345224838248503,2.3334523779156138,7.692978535294764,0.9187759,HIGH,6.774202619195216,88.0569546387751,CRITICAL,Urgent stock replenishment required
FOODS_1_010_WI_1_validation,FOODS_1_010,FOODS_1,FOODS,WI_1,WI,d_1902,2,2016-04-13,11611,Wednesday,5,4,2016,,,,,0,1,0,6.77,0,2,3.0,1.0,1.5714285714285714,1.5118578920369092,0,1,0.98075914,1.5118578920369092,6.600000000000001,13.465314006805421,1.176911,HIGH,12.288403010368349,91.25968398626087,CRITICAL,Urgent stock replenishment required
FOODS_1_011_WI_3_validation,FOODS_1_011,FOODS_1,FOODS,WI_3,WI,d_1902,0,2016-04-13,11611,Wednesday,5,4,2016,,,,,0,1,0,2.68,0,2,0.0,0.0,0.0,0.0,0,1,0.10285172,0.0,0.0,0.7199620008468628,0.123422064,HIGH,0.5965399369597435,82.8571419405548,CRITICAL,Urgent stock replenishment required
FOODS_1_011_CA_3_validation,FOODS_1_011,FOODS_1,FOODS,CA_3,CA,d_1902,1,2016-04-13,11611,Wednesday,5,4,2016,,,,,0,1,0,2.68,0,2,2.0,4.0,2.4285714285714284,1.511857892036907,0,1,2.0595562,1.511857892036907,6.599999999999992,21.0168939590454,2.4714675,HIGH,18.5454264640808,88.2405673275003,CRITICAL,Urgent stock replenishment required
FOODS_1_003_CA_3_validation,FOODS_1_003,FOODS_1,FOODS,CA_3,CA,d_1902,0,2016-04-13,11611,Wednesday,5,4,2016,,,,,0,1,0,3.23,0,2,0.0,2.0,1.1428571428571428,1.3451854182690985,0,1,1.0732058,1.3451854182690985,5.872393038617221,13.384833720074742,1.287847,HIGH,12.096986677991001,90.37831123630463,CRITICAL,Urgent stock replenishment required
FOODS_1_006_WI_1_validation,FOODS_1_006,FOODS_1,FOODS,WI_1,WI,d_1902,2,2016-04-13,11611,Wednesday,5,4,2016,,,,,0,1,0,2.48,0,2,3.0,1.0,2.2857142857142856,2.6903708365381975,0,1,1.5820156,2.6903708365381975,11.744786077234446,22.818895154688057,1.8984188,HIGH,20.920476370546517,91.68049648647639,CRITICAL,Urgent stock replenishment required
FOODS_1_010_TX_1_validation,FOODS_1_010,FOODS_1,FOODS,TX_1,TX,d_1902,2,2016-04-13,11611,Wednesday,5,4,2016,,,,,0,1,0,6.27,0,2,0.0,1.0,0.5714285714285714,0.7867957924694432,0,1,0.5899558,0.7867957924694432,3.434748899119119,7.564439546244364,0.707947,HIGH,6.8564925304820346,90.64111740950041,CRITICAL,Urgent stock replenishment required
FOODS_1_008_CA_1_validation,FOODS_1_008,FOODS_1,FOODS,CA_1,CA,d_1902,0,2016-04-13,11611,Wednesday,5,4,2016,,,,,0,1,0,3.54,0,2,0.0,0.0,0.14285714285714285,0.37796447300922725,0,1,0.32644004,0.37796447300922725,1.65,3.9350801944732665,0.39172807,HIGH,3.5433521211147307,90.0452327780077,CRITICAL,Urgent stock replenishment required
FOODS_1_005_CA_3_validation,FOODS_1_005,FOODS_1,FOODS,CA_3,CA,d_1902,1,2016-04-13,11611,Wednesday,5,4,2016,,,,,0,1,0,3.54,0,2,1.0,6.0,2.857142857142857,2.2677868380553625,0,1,2.2848568,2.2677868380553625,9.899999999999995,25.893997573852534,2.7418282,HIGH,23.15216937065124,89.41133675717201,CRITICAL,Urgent stock replenishment required
FOODS_1_002_WI_3_validation,FOODS_1_002,FOODS_1,FOODS,WI_3,WI,d_1902,0,2016-04-13,11611,Wednesday,5,4,2016,,,,,0,1,0,9.48,0,2,0.0,0.0,0.2857142857142857,0.48795003647426666,0,1,0.3661268,0.48795003647426666,2.1301408404140796,4.693028509023699,0.43935218,HIGH,4.253676324489626,90.63819485244355,CRITICAL,Urgent stock replenishment required
FOODS_1_006_CA_2_validation,FOODS_1_006,FOODS_1,FOODS,CA_2,CA,d_1902,1,2016-04-13,11611,Wednesday,5,4,2016,,,,,0,1,0,2.48,0,2,1.0,3.0,1.2857142857142858,0.9511897312113419,0,1,1.2859497,0.9511897312113419,4.152408939398913,13.154056888617664,1.5431397,HIGH,11.610917192496448,88.26871657019737,CRITICAL,Urgent stock replenishment required
FOODS_1_004_WI_1_validation,FOODS_1_004,FOODS_1,FOODS,WI_1,WI,d_1902,0,2016-04-13,11611,Wednesday,5,4,2016,,,,,0,1,0,1.96,0,2,0.0,0.0,0.0,0.0,0,1,0.34899265,0.0,0.0,2.442948579788208,0.4187912,HIGH,2.024157375097275,82.85714205547296,CRITICAL,Urgent stock replenishment required
FOODS_1_003_CA_1_validation,FOODS_1_003,FOODS_1,FOODS,CA_1,CA,d_1902,2,2016-04-13,11611,Wednesday,5,4,2016,,,,,0,1,0,3.23,0,2,1.0,1.0,0.5714285714285714,0.5345224838248492,0,1,0.6210132,0.5345224838248492,2.333452377915609,6.680545006394613,0.7452159,HIGH,5.935329113602865,88.84498357426786,CRITICAL,Urgent stock replenishment required
FOODS_1_001_CA_2_validation,FOODS_1_001,FOODS_1,FOODS,CA_2,CA,d_1902,2,2016-04-13,11611,Wednesday,5,4,2016,,,,,0,1,0,2.24,0,2,2.0,1.0,0.2857142857142857,0.7559289460184545,0,1,0.5685212,0.7559289460184545,3.3,7.279648351669311,0.68222547,HIGH,6.597422885894775,90.62831839098253,CRITICAL,Urgent stock replenishment required
FOODS_1_010_TX_2_validation,FOODS_1_010,FOODS_1,FOODS,TX_2,TX,d_1902,0,2016-04-13,11611,Wednesday,5,4,2016,,,,,0,1,0,6.27,0,2,0.0,1.0,0.14285714285714285,0.37796447300922453,0,1,0.3877791,0.37796447300922453,1.6499999999999881,4.364453697204578,0.46533492,HIGH,3.899118775129306,89.33807174141137,CRITICAL,Urgent stock replenishment required
FOODS_1_001_CA_1_validation,FOODS_1_001,FOODS_1,FOODS,CA_1,CA,d_1902,1,2016-04-13,11611,Wednesday,5,4,2016,,,,,0,1,0,2.24,0,2,3.0,0.0,1.1428571428571428,1.214985792587912,0,1,0.9654742,1.214985792587912,5.304007918546127,12.062327296445297,1.1585691,HIGH,10.903758198926376,90.39514457661627,CRITICAL,Urgent stock replenishment required
FOODS_1_011_CA_4_validation,FOODS_1_011,FOODS_1,FOODS,CA_4,CA,d_1902,0,2016-04-13,11611,Wednesday,5,4,2016,,,,,0,1,0,2.68,0,2,0.0,2.0,0.7142857142857143,0.9511897312113412,0,1,0.89163166,0.9511897312113412,4.152408939398909,10.393830638922836,1.0699581,HIGH,9.32387254814067,89.70583485577123,CRITICAL,Urgent stock replenishment required
FOODS_1_001_CA_4_validation,FOODS_1_001,FOODS_1,FOODS,CA_4,CA,d_1902,0,2016-04-13,11611,Wednesday,5,4,2016,,,,,0,1,0,2.24,0,2,1.0,0.0,0.14285714285714285,0.3779644730092273,0,1,0.43219453,0.3779644730092273,1.6500000000000004,4.675361776351929,0.5186335,HIGH,4.156728291511536,88.907094046419,CRITICAL,Urgent stock replenishment required
FOODS_1_005_CA_2_validation,FOODS_1_005,FOODS_1,FOODS,CA_2,CA,d_1903,13,2016-04-14,11611,Thursday,6,4,2016,,,,,0,0,1,3.54,0,2,4.0,5.0,9.285714285714286,3.6384193323605873,0,1,7.659842,3.6384193323605873,15.883481986013031,69.50237465569077,9.191811,HIGH,60.310564047780616,86.77482509993989,CRITICAL,Urgent stock replenishment required
FOODS_1_010_WI_3_validation,FOODS_1_010,FOODS_1,FOODS,WI_3,WI,d_1903,1,2016-04-14,11611,Thursday,6,4,2016,,,,,0,0,1,6.77,0,2,2.0,0.0,0.5714285714285714,0.9759000729485331,0,1,0.51838005,0.9759000729485331,4.260281680828158,7.8889418828545255,0.62205607,HIGH,7.266885815864627,92.11483521837259,CRITICAL,Urgent stock replenishment required
FOODS_1_009_WI_1_validation,FOODS_1_009,FOODS_1,FOODS,WI_1,WI,d_1903,0,2016-04-14,11611,Thursday,6,4,2016,,,,,0,0,1,2.24,0,2,0.0,0.0,0.0,0.0,0,1,0.13135263,0.0,0.0,0.9194684028625488,0.15762317,HIGH,0.7618452310562134,82.85714100499672,CRITICAL,Urgent stock replenishment required
FOODS_1_002_CA_3_validation,FOODS_1_002,FOODS_1,FOODS,CA_3,CA,d_1903,2,2016-04-14,11611,Thursday,6,4,2016,,,,,0,0,1,9.48,0,2,0.0,0.0,0.42857142857142855,0.5345224838248489,0,1,0.42145976,0.5345224838248489,2.3334523779156076,5.28367081701778,0.5057517,HIGH,4.777919088006245,90.42802349868963,CRITICAL,Urgent stock replenishment required
FOODS_1_005_CA_4_validation,FOODS_1_005,FOODS_1,FOODS,CA_4,CA,d_1903,1,2016-04-14,11611,Thursday,6,4,2016,,,,,0,0,1,3.54,0,2,0.0,1.0,1.1428571428571428,1.5735915849388862,0,1,1.0607524,1.5735915849388862,6.869497798238237,14.294764540944536,1.272903,HIGH,13.021861575398882,91.09532051472638,CRITICAL,Urgent stock replenishment required
FOODS_1_010_CA_2_validation,FOODS_1_010,FOODS_1,FOODS,CA_2,CA,d_1903,0,2016-04-14,11611,Thursday,6,4,2016,,,,,0,0,1,5.64,0,2,1.0,2.0,0.42857142857142855,0.5345224838248488,0,1,0.6380595,0.5345224838248488,2.333452377915607,6.7998687368633615,0.76567143,HIGH,6.034197304845081,88.7399086416561,CRITICAL,Urgent stock replenishment required
FOODS_1_001_WI_1_validation,FOODS_1_001,FOODS_1,FOODS,WI_1,WI,d_1903,0,2016-04-14,11611,Thursday,6,4,2016,,,,,0,0,1,2.24,0,2,0.0,0.0,0.2857142857142857,0.48795003647426666,0,1,0.5090247,0.48795003647426666,2.1301408404140796,5.693313657644304,0.61082965,HIGH,5.082484006288561,89.27110487693588,CRITICAL,Urgent stock replenishment required
FOODS_1_001_WI_2_validation,FOODS_1_001,FOODS_1,FOODS,WI_2,WI,d_1903,0,2016-04-14,11611,Thursday,6,4,2016,,,,,0,0,1,2.24,0,2,0.0,0.0,0.7142857142857143,1.2535663410560176,0,1,0.7076446,1.2535663410560176,5.47243090408641,10.425943095858871,0.84917355,HIGH,9.576769550021469,91.85518721874965,CRITICAL,Urgent stock replenishment required
FOODS_1_005_TX_1_validation,FOODS_1_005,FOODS_1,FOODS,TX_1,TX,d_1903,0,2016-04-14,11611,Thursday,6,4,2016,,,,,0,0,1,3.54,0,2,0.0,0.0,0.2857142857142857,0.48795003647426666,0,1,0.38776743,0.48795003647426666,2.1301408404140796,4.844512998464617,0.46532094,HIGH,4.379192053678545,90.39488706225896,CRITICAL,Urgent stock replenishment required
FOODS_1_011_WI_2_validation,FOODS_1_011,FOODS_1,FOODS,WI_2,WI,d_1903,4,2016-04-14,11611,Thursday,6,4,2016,,,,,0,0,1,2.68,0,2,0.0,1.0,0.0,0.0,0,1,0.18486577,0.0,0.0,1.294060468673706,0.22183894,HIGH,1.0722215324640274,82.85714295584322,CRITICAL,Urgent stock replenishment required
FOODS_1_009_CA_3_validation,FOODS_1_009,FOODS_1,FOODS,CA_3,CA,d_1903,0,2016-04-14,11611,Thursday,6,4,2016,,,,,0,0,1,1.98,0,2,0.0,0.0,0.0,0.0,0,1,0.13397686,0.0,0.0,0.9378380179405212,0.16077223,HIGH,0.77706578373909,82.85714258476268,CRITICAL,Urgent stock replenishment required
FOODS_1_003_CA_1_validation,FOODS_1_003,FOODS_1,FOODS,CA_1,CA,d_1903,0,2016-04-14,11611,Thursday,6,4,2016,,,,,0,0,1,3.23,0,2,1.0,0.0,0.7142857142857143,0.7559289460184548,0,1,0.60674345,0.7559289460184548,3.3000000000000016,7.547204303741457,0.7280922,HIGH,6.819112110137941,90.35282252472521,CRITICAL,Urgent stock replenishment required
FOODS_1_010_CA_4_validation,FOODS_1_010,FOODS_1,FOODS,CA_4,CA,d_1903,0,2016-04-14,11611,Thursday,6,4,2016,,,,,0,0,1,5.56,0,2,0.0,0.0,0.0,0.0,0,1,0.10841985,0.0,0.0,0.7589389681816101,0.13010383,HIGH,0.628835141658783,82.8571424083611,CRITICAL,Urgent stock replenishment required
FOODS_1_003_TX_3_validation,FOODS_1_003,FOODS_1,FOODS,TX_3,TX,d_1903,0,2016-04-14,11611,Thursday,6,4,2016,,,,,0,0,1,3.23,0,2,0.0,0.0,0.0,0.0,0,1,0.0946203,0.0,0.0,0.6623421311378479,0.11354437,HIGH,0.5487977638840675,82.85714256788698,CRITICAL,Urgent stock replenishment required
FOODS_1_001_TX_1_validation,FOODS_1_001,FOODS_1,FOODS,TX_1,TX,d_1903,0,2016-04-14,11611,Thursday,6,4,2016,,,,,0,0,1,2.24,0,2,0.0,1.0,0.0,0.0,0,1,0.20345296,0.0,0.0,1.424170732498169,0.24414356,HIGH,1.1800271719694138,82.85714240872667,CRITICAL,Urgent stock replenishment required
FOODS_1_010_TX_1_validation,FOODS_1_010,FOODS_1,FOODS,TX_1,TX,d_1903,1,2016-04-14,11611,Thursday,6,4,2016,,,,,0,0,1,6.27,0,2,0.0,0.0,0.8571428571428571,0.8997354108424372,0,1,0.6235819,0.8997354108424372,3.9277856356985668,8.292858839739093,0.7482983,HIGH,7.544560552347431,90.97659441873238,CRITICAL,Urgent stock replenishment required
FOODS_1_008_TX_1_validation,FOODS_1_008,FOODS_1,FOODS,TX_1,TX,d_1903,1,2016-04-14,11611,Thursday,6,4,2016,,,,,0,0,1,3.54,0,2,1.0,0.0,0.14285714285714285,0.37796447300922725,0,1,0.32644004,0.37796447300922725,1.65,3.9350801944732665,0.39172807,HIGH,3.5433521211147307,90.0452327780077,CRITICAL,Urgent stock replenishment required
FOODS_1_009_CA_2_validation,FOODS_1_009,FOODS_1,FOODS,CA_2,CA,d_1903,0,2016-04-14,11611,Thursday,6,4,2016,,,,,0,0,1,2.24,0,2,0.0,0.0,0.0,0.0,0,1,0.13135263,0.0,0.0,0.9194684028625488,0.15762317,HIGH,0.7618452310562134,82.85714100499672,CRITICAL,Urgent stock replenishment required
FOODS_1_011_TX_1_validation,FOODS_1_011,FOODS_1,FOODS,TX_1,TX,d_1903,0,2016-04-14,11611,Thursday,6,4,2016,,,,,0,0,1,2.68,0,2,0.0,1.0,0.14285714285714285,0.37796447300922725,0,1,0.42502818,0.37796447300922725,1.65,4.625197315216065,0.51003385,HIGH,4.1151634693145756,88.97271162413828,CRITICAL,Urgent stock replenishment required
FOODS_1_001_WI_3_validation,FOODS_1_001,FOODS_1,FOODS,WI_3,WI,d_1903,0,2016-04-14,11611,Thursday,6,4,2016,,,,,0,0,1,2.24,0,2,1.0,0.0,0.2857142857142857,0.48795003647426666,0,1,0.5090247,0.48795003647426666,2.1301408404140796,5.693313657644304,0.61082965,HIGH,5.082484006288561,89.27110487693588,CRITICAL,Urgent stock replenishment required
FOODS_1_009_CA_1_validation,FOODS_1_009,FOODS_1,FOODS,CA_1,CA,d_1903,0,2016-04-14,11611,Thursday,6,4,2016,,,,,0,0,1,2.24,0,2,0.0,0.0,0.0,0.0,0,1,0.13135263,0.0,0.0,0.9194684028625488,0.15762317,HIGH,0.7618452310562134,82.85714100499672,CRITICAL,Urgent stock replenishment required
FOODS_1_011_CA_1_validation,FOODS_1_011,FOODS_1,FOODS,CA_1,CA,d_1903,0,2016-04-14,11611,Thursday,6,4,2016,,,,,0,0,1,2.68,0,2,1.0,0.0,0.7142857142857143,0.7559289460184545,0,1,0.64492726,0.7559289460184545,3.3,7.814491081237793,0.7739127,HIGH,7.040578353404999,90.09644108890315,CRITICAL,Urgent stock replenishment required
FOODS_1_008_CA_1_validation,FOODS_1_008,FOODS_1,FOODS,CA_1,CA,d_1903,0,2016-04-14,11611,Thursday,6,4,2016,,,,,0,0,1,3.54,0,2,0.0,1.0,0.14285714285714285,0.37796447300922725,0,1,0.38881904,0.37796447300922725,1.65,4.371733331680298,0.46658286,HIGH,3.9051504671573642,89.32727984248756,CRITICAL,Urgent stock replenishment required
FOODS_1_003_WI_2_validation,FOODS_1_003,FOODS_1,FOODS,WI_2,WI,d_1903,0,2016-04-14,11611,Thursday,6,4,2016,,,,,0,0,1,3.23,0,2,0.0,0.0,0.0,0.0,0,1,0.0946203,0.0,0.0,0.6623421311378479,0.11354437,HIGH,0.5487977638840675,82.85714256788698,CRITICAL,Urgent stock replenishment required
FOODS_1_004_WI_1_validation,FOODS_1_004,FOODS_1,FOODS,WI_1,WI,d_1903,0,2016-04-14,11611,Thursday,6,4,2016,,,,,0,0,1,1.96,0,2,0.0,0.0,0.0,0.0,0,1,0.34899265,0.0,0.0,2.442948579788208,0.4187912,HIGH,2.024157375097275,82.85714205547296,CRITICAL,Urgent stock replenishment required
FOODS_1_003_CA_3_validation,FOODS_1_003,FOODS_1,FOODS,CA_3,CA,d_1903,0,2016-04-14,11611,Thursday,6,4,2016,,,,,0,0,1,3.23,0,2,0.0,0.0,1.1428571428571428,1.3451854182690985,0,1,0.91952735,1.3451854182690985,5.872393038617221,12.30908432279691,1.1034329,HIGH,11.205651429043858,91.0356216204527,CRITICAL,Urgent stock replenishment required
FOODS_1_011_TX_3_validation,FOODS_1_011,FOODS_1,FOODS,TX_3,TX,d_1903,1,2016-04-14,11611,Thursday,6,4,2016,,,,,0,0,1,2.68,0,2,0.0,0.0,0.14285714285714285,0.3779644730092273,0,1,0.36264923,0.3779644730092273,1.6500000000000004,4.188544654846192,0.43517908,HIGH,3.7533655703067783,89.61025558039816,CRITICAL,Urgent stock replenishment required
FOODS_1_002_CA_1_validation,FOODS_1_002,FOODS_1,FOODS,CA_1,CA,d_1903,1,2016-04-14,11611,Thursday,6,4,2016,,,,,0,0,1,9.48,0,2,0.0,1.0,0.14285714285714285,0.3779644730092273,0,1,0.3877791,0.3779644730092273,1.6500000000000004,4.36445369720459,0.46533492,HIGH,3.8991187751293186,89.33807174141138,CRITICAL,Urgent stock replenishment required
FOODS_1_005_CA_3_validation,FOODS_1_005,FOODS_1,FOODS,CA_3,CA,d_1903,2,2016-04-14,11611,Thursday,6,4,2016,,,,,0,0,1,3.54,0,2,0.0,0.0,2.857142857142857,2.2677868380553625,0,1,2.1072993,2.2677868380553625,9.899999999999995,24.65109481811523,2.5287592,HIGH,22.122335577011103,89.74179743430369,CRITICAL,Urgent stock replenishment required
FOODS_1_011_WI_1_validation,FOODS_1_011,FOODS_1,FOODS,WI_1,WI,d_1903,0,2016-04-14,11611,Thursday,6,4,2016,,,,,0,0,1,2.68,0,2,0.0,0.0,1.1428571428571428,1.0690449676496971,0,1,0.9610203,1.0690449676496971,4.6669047558312124,11.394046612978428,1.1532243,HIGH,10.240822263956517,89.87871132887655,CRITICAL,Urgent stock replenishment required
FOODS_1_005_WI_1_validation,FOODS_1_005,FOODS_1,FOODS,WI_1,WI,d_1903,3,2016-04-14,11611,Thursday,6,4,2016,,,,,0,0,1,3.54,0,2,3.0,6.0,2.2857142857142856,0.9511897312113378,0,1,2.2352722,0.9511897312113378,4.152408939398895,19.79931388477243,2.6823268,HIGH,17.116987091101777,86.4524255270602,CRITICAL,Urgent stock replenishment required
FOODS_1_005_WI_2_validation,FOODS_1_005,FOODS_1,FOODS,WI_2,WI,d_1903,1,2016-04-14,11611,Thursday,6,4,2016,,,,,0,0,1,3.54,0,2,2.0,1.0,2.5714285714285716,2.5071326821120343,0,1,1.9952601,2.5071326821120343,10.944861808172817,24.911682525030727,2.3943121,HIGH,22.51737038170492,90.38879794281237,CRITICAL,Urgent stock replenishment required
FOODS_1_006_CA_4_validation,FOODS_1_006,FOODS_1,FOODS,CA_4,CA,d_1903,0,2016-04-14,11611,Thursday,6,4,2016,,,,,0,0,1,2.48,0,2,1.0,0.0,0.7142857142857143,0.7559289460184557,0,1,0.6524972,0.7559289460184557,3.3000000000000056,7.8674800872802795,0.78299665,HIGH,7.084483432769781,90.04768177581529,CRITICAL,Urgent stock replenishment required
FOODS_1_005_WI_3_validation,FOODS_1_005,FOODS_1,FOODS,WI_3,WI,d_1903,1,2016-04-14,11611,Thursday,6,4,2016,,,,,0,0,1,3.54,0,2,0.0,1.0,2.0,2.4494897427831788,0,1,1.7449042,2.4494897427831788,10.693222152372972,22.907550918242112,2.0938852,HIGH,20.81366573490776,90.85941054629758,CRITICAL,Urgent stock replenishment required
FOODS_1_008_CA_4_validation,FOODS_1_008,FOODS_1,FOODS,CA_4,CA,d_1903,0,2016-04-14,11611,Thursday,6,4,2016,,,,,0,0,1,3.54,0,2,0.0,0.0,0.14285714285714285,0.37796447300922725,0,1,0.32644004,0.37796447300922725,1.65,3.9350801944732665,0.39172807,HIGH,3.5433521211147307,90.0452327780077,CRITICAL,Urgent stock replenishment required
FOODS_1_008_WI_1_validation,FOODS_1_008,FOODS_1,FOODS,WI_1,WI,d_1903,0,2016-04-14,11611,Thursday,6,4,2016,,,,,0,0,1,3.54,0,2,0.0,4.0,0.2857142857142857,0.4879500364742671,0,1,0.60281336,0.4879500364742671,2.1301408404140814,6.349834501150165,0.72337604,HIGH,5.626458465459858,88.60795449772306,CRITICAL,Urgent stock replenishment required
FOODS_1_006_WI_1_validation,FOODS_1_006,FOODS_1,FOODS,WI_1,WI,d_1903,0,2016-04-14,11611,Thursday,6,4,2016,,,,,0,0,1,2.48,0,2,1.0,1.0,2.142857142857143,2.672612419124244,0,1,1.3748316,2.672612419124244,11.667261889578034,21.291083148122958,1.6497979,HIGH,19.641285231710604,92.25122599477612,CRITICAL,Urgent stock replenishment required
FOODS_1_006_TX_2_validation,FOODS_1_006,FOODS_1,FOODS,TX_2,TX,d_1903,0,2016-04-14,11611,Thursday,6,4,2016,,,,,0,0,1,2.48,0,2,0.0,0.0,0.5714285714285714,0.9759000729485331,0,1,0.6369478,0.9759000729485331,4.260281680828158,8.718916534191195,0.7643374,HIGH,7.9545791137276325,91.23357337501493,CRITICAL,Urgent stock replenishment required
FOODS_1_005_TX_3_validation,FOODS_1_005,FOODS_1,FOODS,TX_3,TX,d_1903,1,2016-04-14,11611,Thursday,6,4,2016,,,,,0,0,1,3.54,0,2,1.0,2.0,0.7142857142857143,1.112697280528373,0,1,0.86352986,1.112697280528373,4.857468476480314,10.902177682107755,1.0362359,HIGH,9.865941753572294,90.49514731138447,CRITICAL,Urgent stock replenishment required
FOODS_1_009_TX_1_validation,FOODS_1_009,FOODS_1,FOODS,TX_1,TX,d_1903,0,2016-04-14,11611,Thursday,6,4,2016,,,,,0,0,1,2.24,0,2,0.0,0.0,0.0,0.0,0,1,0.13135263,0.0,0.0,0.9194684028625488,0.15762317,HIGH,0.7618452310562134,82.85714100499672,CRITICAL,Urgent stock replenishment required
FOODS_1_003_CA_4_validation,FOODS_1_003,FOODS_1,FOODS,CA_4,CA,d_1903,0,2016-04-14,11611,Thursday,6,4,2016,,,,,0,0,1,3.23,0,2,0.0,0.0,0.2857142857142857,0.48795003647426666,0,1,0.3951223,0.48795003647426666,2.1301408404140796,4.895996868017229,0.47414675,HIGH,4.421850114467653,90.31562383859134,CRITICAL,Urgent stock replenishment required
FOODS_1_006_WI_2_validation,FOODS_1_006,FOODS_1,FOODS,WI_2,WI,d_1903,3,2016-04-14,11611,Thursday,6,4,2016,,,,,0,0,1,2.48,0,2,1.0,2.0,1.4285714285714286,1.1338934190276762,0,1,1.2586125,1.1338934190276762,4.949999999999976,13.760287475585914,1.5103351,HIGH,12.24995238780973,89.02395687258799,CRITICAL,Urgent stock replenishment required
FOODS_1_002_TX_1_validation,FOODS_1_002,FOODS_1,FOODS,TX_1,TX,d_1903,0,2016-04-14,11611,Thursday,6,4,2016,,,,,0,0,1,9.48,0,2,0.0,0.0,0.0,0.0,0,1,0.11765786,0.0,0.0,0.8236050605773926,0.14118944,HIGH,0.6824156194925308,82.85714259867707,CRITICAL,Urgent stock replenishment required
FOODS_1_008_CA_2_validation,FOODS_1_008,FOODS_1,FOODS,CA_2,CA,d_1903,0,2016-04-14,11611,Thursday,6,4,2016,,,,,0,0,1,3.54,0,2,0.0,0.0,0.2857142857142857,0.48795003647426666,0,1,0.38776743,0.48795003647426666,2.1301408404140796,4.844512998464617,0.46532094,HIGH,4.379192053678545,90.39488706225896,CRITICAL,Urgent stock replenishment required
FOODS_1_002_WI_3_validation,FOODS_1_002,FOODS_1,FOODS,WI_3,WI,d_1903,0,2016-04-14,11611,Thursday,6,4,2016,,,,,0,0,1,9.48,0,2,0.0,0.0,0.2857142857142857,0.48795003647426666,0,1,0.3661268,0.48795003647426666,2.1301408404140796,4.693028509023699,0.43935218,HIGH,4.253676324489626,90.63819485244355,CRITICAL,Urgent stock replenishment required
FOODS_1_011_TX_2_validation,FOODS_1_011,FOODS_1,FOODS,TX_2,TX,d_1903,1,2016-04-14,11611,Thursday,6,4,2016,,,,,0,0,1,2.68,0,2,1.0,0.0,0.14285714285714285,0.37796447300922725,0,1,0.36264923,0.37796447300922725,1.65,4.188544654846192,0.43517908,HIGH,3.7533655703067783,89.61025558039816,CRITICAL,Urgent stock replenishment required
FOODS_1_003_TX_2_validation,FOODS_1_003,FOODS_1,FOODS,TX_2,TX,d_1903,0,2016-04-14,11611,Thursday,6,4,2016,,,,,0,0,1,3.23,0,2,0.0,2.0,0.5714285714285714,0.5345224838248491,0,1,0.7326988,0.5345224838248491,2.3334523779156084,7.462343845963704,0.8792386,HIGH,6.583105240464437,88.21766158664964,CRITICAL,Urgent stock replenishment required
FOODS_1_001_TX_3_validation,FOODS_1_001,FOODS_1,FOODS,TX_3,TX,d_1903,1,2016-04-14,11611,Thursday,6,4,2016,,,,,0,0,1,2.24,0,2,0.0,0.0,0.5714285714285714,0.7867957924694433,0,1,0.64257365,0.7867957924694433,3.4347488991191195,7.932764302866678,0.7710884,HIGH,7.161675881521921,90.27970084695309,CRITICAL,Urgent stock replenishment required
FOODS_1_001_TX_2_validation,FOODS_1_001,FOODS_1,FOODS,TX_2,TX,d_1903,1,2016-04-14,11611,Thursday,6,4,2016,,,,,0,0,1,2.24,0,2,0.0,3.0,0.2857142857142857,0.48795003647426666,0,1,0.66229326,0.48795003647426666,2.1301408404140796,6.76619344890407,0.79475194,HIGH,5.9714415067463245,88.25407597108426,CRITICAL,Urgent stock replenishment required
FOODS_1_006_CA_2_validation,FOODS_1_006,FOODS_1,FOODS,CA_2,CA,d_1903,2,2016-04-14,11611,Thursday,6,4,2016,,,,,0,0,1,2.48,0,2,3.0,0.0,1.2857142857142858,0.9511897312113419,0,1,1.0654397,0.9511897312113419,4.152408939398913,11.61048684696117,1.2785277,HIGH,10.331959110297351,88.98816429047118,CRITICAL,Urgent stock replenishment required
FOODS_1_004_TX_1_validation,FOODS_1_004,FOODS_1,FOODS,TX_1,TX,d_1903,0,2016-04-14,11611,Thursday,6,4,2016,,,,,0,0,1,1.96,0,2,0.0,0.0,0.0,0.0,0,1,0.34899265,0.0,0.0,2.442948579788208,0.4187912,HIGH,2.024157375097275,82.85714205547296,CRITICAL,Urgent stock replenishment required
FOODS_1_002_CA_4_validation,FOODS_1_002,FOODS_1,FOODS,CA_4,CA,d_1903,0,2016-04-14,11611,Thursday,6,4,2016,,,,,0,0,1,9.48,0,2,0.0,0.0,0.0,0.0,0,1,0.11765786,0.0,0.0,0.8236050605773926,0.14118944,HIGH,0.6824156194925308,82.85714259867707,CRITICAL,Urgent stock replenishment required
FOODS_1_004_TX_2_validation,FOODS_1_004,FOODS_1,FOODS,TX_2,TX,d_1903,0,2016-04-14,11611,Thursday,6,4,2016,,,,,0,0,1,1.96,0,2,0.0,0.0,0.0,0.0,0,1,0.34899265,0.0,0.0,2.442948579788208,0.4187912,HIGH,2.024157375097275,82.85714205547296,CRITICAL,Urgent stock replenishment required
FOODS_1_002_WI_2_validation,FOODS_1_002,FOODS_1,FOODS,WI_2,WI,d_1903,0,2016-04-14,11611,Thursday,6,4,2016,,,,,0,0,1,9.48,0,2,0.0,1.0,0.42857142857142855,0.7867957924694432,0,1,0.5066356,0.7867957924694432,3.434748899119119,6.981198083536844,0.6079627,HIGH,6.373235355990152,91.29142705490054,CRITICAL,Urgent stock replenishment required
FOODS_1_009_WI_2_validation,FOODS_1_009,FOODS_1,FOODS,WI_2,WI,d_1903,0,2016-04-14,11611,Thursday,6,4,2016,,,,,0,0,1,2.24,0,2,0.0,0.0,0.0,0.0,0,1,0.13135263,0.0,0.0,0.9194684028625488,0.15762317,HIGH,0.7618452310562134,82.85714100499672,CRITICAL,Urgent stock replenishment required
FOODS_1_011_CA_3_validation,FOODS_1_011,FOODS_1,FOODS,CA_3,CA,d_1903,3,2016-04-14,11611,Thursday,6,4,2016,,,,,0,0,1,2.68,0,2,4.0,0.0,2.2857142857142856,1.6035674514745446,0,1,1.7691079,1.6035674514745446,7.000357133746813,19.38411281764574,2.1229296,HIGH,17.261183244586658,89.04809524670874,CRITICAL,Urgent stock replenishment required
FOODS_1_010_WI_2_validation,FOODS_1_010,FOODS_1,FOODS,WI_2,WI,d_1903,1,2016-04-14,11611,Thursday,6,4,2016,,,,,0,0,1,6.77,0,2,2.0,0.0,0.5714285714285714,0.9759000729485333,0,1,0.51838005,0.9759000729485333,4.260281680828159,7.888941882854526,0.62205607,HIGH,7.266885815864628,92.1148352183726,CRITICAL,Urgent stock replenishment required
FOODS_1_010_TX_2_validation,FOODS_1_010,FOODS_1,FOODS,TX_2,TX,d_1903,0,2016-04-14,11611,Thursday,6,4,2016,,,,,0,0,1,6.27,0,2,0.0,1.0,0.14285714285714285,0.37796447300922453,0,1,0.3877791,0.37796447300922453,1.6499999999999881,4.364453697204578,0.46533492,HIGH,3.899118775129306,89.33807174141137,CRITICAL,Urgent stock replenishment required
FOODS_1_004_WI_2_validation,FOODS_1_004,FOODS_1,FOODS,WI_2,WI,d_1903,0,2016-04-14,11611,Thursday,6,4,2016,,,,,0,0,1,1.96,0,2,0.0,0.0,0.0,7.389734084383283e-07,0,1,0.40907866,7.389734084383283e-07,3.2259807759590005e-06,2.8635538889751606,0.4908944,HIGH,2.3726594819412403,82.85716190207243,CRITICAL,Urgent stock replenishment required
FOODS_1_010_CA_1_validation,FOODS_1_010,FOODS_1,FOODS,CA_1,CA,d_1903,0,2016-04-14,11611,Thursday,6,4,2016,,,,,0,0,1,5.64,0,2,0.0,0.0,0.0,0.0,0,1,0.10841985,0.0,0.0,0.7589389681816101,0.13010383,HIGH,0.628835141658783,82.8571424083611,CRITICAL,Urgent stock replenishment required
FOODS_1_009_WI_3_validation,FOODS_1_009,FOODS_1,FOODS,WI_3,WI,d_1903,0,2016-04-14,11611,Thursday,6,4,2016,,,,,0,0,1,2.24,0,2,0.0,0.0,0.0,0.0,0,1,0.13135263,0.0,0.0,0.9194684028625488,0.15762317,HIGH,0.7618452310562134,82.85714100499672,CRITICAL,Urgent stock replenishment required
FOODS_1_009_CA_4_validation,FOODS_1_009,FOODS_1,FOODS,CA_4,CA,d_1903,0,2016-04-14,11611,Thursday,6,4,2016,,,,,0,0,1,2.24,0,2,0.0,0.0,0.0,0.0,0,1,0.13135263,0.0,0.0,0.9194684028625488,0.15762317,HIGH,0.7618452310562134,82.85714100499672,CRITICAL,Urgent stock replenishment required
FOODS_1_010_CA_3_validation,FOODS_1_010,FOODS_1,FOODS,CA_3,CA,d_1903,1,2016-04-14,11611,Thursday,6,4,2016,,,,,0,0,1,5.64,0,2,0.0,0.0,0.8571428571428571,1.0690449676496978,0,1,0.57627225,1.0690449676496978,4.666904755831215,8.700810738802407,0.6915267,HIGH,8.009284027815315,92.05215776153896,CRITICAL,Urgent stock replenishment required
FOODS_1_004_TX_3_validation,FOODS_1_004,FOODS_1,FOODS,TX_3,TX,d_1903,0,2016-04-14,11611,Thursday,6,4,2016,,,,,0,0,1,1.96,0,2,0.0,0.0,0.0,0.0,0,1,0.34899265,0.0,0.0,2.442948579788208,0.4187912,HIGH,2.024157375097275,82.85714205547296,CRITICAL,Urgent stock replenishment required
FOODS_1_009_TX_2_validation,FOODS_1_009,FOODS_1,FOODS,TX_2,TX,d_1903,0,2016-04-14,11611,Thursday,6,4,2016,,,,,0,0,1,2.24,0,2,0.0,0.0,0.0,0.0,0,1,0.13135263,0.0,0.0,0.9194684028625488,0.15762317,HIGH,0.7618452310562134,82.85714100499672,CRITICAL,Urgent stock replenishment required
FOODS_1_002_CA_2_validation,FOODS_1_002,FOODS_1,FOODS,CA_2,CA,d_1903,0,2016-04-14,11611,Thursday,6,4,2016,,,,,0,0,1,9.48,0,2,0.0,0.0,0.8571428571428571,1.2149857925879117,0,1,0.53611195,1.2149857925879117,5.304007918546126,9.056791693875716,0.6433344,HIGH,8.413457305142806,92.89666351531592,CRITICAL,Urgent stock replenishment required
FOODS_1_011_CA_4_validation,FOODS_1_011,FOODS_1,FOODS,CA_4,CA,d_1903,0,2016-04-14,11611,Thursday,6,4,2016,,,,,0,0,1,2.68,0,2,2.0,4.0,0.7142857142857143,0.9511897312113412,0,1,1.0341198,0.9511897312113412,4.152408939398909,11.391248088874008,1.2409439,HIGH,10.150304180182601,89.10616379338228,CRITICAL,Urgent stock replenishment required
FOODS_1_003_TX_1_validation,FOODS_1_003,FOODS_1,FOODS,TX_1,TX,d_1903,0,2016-04-14,11611,Thursday,6,4,2016,,,,,0,0,1,3.23,0,2,0.0,0.0,0.14285714285714285,0.37796447300922725,0,1,0.32626355,0.37796447300922725,1.65,3.9338449478149413,0.39151627,HIGH,3.542328679561615,90.04749110737589,CRITICAL,Urgent stock replenishment required
FOODS_1_008_CA_3_validation,FOODS_1_008,FOODS_1,FOODS,CA_3,CA,d_1903,0,2016-04-14,11611,Thursday,6,4,2016,,,,,0,0,1,3.54,0,2,0.0,0.0,0.0,0.0,0,1,0.14085762,0.0,0.0,0.9860033392906189,0.16902915,HIGH,0.8169741928577423,82.85714259806821,CRITICAL,Urgent stock replenishment required
FOODS_1_001_CA_3_validation,FOODS_1_001,FOODS_1,FOODS,CA_3,CA,d_1903,0,2016-04-14,11611,Thursday,6,4,2016,,,,,0,0,1,2.24,0,2,0.0,0.0,1.0,1.5275252316519472,0,1,0.8715475,1.5275252316519472,6.6683956091401795,12.769228071450971,1.0458571,HIGH,11.723370999574446,91.80955132115763,CRITICAL,Urgent stock replenishment required
FOODS_1_003_WI_1_validation,FOODS_1_003,FOODS_1,FOODS,WI_1,WI,d_1903,0,2016-04-14,11611,Thursday,6,4,2016,,,,,0,0,1,3.23,0,2,3.0,2.0,1.4285714285714286,1.2724180205607036,0,1,1.283352,1.2724180205607036,5.554727716099143,14.538191957126976,1.5400225,HIGH,12.998169464718224,89.40705627666586,CRITICAL,Urgent stock replenishment required
FOODS_1_011_CA_2_validation,FOODS_1_011,FOODS_1,FOODS,CA_2,CA,d_1903,3,2016-04-14,11611,Thursday,6,4,2016,,,,,0,0,1,2.68,0,2,2.0,1.0,2.857142857142857,1.9518001458970669,0,1,1.9945431,1.9518001458970669,8.520563361656318,22.482364890586982,2.3934517,HIGH,20.088913199913154,89.35409285312362,CRITICAL,Urgent stock replenishment required
FOODS_1_003_CA_2_validation,FOODS_1_003,FOODS_1,FOODS,CA_2,CA,d_1903,1,2016-04-14,11611,Thursday,6,4,2016,,,,,0,0,1,3.23,0,2,0.0,2.0,1.2857142857142858,1.3801311186847085,0,1,1.1302412,1.3801311186847085,6.024948132556828,13.936635983508976,1.3562894,HIGH,12.580346596759709,90.2681724029088,CRITICAL,Urgent stock replenishment required
FOODS_1_006_CA_1_validation,FOODS_1_006,FOODS_1,FOODS,CA_1,CA,d_1903,2,2016-04-14,11611,Thursday,6,4,2016,,,,,0,0,1,2.48,0,2,3.0,1.0,1.1428571428571428,1.4638501094227991,0,1,0.9991651,1.4638501094227991,6.390422521242235,13.384578405031299,1.1989982,HIGH,12.185580192216968,91.04194262582358,CRITICAL,Urgent stock replenishment required
FOODS_1_006_TX_1_validation,FOODS_1_006,FOODS_1,FOODS,TX_1,TX,d_1903,1,2016-04-14,11611,Thursday,6,4,2016,,,,,0,0,1,2.48,0,2,0.0,0.0,0.14285714285714285,0.3779644730092272,0,1,0.35221353,0.3779644730092272,1.65,4.115494632720948,0.42265627,HIGH,3.692838364839554,89.73012224287716,CRITICAL,Urgent stock replenishment required
FOODS_1_004_CA_1_validation,FOODS_1_004,FOODS_1,FOODS,CA_1,CA,d_1903,0,2016-04-14,11611,Thursday,6,4,2016,,,,,0,0,1,1.96,0,2,0.0,0.0,0.0,0.0,0,1,0.34899265,0.0,0.0,2.442948579788208,0.4187912,HIGH,2.024157375097275,82.85714205547296,CRITICAL,Urgent stock replenishment required
FOODS_1_006_WI_3_validation,FOODS_1_006,FOODS_1,FOODS,WI_3,WI,d_1903,0,2016-04-14,11611,Thursday,6,4,2016,,,,,0,0,1,2.48,0,2,0.0,4.0,4.0,10.14889156509222,0,1,2.4644163,10.14889156509222,44.30488122092192,61.55579484091704,2.9572997,HIGH,58.59849513159697,95.19574116951487,CRITICAL,Urgent stock replenishment required
FOODS_1_003_WI_3_validation,FOODS_1_003,FOODS_1,FOODS,WI_3,WI,d_1903,0,2016-04-14,11611,Thursday,6,4,2016,,,,,0,0,1,3.23,0,2,0.0,0.0,0.0,0.0,0,1,0.0946203,0.0,0.0,0.6623421311378479,0.11354437,HIGH,0.5487977638840675,82.85714256788698,CRITICAL,Urgent stock replenishment required
FOODS_1_010_WI_1_validation,FOODS_1_010,FOODS_1,FOODS,WI_1,WI,d_1903,3,2016-04-14,11611,Thursday,6,4,2016,,,,,0,0,1,6.77,0,2,4.0,3.0,1.4285714285714286,1.3972762620115444,0,1,1.120631,1.3972762620115444,6.099795078525182,13.944211696872351,1.3447572,HIGH,12.599454497584937,90.35616190774671,CRITICAL,Urgent stock replenishment required
FOODS_1_010_TX_3_validation,FOODS_1_010,FOODS_1,FOODS,TX_3,TX,d_1903,1,2016-04-14,11611,Thursday,6,4,2016,,,,,0,0,1,6.27,0,2,0.0,3.0,0.7142857142857143,0.9511897312113425,0,1,0.85140264,0.9511897312113425,4.152408939398915,10.112227302588613,1.0216832,HIGH,9.090544086493642,89.89655606501812,CRITICAL,Urgent stock replenishment required
FOODS_1_009_TX_3_validation,FOODS_1_009,FOODS_1,FOODS,TX_3,TX,d_1903,0,2016-04-14,11611,Thursday,6,4,2016,,,,,0,0,1,2.24,0,2,0.0,0.0,0.0,0.0,0,1,0.13135263,0.0,0.0,0.9194684028625488,0.15762317,HIGH,0.7618452310562134,82.85714100499672,CRITICAL,Urgent stock replenishment required
FOODS_1_001_CA_2_validation,FOODS_1_001,FOODS_1,FOODS,CA_2,CA,d_1903,0,2016-04-14,11611,Thursday,6,4,2016,,,,,0,0,1,2.24,0,2,0.0,0.0,0.2857142857142857,0.7559289460184545,0,1,0.5284659,0.7559289460184545,3.3,6.999261426925659,0.63415915,HIGH,6.365102279186249,90.93962763985574,CRITICAL,Urgent stock replenishment required
FOODS_1_005_CA_1_validation,FOODS_1_005,FOODS_1,FOODS,CA_1,CA,d_1903,2,2016-04-14,11611,Thursday,6,4,2016,,,,,0,0,1,3.54,0,2,3.0,1.0,1.1428571428571428,1.214985792587904,0,1,1.0102775,1.214985792587904,5.304007918546091,12.37595024795283,1.2123331,HIGH,11.163617164800058,90.20412122815935,CRITICAL,Urgent stock replenishment required
FOODS_1_005_TX_2_validation,FOODS_1_005,FOODS_1,FOODS,TX_2,TX,d_1903,0,2016-04-14,11611,Thursday,6,4,2016,,,,,0,0,1,3.54,0,2,1.0,0.0,0.8571428571428571,0.6900655593423527,0,1,0.65570134,0.6900655593423527,3.012474066278407,7.602383619806239,0.78684163,HIGH,6.81554198887057,89.65006673846692,CRITICAL,Urgent stock replenishment required
FOODS_1_002_WI_1_validation,FOODS_1_002,FOODS_1,FOODS,WI_1,WI,d_1903,1,2016-04-14,11611,Thursday,6,4,2016,,,,,0,0,1,9.48,0,2,0.0,0.0,0.7142857142857143,0.7559289460184565,0,1,0.5306588,0.7559289460184565,3.3000000000000087,7.014611530303964,0.6367906,HIGH,6.377820956707009,90.92194099636248,CRITICAL,Urgent stock replenishment required
FOODS_1_004_CA_3_validation,FOODS_1_004,FOODS_1,FOODS,CA_3,CA,d_1903,0,2016-04-14,11611,Thursday,6,4,2016,,,,,0,0,1,1.5,0,2,0.0,0.0,0.0,0.0,0,1,0.6621903,0.0,0.0,4.635332107543945,0.79462844,HIGH,3.8407036662101746,82.85714113039447,CRITICAL,Urgent stock replenishment required
FOODS_1_001_CA_4_validation,FOODS_1_001,FOODS_1,FOODS,CA_4,CA,d_1903,0,2016-04-14,11611,Thursday,6,4,2016,,,,,0,0,1,2.24,0,2,0.0,0.0,0.0,0.0,0,1,0.13135263,0.0,0.0,0.9194684028625488,0.15762317,HIGH,0.7618452310562134,82.85714100499672,CRITICAL,Urgent stock replenishment required
FOODS_1_006_TX_3_validation,FOODS_1_006,FOODS_1,FOODS,TX_3,TX,d_1903,1,2016-04-14,11611,Thursday,6,4,2016,,,,,0,0,1,2.48,0,2,1.0,0.0,1.1428571428571428,1.7728105208558367,0,1,0.879592,1.7728105208558367,7.739186003708658,13.89633007338029,1.0555104,HIGH,12.84081967165452,92.40439456927051,CRITICAL,Urgent stock replenishment required
FOODS_1_008_TX_2_validation,FOODS_1_008,FOODS_1,FOODS,TX_2,TX,d_1903,0,2016-04-14,11611,Thursday,6,4,2016,,,,,0,0,1,3.54,0,2,0.0,0.0,0.2857142857142857,0.7559289460184545,0,1,0.41517442,0.7559289460184545,3.3,6.206220912933349,0.49820933,HIGH,5.708011585474014,91.97242034325429,CRITICAL,Urgent stock replenishment required
FOODS_1_001_CA_1_validation,FOODS_1_001,FOODS_1,FOODS,CA_1,CA,d_1903,1,2016-04-14,11611,Thursday,6,4,2016,,,,,0,0,1,2.24,0,2,0.0,2.0,0.8571428571428571,0.8997354108424371,0,1,0.9711268,0.8997354108424371,3.9277856356985668,10.72567343782259,1.1653522,HIGH,9.56032121251894,89.13492721870313,CRITICAL,Urgent stock replenishment required
FOODS_1_004_CA_2_validation,FOODS_1_004,FOODS_1,FOODS,CA_2,CA,d_1903,0,2016-04-14,11611,Thursday,6,4,2016,,,,,0,0,1,1.96,0,2,0.0,0.0,0.0,0.0,0,1,0.34899265,0.0,0.0,2.442948579788208,0.4187912,HIGH,2.024157375097275,82.85714205547296,CRITICAL,Urgent stock replenishment required
FOODS_1_004_WI_3_validation,FOODS_1_004,FOODS_1,FOODS,WI_3,WI,d_1903,0,2016-04-14,11611,Thursday,6,4,2016,,,,,0,0,1,1.96,0,2,0.0,0.0,0.0,4.272243734249905e-07,0,1,0.3723237,4.272243734249905e-07,1.8650435860780626e-06,2.6062676483535228,0.44678846,HIGH,2.159479188337272,82.85715358902208,CRITICAL,Urgent stock replenishment required
FOODS_1_006_CA_3_validation,FOODS_1_006,FOODS_1,FOODS,CA_3,CA,d_1903,2,2016-04-14,11611,Thursday,6,4,2016,,,,,0,0,1,2.48,0,2,0.0,3.0,1.5714285714285714,2.507132682112035,0,1,1.3081995,2.507132682112035,10.94486180817282,20.10225812470114,1.5698395,HIGH,18.53241864716208,92.19073067413215,CRITICAL,Urgent stock replenishment required
FOODS_1_002_TX_3_validation,FOODS_1_002,FOODS_1,FOODS,TX_3,TX,d_1903,0,2016-04-14,11611,Thursday,6,4,2016,,,,,0,0,1,9.48,0,2,0.0,0.0,0.42857142857142855,0.7867957924694432,0,1,0.42145976,0.7867957924694432,3.434748899119119,6.384967338221292,0.5057517,HIGH,5.879215609209757,92.07902402281628,CRITICAL,Urgent stock replenishment required
FOODS_1_008_WI_3_validation,FOODS_1_008,FOODS_1,FOODS,WI_3,WI,d_1903,0,2016-04-14,11611,Thursday,6,4,2016,,,,,0,0,1,3.54,0,2,1.0,0.0,0.14285714285714285,0.3779644730092273,0,1,0.32644004,0.3779644730092273,1.6500000000000004,3.935080194473267,0.39172807,HIGH,3.543352121114731,90.0452327780077,CRITICAL,Urgent stock replenishment required
FOODS_1_011_WI_3_validation,FOODS_1_011,FOODS_1,FOODS,WI_3,WI,d_1903,0,2016-04-14,11611,Thursday,6,4,2016,,,,,0,0,1,2.68,0,2,0.0,1.0,0.0,0.0,0,1,0.18486577,0.0,0.0,1.294060468673706,0.22183894,HIGH,1.0722215324640274,82.85714295584322,CRITICAL,Urgent stock replenishment required
FOODS_1_008_WI_2_validation,FOODS_1_008,FOODS_1,FOODS,WI_2,WI,d_1903,0,2016-04-14,11611,Thursday,6,4,2016,,,,,0,0,1,3.54,0,2,0.0,0.0,0.14285714285714285,0.37796447300922725,0,1,0.32644004,0.37796447300922725,1.65,3.9350801944732665,0.39172807,HIGH,3.5433521211147307,90.0452327780077,CRITICAL,Urgent stock replenishment required
FOODS_1_002_TX_2_validation,FOODS_1_002,FOODS_1,FOODS,TX_2,TX,d_1903,0,2016-04-14,11611,Thursday,6,4,2016,,,,,0,0,1,9.48,0,2,0.0,0.0,0.2857142857142857,0.48795003647426666,0,1,0.3661268,0.48795003647426666,2.1301408404140796,4.693028509023699,0.43935218,HIGH,4.253676324489626,90.63819485244355,CRITICAL,Urgent stock replenishment required
FOODS_1_008_TX_3_validation,FOODS_1_008,FOODS_1,FOODS,TX_3,TX,d_1903,0,2016-04-14,11611,Thursday,6,4,2016,,,,,0,0,1,3.54,0,2,0.0,1.0,0.0,0.0,0,1,0.2146602,0.0,0.0,1.5026214122772217,0.25759226,HIGH,1.2450291514396667,82.85714161046234,CRITICAL,Urgent stock replenishment required
FOODS_1_004_CA_4_validation,FOODS_1_004,FOODS_1,FOODS,CA_4,CA,d_1903,0,2016-04-14,11611,Thursday,6,4,2016,,,,,0,0,1,1.96,0,2,0.0,0.0,0.0,0.0,0,1,0.34899265,0.0,0.0,2.442948579788208,0.4187912,HIGH,2.024157375097275,82.85714205547296,CRITICAL,Urgent stock replenishment required
FOODS_1_006_CA_3_validation,FOODS_1_006,FOODS_1,FOODS,CA_3,CA,d_1904,0,2016-04-15,11611,Friday,7,4,2016,,,,,0,1,1,2.48,0,2,2.0,1.0,1.8571428571428572,2.4102953780654794,0,1,1.3337216,2.4102953780654794,10.522119558339947,19.858171499257914,1.600466,HIGH,18.257705486303202,91.94051671366358,CRITICAL,Urgent stock replenishment required
FOODS_1_001_CA_1_validation,FOODS_1_001,FOODS_1,FOODS,CA_1,CA,d_1904,0,2016-04-15,11611,Friday,7,4,2016,,,,,0,1,1,2.24,0,2,1.0,1.0,1.0,0.816496580927726,0,1,0.99647874,0.816496580927726,3.564407384124323,10.539758717742487,1.1957746,HIGH,9.343984162536188,88.65463064924487,CRITICAL,Urgent stock replenishment required
FOODS_1_008_TX_2_validation,FOODS_1_008,FOODS_1,FOODS,TX_2,TX,d_1904,0,2016-04-15,11611,Friday,7,4,2016,,,,,0,1,1,3.54,0,2,0.0,0.0,0.2857142857142857,0.7559289460184545,0,1,0.41517442,0.7559289460184545,3.3,6.206220912933349,0.49820933,HIGH,5.708011585474014,91.97242034325429,CRITICAL,Urgent stock replenishment required
FOODS_1_004_CA_2_validation,FOODS_1_004,FOODS_1,FOODS,CA_2,CA,d_1904,0,2016-04-15,11611,Friday,7,4,2016,,,,,0,1,1,1.96,0,2,0.0,0.0,0.0,0.0,0,1,0.34899265,0.0,0.0,2.442948579788208,0.4187912,HIGH,2.024157375097275,82.85714205547296,CRITICAL,Urgent stock replenishment required
FOODS_1_001_TX_2_validation,FOODS_1_001,FOODS_1,FOODS,TX_2,TX,d_1904,3,2016-04-15,11611,Friday,7,4,2016,,,,,0,1,1,2.24,0,2,1.0,0.0,0.42857142857142855,0.5345224838248488,0,1,0.59552705,0.5345224838248488,2.333452377915607,6.5021416288616525,0.7146325,HIGH,5.7875091177227365,89.00927491387128,CRITICAL,Urgent stock replenishment required
FOODS_1_010_CA_2_validation,FOODS_1_010,FOODS_1,FOODS,CA_2,CA,d_1904,0,2016-04-15,11611,Friday,7,4,2016,,,,,0,1,1,5.64,0,2,0.0,1.0,0.2857142857142857,0.48795003647426666,0,1,0.46210796,0.48795003647426666,2.1301408404140796,5.364896594884905,0.55452955,HIGH,4.81036704719356,89.66374210790839,CRITICAL,Urgent stock replenishment required
FOODS_1_006_WI_1_validation,FOODS_1_006,FOODS_1,FOODS,WI_1,WI,d_1904,1,2016-04-15,11611,Friday,7,4,2016,,,,,0,1,1,2.48,0,2,2.0,1.0,2.0,2.768874620972692,0,1,1.3531466,2.768874620972692,12.087493536709754,21.55951940798661,1.623776,HIGH,19.935743448971717,92.46840373253694,CRITICAL,Urgent stock replenishment required
FOODS_1_004_TX_3_validation,FOODS_1_004,FOODS_1,FOODS,TX_3,TX,d_1904,0,2016-04-15,11611,Friday,7,4,2016,,,,,0,1,1,1.96,0,2,0.0,0.0,0.0,0.0,0,1,0.34899265,0.0,0.0,2.442948579788208,0.4187912,HIGH,2.024157375097275,82.85714205547296,CRITICAL,Urgent stock replenishment required
FOODS_1_003_CA_4_validation,FOODS_1_003,FOODS_1,FOODS,CA_4,CA,d_1904,1,2016-04-15,11611,Friday,7,4,2016,,,,,0,1,1,3.23,0,2,0.0,0.0,0.2857142857142857,0.48795003647426666,0,1,0.3951223,0.48795003647426666,2.1301408404140796,4.895996868017229,0.47414675,HIGH,4.421850114467653,90.31562383859134,CRITICAL,Urgent stock replenishment required
FOODS_1_008_CA_2_validation,FOODS_1_008,FOODS_1,FOODS,CA_2,CA,d_1904,0,2016-04-15,11611,Friday,7,4,2016,,,,,0,1,1,3.54,0,2,0.0,2.0,0.2857142857142857,0.48795003647426666,0,1,0.55813074,0.48795003647426666,2.1301408404140796,6.037056028249773,0.6697569,HIGH,5.367299138906511,88.90590237676767,CRITICAL,Urgent stock replenishment required
FOODS_1_009_CA_1_validation,FOODS_1_009,FOODS_1,FOODS,CA_1,CA,d_1904,0,2016-04-15,11611,Friday,7,4,2016,,,,,0,1,1,2.24,0,2,0.0,0.0,0.0,0.0,0,1,0.13135263,0.0,0.0,0.9194684028625488,0.15762317,HIGH,0.7618452310562134,82.85714100499672,CRITICAL,Urgent stock replenishment required
FOODS_1_011_CA_4_validation,FOODS_1_011,FOODS_1,FOODS,CA_4,CA,d_1904,4,2016-04-15,11611,Friday,7,4,2016,,,,,0,1,1,2.68,0,2,0.0,1.0,0.42857142857142855,0.7867957924694422,0,1,0.59394956,0.7867957924694422,3.434748899119115,7.59239603199265,0.71273947,HIGH,6.879656564371801,90.61245666562274,CRITICAL,Urgent stock replenishment required
FOODS_1_002_CA_3_validation,FOODS_1_002,FOODS_1,FOODS,CA_3,CA,d_1904,1,2016-04-15,11611,Friday,7,4,2016,,,,,0,1,1,9.48,0,2,1.0,1.0,0.7142857142857143,0.7559289460184545,0,1,0.6269245,0.7559289460184545,3.3,7.6884716033935545,0.75230944,HIGH,6.936162161827087,90.21509761141068,CRITICAL,Urgent stock replenishment required
FOODS_1_011_TX_3_validation,FOODS_1_011,FOODS_1,FOODS,TX_3,TX,d_1904,0,2016-04-15,11611,Friday,7,4,2016,,,,,0,1,1,2.68,0,2,0.0,2.0,0.2857142857142857,0.48795003647426666,0,1,0.6074845,0.48795003647426666,2.1301408404140796,6.3825326555996265,0.72898144,HIGH,5.653551220300707,88.578492666867,CRITICAL,Urgent stock replenishment required
FOODS_1_005_CA_2_validation,FOODS_1_005,FOODS_1,FOODS,CA_2,CA,d_1904,3,2016-04-15,11611,Friday,7,4,2016,,,,,0,1,1,3.54,0,2,12.0,7.0,10.571428571428571,2.9920529661723867,0,1,8.425184,2.9920529661723867,13.061776295741726,72.0380641375386,10.110222,HIGH,61.92784227474563,85.9654448188807,CRITICAL,Urgent stock replenishment required
FOODS_1_006_CA_1_validation,FOODS_1_006,FOODS_1,FOODS,CA_1,CA,d_1904,1,2016-04-15,11611,Friday,7,4,2016,,,,,0,1,1,2.48,0,2,2.0,2.0,1.0,1.290994448735805,0,1,1.0446209,1.290994448735805,5.635822921277775,12.948168902875675,1.253545,HIGH,11.694623857023014,90.31874657138385,CRITICAL,Urgent stock replenishment required
FOODS_1_010_CA_1_validation,FOODS_1_010,FOODS_1,FOODS,CA_1,CA,d_1904,0,2016-04-15,11611,Friday,7,4,2016,,,,,0,1,1,5.64,0,2,0.0,0.0,0.0,0.0,0,1,0.10841985,0.0,0.0,0.7589389681816101,0.13010383,HIGH,0.628835141658783,82.8571424083611,CRITICAL,Urgent stock replenishment required
FOODS_1_011_TX_1_validation,FOODS_1_011,FOODS_1,FOODS,TX_1,TX,d_1904,0,2016-04-15,11611,Friday,7,4,2016,,,,,0,1,1,2.68,0,2,1.0,1.0,0.14285714285714285,0.37796447300922725,0,1,0.42502818,0.37796447300922725,1.65,4.625197315216065,0.51003385,HIGH,4.1151634693145756,88.97271162413828,CRITICAL,Urgent stock replenishment required
FOODS_1_006_CA_4_validation,FOODS_1_006,FOODS_1,FOODS,CA_4,CA,d_1904,5,2016-04-15,11611,Friday,7,4,2016,,,,,0,1,1,2.48,0,2,0.0,0.0,0.5714285714285714,0.7867957924694442,0,1,0.59127885,0.7867957924694442,3.434748899119124,7.573700677530989,0.70953465,HIGH,6.864166032450423,90.63159906509702,CRITICAL,Urgent stock replenishment required
FOODS_1_008_WI_3_validation,FOODS_1_008,FOODS_1,FOODS,WI_3,WI,d_1904,0,2016-04-15,11611,Friday,7,4,2016,,,,,0,1,1,3.54,0,2,0.0,0.0,0.0,0.0,0,1,0.14085762,0.0,0.0,0.9860033392906189,0.16902915,HIGH,0.8169741928577423,82.85714259806821,CRITICAL,Urgent stock replenishment required
FOODS_1_003_CA_1_validation,FOODS_1_003,FOODS_1,FOODS,CA_1,CA,d_1904,3,2016-04-15,11611,Friday,7,4,2016,,,,,0,1,1,3.23,0,2,0.0,1.0,0.5714285714285714,0.7867957924694434,0,1,0.6210132,0.7867957924694434,3.4347488991191204,7.781841527598124,0.7452159,HIGH,7.036625634806376,90.42365627533204,CRITICAL,Urgent stock replenishment required
FOODS_1_006_TX_2_validation,FOODS_1_006,FOODS_1,FOODS,TX_2,TX,d_1904,0,2016-04-15,11611,Friday,7,4,2016,,,,,0,1,1,2.48,0,2,0.0,0.0,0.5714285714285714,0.9759000729485331,0,1,0.6369478,0.9759000729485331,4.260281680828158,8.718916534191195,0.7643374,HIGH,7.9545791137276325,91.23357337501493,CRITICAL,Urgent stock replenishment required
FOODS_1_003_CA_3_validation,FOODS_1_003,FOODS_1,FOODS,CA_3,CA,d_1904,0,2016-04-15,11611,Friday,7,4,2016,,,,,0,1,1,3.23,0,2,3.0,0.0,1.1428571428571428,1.3451854182690985,0,1,0.9432549,1.3451854182690985,5.872393038617221,12.475177195416538,1.1319059,HIGH,11.343271282063572,90.92673478202109,CRITICAL,Urgent stock replenishment required
FOODS_1_004_WI_2_validation,FOODS_1_004,FOODS_1,FOODS,WI_2,WI,d_1904,0,2016-04-15,11611,Friday,7,4,2016,,,,,0,1,1,1.96,0,2,0.0,0.0,0.0,7.389734084383283e-07,0,1,0.40907866,7.389734084383283e-07,3.2259807759590005e-06,2.8635538889751606,0.4908944,HIGH,2.3726594819412403,82.85716190207243,CRITICAL,Urgent stock replenishment required
FOODS_1_010_WI_3_validation,FOODS_1_010,FOODS_1,FOODS,WI_3,WI,d_1904,0,2016-04-15,11611,Friday,7,4,2016,,,,,0,1,1,6.77,0,2,0.0,1.0,0.42857142857142855,0.786795792469443,0,1,0.5331697,0.786795792469443,3.4347488991191186,7.166936647074441,0.63980365,HIGH,6.527132999079446,91.07284353830357,CRITICAL,Urgent stock replenishment required
FOODS_1_010_TX_1_validation,FOODS_1_010,FOODS_1,FOODS,TX_1,TX,d_1904,3,2016-04-15,11611,Friday,7,4,2016,,,,,0,1,1,6.27,0,2,1.0,1.0,1.0,0.8164965809277259,0,1,0.80442137,0.8164965809277259,3.5644073841243227,9.195356881347223,0.9653057,HIGH,8.230051195350214,89.50224881477813,CRITICAL,Urgent stock replenishment required
FOODS_1_003_WI_1_validation,FOODS_1_003,FOODS_1,FOODS,WI_1,WI,d_1904,0,2016-04-15,11611,Friday,7,4,2016,,,,,0,1,1,3.23,0,2,2.0,0.0,1.0,1.1547005383792521,0,1,0.8596665,1.1547005383792521,5.040833264451427,11.058499127488536,1.0315999,HIGH,10.026899248223705,90.67142957310958,CRITICAL,Urgent stock replenishment required
FOODS_1_008_CA_3_validation,FOODS_1_008,FOODS_1,FOODS,CA_3,CA,d_1904,0,2016-04-15,11611,Friday,7,4,2016,,,,,0,1,1,3.54,0,2,0.0,0.0,0.0,0.0,0,1,0.14085762,0.0,0.0,0.9860033392906189,0.16902915,HIGH,0.8169741928577423,82.85714259806821,CRITICAL,Urgent stock replenishment required
FOODS_1_008_WI_1_validation,FOODS_1_008,FOODS_1,FOODS,WI_1,WI,d_1904,0,2016-04-15,11611,Friday,7,4,2016,,,,,0,1,1,3.54,0,2,0.0,0.0,0.2857142857142857,0.4879500364742671,0,1,0.38776743,0.4879500364742671,2.1301408404140814,4.8445129984646185,0.46532094,HIGH,4.379192053678547,90.39488706225896,CRITICAL,Urgent stock replenishment required
FOODS_1_011_CA_2_validation,FOODS_1_011,FOODS_1,FOODS,CA_2,CA,d_1904,1,2016-04-15,11611,Friday,7,4,2016,,,,,0,1,1,2.68,0,2,4.0,4.0,3.0,1.9148542155126766,0,1,2.4072745,1.9148542155126766,8.359276284463867,25.210197915323242,2.8887296,HIGH,22.3214683430271,88.54142445847155,CRITICAL,Urgent stock replenishment required
FOODS_1_005_TX_3_validation,FOODS_1_005,FOODS_1,FOODS,TX_3,TX,d_1904,2,2016-04-15,11611,Friday,7,4,2016,,,,,0,1,1,3.54,0,2,3.0,2.0,0.7142857142857143,1.112697280528373,0,1,0.86710656,1.112697280528373,4.857468476480314,10.927214493936368,1.0405279,HIGH,9.88668655413992,90.4776469760537,CRITICAL,Urgent stock replenishment required
FOODS_1_003_CA_2_validation,FOODS_1_003,FOODS_1,FOODS,CA_2,CA,d_1904,3,2016-04-15,11611,Friday,7,4,2016,,,,,0,1,1,3.23,0,2,0.0,0.0,1.4285714285714286,1.2724180205607034,0,1,1.1467069,1.2724180205607034,5.5547277160991415,13.581676644932148,1.3760483,HIGH,12.205628318439839,89.86834716753644,CRITICAL,Urgent stock replenishment required
FOODS_1_001_WI_1_validation,FOODS_1_001,FOODS_1,FOODS,WI_1,WI,d_1904,0,2016-04-15,11611,Friday,7,4,2016,,,,,0,1,1,2.24,0,2,1.0,0.0,0.2857142857142857,0.48795003647426666,0,1,0.5090247,0.48795003647426666,2.1301408404140796,5.693313657644304,0.61082965,HIGH,5.082484006288561,89.27110487693588,CRITICAL,Urgent stock replenishment required
FOODS_1_009_CA_2_validation,FOODS_1_009,FOODS_1,FOODS,CA_2,CA,d_1904,0,2016-04-15,11611,Friday,7,4,2016,,,,,0,1,1,2.24,0,2,0.0,0.0,0.0,0.0,0,1,0.13135263,0.0,0.0,0.9194684028625488,0.15762317,HIGH,0.7618452310562134,82.85714100499672,CRITICAL,Urgent stock replenishment required
FOODS_1_004_WI_3_validation,FOODS_1_004,FOODS_1,FOODS,WI_3,WI,d_1904,0,2016-04-15,11611,Friday,7,4,2016,,,,,0,1,1,1.96,0,2,0.0,0.0,0.0,4.272243734249905e-07,0,1,0.3723237,4.272243734249905e-07,1.8650435860780626e-06,2.6062676483535228,0.44678846,HIGH,2.159479188337272,82.85715358902208,CRITICAL,Urgent stock replenishment required
FOODS_1_004_CA_4_validation,FOODS_1_004,FOODS_1,FOODS,CA_4,CA,d_1904,0,2016-04-15,11611,Friday,7,4,2016,,,,,0,1,1,1.96,0,2,0.0,0.0,0.0,0.0,0,1,0.34899265,0.0,0.0,2.442948579788208,0.4187912,HIGH,2.024157375097275,82.85714205547296,CRITICAL,Urgent stock replenishment required
FOODS_1_011_CA_3_validation,FOODS_1_011,FOODS_1,FOODS,CA_3,CA,d_1904,2,2016-04-15,11611,Friday,7,4,2016,,,,,0,1,1,2.68,0,2,3.0,0.0,2.142857142857143,1.463850109422798,0,1,1.5657423,1.463850109422798,6.39042252124223,17.350618062624065,1.8788908,HIGH,15.471727309831707,89.17104424746816,CRITICAL,Urgent stock replenishment required
FOODS_1_010_CA_3_validation,FOODS_1_010,FOODS_1,FOODS,CA_3,CA,d_1904,0,2016-04-15,11611,Friday,7,4,2016,,,,,0,1,1,5.64,0,2,3.0,0.0,1.0,1.0000000000000002,0,1,0.69537,1.0000000000000002,4.365489663256576,9.233079613818099,0.83444405,HIGH,8.39863556779759,90.96245152298167,CRITICAL,Urgent stock replenishment required
FOODS_1_005_WI_1_validation,FOODS_1_005,FOODS_1,FOODS,WI_1,WI,d_1904,0,2016-04-15,11611,Friday,7,4,2016,,,,,0,1,1,3.54,0,2,1.0,0.0,2.2857142857142856,0.9511897312113378,0,1,1.9401729,0.9511897312113378,4.152408939398895,17.73361907581247,2.3282075,HIGH,15.405411582984101,86.87122192669688,CRITICAL,Urgent stock replenishment required
FOODS_1_010_WI_1_validation,FOODS_1_010,FOODS_1,FOODS,WI_1,WI,d_1904,2,2016-04-15,11611,Friday,7,4,2016,,,,,0,1,1,6.77,0,2,0.0,1.0,1.2857142857142858,1.1126972805283748,0,1,0.8877198,1.1126972805283748,4.857468476480321,11.071507325357274,1.0652639,HIGH,10.00624345797904,90.37833028445512,CRITICAL,Urgent stock replenishment required
FOODS_1_006_WI_3_validation,FOODS_1_006,FOODS_1,FOODS,WI_3,WI,d_1904,0,2016-04-15,11611,Friday,7,4,2016,,,,,0,1,1,2.48,0,2,27.0,0.0,4.0,10.14889156509222,0,1,1.7725172,10.14889156509222,44.30488122092192,56.7125016509146,2.1270208,HIGH,54.58548081503813,96.24946744728521,CRITICAL,Urgent stock replenishment required
FOODS_1_004_CA_1_validation,FOODS_1_004,FOODS_1,FOODS,CA_1,CA,d_1904,0,2016-04-15,11611,Friday,7,4,2016,,,,,0,1,1,1.96,0,2,0.0,0.0,0.0,0.0,0,1,0.34899265,0.0,0.0,2.442948579788208,0.4187912,HIGH,2.024157375097275,82.85714205547296,CRITICAL,Urgent stock replenishment required
FOODS_1_008_TX_3_validation,FOODS_1_008,FOODS_1,FOODS,TX_3,TX,d_1904,0,2016-04-15,11611,Friday,7,4,2016,,,,,0,1,1,3.54,0,2,0.0,0.0,0.0,0.0,0,1,0.14085762,0.0,0.0,0.9860033392906189,0.16902915,HIGH,0.8169741928577423,82.85714259806821,CRITICAL,Urgent stock replenishment required
FOODS_1_011_CA_1_validation,FOODS_1_011,FOODS_1,FOODS,CA_1,CA,d_1904,0,2016-04-15,11611,Friday,7,4,2016,,,,,0,1,1,2.68,0,2,0.0,0.0,0.5714285714285714,0.7867957924694432,0,1,0.57657087,0.7867957924694432,3.434748899119119,7.470744859354715,0.69188505,HIGH,6.7788598052432345,90.73874068600915,CRITICAL,Urgent stock replenishment required
FOODS_1_009_CA_4_validation,FOODS_1_009,FOODS_1,FOODS,CA_4,CA,d_1904,0,2016-04-15,11611,Friday,7,4,2016,,,,,0,1,1,2.24,0,2,0.0,0.0,0.0,0.0,0,1,0.13135263,0.0,0.0,0.9194684028625488,0.15762317,HIGH,0.7618452310562134,82.85714100499672,CRITICAL,Urgent stock replenishment required
FOODS_1_009_TX_1_validation,FOODS_1_009,FOODS_1,FOODS,TX_1,TX,d_1904,0,2016-04-15,11611,Friday,7,4,2016,,,,,0,1,1,2.24,0,2,0.0,0.0,0.0,0.0,0,1,0.13135263,0.0,0.0,0.9194684028625488,0.15762317,HIGH,0.7618452310562134,82.85714100499672,CRITICAL,Urgent stock replenishment required
FOODS_1_001_CA_2_validation,FOODS_1_001,FOODS_1,FOODS,CA_2,CA,d_1904,1,2016-04-15,11611,Friday,7,4,2016,,,,,0,1,1,2.24,0,2,0.0,0.0,0.2857142857142857,0.7559289460184545,0,1,0.5284659,0.7559289460184545,3.3,6.999261426925659,0.63415915,HIGH,6.365102279186249,90.93962763985574,CRITICAL,Urgent stock replenishment required
FOODS_1_008_CA_4_validation,FOODS_1_008,FOODS_1,FOODS,CA_4,CA,d_1904,1,2016-04-15,11611,Friday,7,4,2016,,,,,0,1,1,3.54,0,2,0.0,0.0,0.14285714285714285,0.37796447300922725,0,1,0.32644004,0.37796447300922725,1.65,3.9350801944732665,0.39172807,HIGH,3.5433521211147307,90.0452327780077,CRITICAL,Urgent stock replenishment required
FOODS_1_002_WI_2_validation,FOODS_1_002,FOODS_1,FOODS,WI_2,WI,d_1904,0,2016-04-15,11611,Friday,7,4,2016,,,,,0,1,1,9.48,0,2,0.0,0.0,0.42857142857142855,0.7867957924694432,0,1,0.42145976,0.7867957924694432,3.434748899119119,6.384967338221292,0.5057517,HIGH,5.879215609209757,92.07902402281628,CRITICAL,Urgent stock replenishment required
FOODS_1_004_CA_3_validation,FOODS_1_004,FOODS_1,FOODS,CA_3,CA,d_1904,0,2016-04-15,11611,Friday,7,4,2016,,,,,0,1,1,1.5,0,2,0.0,0.0,0.0,0.0,0,1,0.6621903,0.0,0.0,4.635332107543945,0.79462844,HIGH,3.8407036662101746,82.85714113039447,CRITICAL,Urgent stock replenishment required
FOODS_1_002_TX_3_validation,FOODS_1_002,FOODS_1,FOODS,TX_3,TX,d_1904,0,2016-04-15,11611,Friday,7,4,2016,,,,,0,1,1,9.48,0,2,2.0,0.0,0.42857142857142855,0.7867957924694432,0,1,0.40706727,0.7867957924694432,3.434748899119119,6.2842197529246615,0.48848075,HIGH,5.795739006178598,92.22686720147357,CRITICAL,Urgent stock replenishment required
FOODS_1_003_TX_3_validation,FOODS_1_003,FOODS_1,FOODS,TX_3,TX,d_1904,0,2016-04-15,11611,Friday,7,4,2016,,,,,0,1,1,3.23,0,2,0.0,0.0,0.0,0.0,0,1,0.0946203,0.0,0.0,0.6623421311378479,0.11354437,HIGH,0.5487977638840675,82.85714256788698,CRITICAL,Urgent stock replenishment required
FOODS_1_006_WI_2_validation,FOODS_1_006,FOODS_1,FOODS,WI_2,WI,d_1904,1,2016-04-15,11611,Friday,7,4,2016,,,,,0,1,1,2.48,0,2,2.0,2.0,1.7142857142857142,1.2535663410560123,0,1,1.4752506,1.2535663410560123,5.472430904086386,15.799185474093711,1.7703007,HIGH,14.028884728129661,88.79498725509075,CRITICAL,Urgent stock replenishment required
FOODS_1_002_CA_2_validation,FOODS_1_002,FOODS_1,FOODS,CA_2,CA,d_1904,1,2016-04-15,11611,Friday,7,4,2016,,,,,0,1,1,9.48,0,2,1.0,0.0,0.8571428571428571,1.2149857925879117,0,1,0.53611195,1.2149857925879117,5.304007918546126,9.056791693875716,0.6433344,HIGH,8.413457305142806,92.89666351531592,CRITICAL,Urgent stock replenishment required
FOODS_1_005_WI_3_validation,FOODS_1_005,FOODS_1,FOODS,WI_3,WI,d_1904,1,2016-04-15,11611,Friday,7,4,2016,,,,,0,1,1,3.54,0,2,0.0,1.0,2.142857142857143,2.3401261667248794,0,1,1.7651546,2.3401261667248794,10.215796591553692,22.57187855413914,2.1181855,HIGH,20.45369303396702,90.61582085384872,CRITICAL,Urgent stock replenishment required
FOODS_1_008_CA_1_validation,FOODS_1_008,FOODS_1,FOODS,CA_1,CA,d_1904,0,2016-04-15,11611,Friday,7,4,2016,,,,,0,1,1,3.54,0,2,0.0,0.0,0.14285714285714285,0.37796447300922725,0,1,0.32644004,0.37796447300922725,1.65,3.9350801944732665,0.39172807,HIGH,3.5433521211147307,90.0452327780077,CRITICAL,Urgent stock replenishment required
FOODS_1_009_WI_1_validation,FOODS_1_009,FOODS_1,FOODS,WI_1,WI,d_1904,0,2016-04-15,11611,Friday,7,4,2016,,,,,0,1,1,2.24,0,2,0.0,0.0,0.0,0.0,0,1,0.13135263,0.0,0.0,0.9194684028625488,0.15762317,HIGH,0.7618452310562134,82.85714100499672,CRITICAL,Urgent stock replenishment required
FOODS_1_002_WI_3_validation,FOODS_1_002,FOODS_1,FOODS,WI_3,WI,d_1904,0,2016-04-15,11611,Friday,7,4,2016,,,,,0,1,1,9.48,0,2,1.0,0.0,0.2857142857142857,0.48795003647426666,0,1,0.3661268,0.48795003647426666,2.1301408404140796,4.693028509023699,0.43935218,HIGH,4.253676324489626,90.63819485244355,CRITICAL,Urgent stock replenishment required
FOODS_1_009_CA_3_validation,FOODS_1_009,FOODS_1,FOODS,CA_3,CA,d_1904,0,2016-04-15,11611,Friday,7,4,2016,,,,,0,1,1,1.98,0,2,0.0,0.0,0.0,0.0,0,1,0.13397686,0.0,0.0,0.9378380179405212,0.16077223,HIGH,0.77706578373909,82.85714258476268,CRITICAL,Urgent stock replenishment required
FOODS_1_008_WI_2_validation,FOODS_1_008,FOODS_1,FOODS,WI_2,WI,d_1904,0,2016-04-15,11611,Friday,7,4,2016,,,,,0,1,1,3.54,0,2,0.0,0.0,0.14285714285714285,0.37796447300922725,0,1,0.32644004,0.37796447300922725,1.65,3.9350801944732665,0.39172807,HIGH,3.5433521211147307,90.0452327780077,CRITICAL,Urgent stock replenishment required
FOODS_1_001_TX_1_validation,FOODS_1_001,FOODS_1,FOODS,TX_1,TX,d_1904,0,2016-04-15,11611,Friday,7,4,2016,,,,,0,1,1,2.24,0,2,0.0,0.0,0.0,0.0,0,1,0.13135263,0.0,0.0,0.9194684028625488,0.15762317,HIGH,0.7618452310562134,82.85714100499672,CRITICAL,Urgent stock replenishment required
FOODS_1_009_WI_3_validation,FOODS_1_009,FOODS_1,FOODS,WI_3,WI,d_1904,0,2016-04-15,11611,Friday,7,4,2016,,,,,0,1,1,2.24,0,2,0.0,0.0,0.0,0.0,0,1,0.13135263,0.0,0.0,0.9194684028625488,0.15762317,HIGH,0.7618452310562134,82.85714100499672,CRITICAL,Urgent stock replenishment required
FOODS_1_001_CA_4_validation,FOODS_1_001,FOODS_1,FOODS,CA_4,CA,d_1904,0,2016-04-15,11611,Friday,7,4,2016,,,,,0,1,1,2.24,0,2,0.0,1.0,0.0,0.0,0,1,0.20345296,0.0,0.0,1.424170732498169,0.24414356,HIGH,1.1800271719694138,82.85714240872667,CRITICAL,Urgent stock replenishment required
FOODS_1_011_TX_2_validation,FOODS_1_011,FOODS_1,FOODS,TX_2,TX,d_1904,0,2016-04-15,11611,Friday,7,4,2016,,,,,0,1,1,2.68,0,2,0.0,0.0,0.14285714285714285,0.37796447300922725,0,1,0.36264923,0.37796447300922725,1.65,4.188544654846192,0.43517908,HIGH,3.7533655703067783,89.61025558039816,CRITICAL,Urgent stock replenishment required
FOODS_1_001_WI_2_validation,FOODS_1_001,FOODS_1,FOODS,WI_2,WI,d_1904,0,2016-04-15,11611,Friday,7,4,2016,,,,,0,1,1,2.24,0,2,0.0,0.0,0.7142857142857143,1.2535663410560176,0,1,0.7076446,1.2535663410560176,5.47243090408641,10.425943095858871,0.84917355,HIGH,9.576769550021469,91.85518721874965,CRITICAL,Urgent stock replenishment required
FOODS_1_003_TX_1_validation,FOODS_1_003,FOODS_1,FOODS,TX_1,TX,d_1904,0,2016-04-15,11611,Friday,7,4,2016,,,,,0,1,1,3.23,0,2,0.0,0.0,0.14285714285714285,0.37796447300922725,0,1,0.32626355,0.37796447300922725,1.65,3.9338449478149413,0.39151627,HIGH,3.542328679561615,90.04749110737589,CRITICAL,Urgent stock replenishment required
FOODS_1_002_TX_2_validation,FOODS_1_002,FOODS_1,FOODS,TX_2,TX,d_1904,0,2016-04-15,11611,Friday,7,4,2016,,,,,0,1,1,9.48,0,2,1.0,1.0,0.2857142857142857,0.48795003647426666,0,1,0.4435477,0.48795003647426666,2.1301408404140796,5.234974681737932,0.53225726,HIGH,4.702717422845873,89.83266794491243,CRITICAL,Urgent stock replenishment required
FOODS_1_011_WI_2_validation,FOODS_1_011,FOODS_1,FOODS,WI_2,WI,d_1904,0,2016-04-15,11611,Friday,7,4,2016,,,,,0,1,1,2.68,0,2,0.0,0.0,0.5714285714285714,1.511857892036909,0,1,0.5650737,1.511857892036909,6.6,10.55551609992981,0.6780885,HIGH,9.877427613735199,93.57597980264443,CRITICAL,Urgent stock replenishment required
FOODS_1_001_CA_3_validation,FOODS_1_001,FOODS_1,FOODS,CA_3,CA,d_1904,0,2016-04-15,11611,Friday,7,4,2016,,,,,0,1,1,2.24,0,2,0.0,1.0,1.0,1.5275252316519472,0,1,0.9452738,1.5275252316519472,6.6683956091401795,13.285312265634321,1.1343286,HIGH,12.150983661889814,91.46178440473152,CRITICAL,Urgent stock replenishment required
FOODS_1_001_TX_3_validation,FOODS_1_001,FOODS_1,FOODS,TX_3,TX,d_1904,0,2016-04-15,11611,Friday,7,4,2016,,,,,0,1,1,2.24,0,2,2.0,0.0,0.7142857142857143,0.7559289460184546,0,1,0.6988702,0.7559289460184546,3.3000000000000007,8.192091274261475,0.83864427,HIGH,7.353447008132935,89.76275729784096,CRITICAL,Urgent stock replenishment required
FOODS_1_002_CA_4_validation,FOODS_1_002,FOODS_1,FOODS,CA_4,CA,d_1904,0,2016-04-15,11611,Friday,7,4,2016,,,,,0,1,1,9.48,0,2,0.0,0.0,0.0,0.0,0,1,0.11765786,0.0,0.0,0.8236050605773926,0.14118944,HIGH,0.6824156194925308,82.85714259867707,CRITICAL,Urgent stock replenishment required
FOODS_1_005_TX_1_validation,FOODS_1_005,FOODS_1,FOODS,TX_1,TX,d_1904,0,2016-04-15,11611,Friday,7,4,2016,,,,,0,1,1,3.54,0,2,0.0,0.0,0.2857142857142857,0.48795003647426666,0,1,0.38776743,0.48795003647426666,2.1301408404140796,4.844512998464617,0.46532094,HIGH,4.379192053678545,90.39488706225896,CRITICAL,Urgent stock replenishment required
FOODS_1_004_TX_2_validation,FOODS_1_004,FOODS_1,FOODS,TX_2,TX,d_1904,0,2016-04-15,11611,Friday,7,4,2016,,,,,0,1,1,1.96,0,2,0.0,0.0,0.0,0.0,0,1,0.34899265,0.0,0.0,2.442948579788208,0.4187912,HIGH,2.024157375097275,82.85714205547296,CRITICAL,Urgent stock replenishment required
FOODS_1_003_WI_2_validation,FOODS_1_003,FOODS_1,FOODS,WI_2,WI,d_1904,0,2016-04-15,11611,Friday,7,4,2016,,,,,0,1,1,3.23,0,2,0.0,1.0,0.0,0.0,0,1,0.1766343,0.0,0.0,1.2364400625228882,0.21196117,HIGH,1.0244788974523544,82.857141927443,CRITICAL,Urgent stock replenishment required
FOODS_1_002_TX_1_validation,FOODS_1_002,FOODS_1,FOODS,TX_1,TX,d_1904,1,2016-04-15,11611,Friday,7,4,2016,,,,,0,1,1,9.48,0,2,0.0,0.0,0.0,0.0,0,1,0.11765786,0.0,0.0,0.8236050605773926,0.14118944,HIGH,0.6824156194925308,82.85714259867707,CRITICAL,Urgent stock replenishment required
FOODS_1_004_TX_1_validation,FOODS_1_004,FOODS_1,FOODS,TX_1,TX,d_1904,0,2016-04-15,11611,Friday,7,4,2016,,,,,0,1,1,1.96,0,2,0.0,0.0,0.0,0.0,0,1,0.34899265,0.0,0.0,2.442948579788208,0.4187912,HIGH,2.024157375097275,82.85714205547296,CRITICAL,Urgent stock replenishment required
FOODS_1_010_TX_3_validation,FOODS_1_010,FOODS_1,FOODS,TX_3,TX,d_1904,2,2016-04-15,11611,Friday,7,4,2016,,,,,0,1,1,6.27,0,2,0.0,0.0,0.8571428571428571,0.899735410842438,0,1,0.6235819,0.899735410842438,3.9277856356985703,8.292858839739097,0.7482983,HIGH,7.544560552347434,90.97659441873238,CRITICAL,Urgent stock replenishment required
FOODS_1_005_WI_2_validation,FOODS_1_005,FOODS_1,FOODS,WI_2,WI,d_1904,1,2016-04-15,11611,Friday,7,4,2016,,,,,0,1,1,3.54,0,2,1.0,2.0,2.4285714285714284,2.572750982712399,0,1,1.9155734,2.572750982712399,11.231317821164172,24.640331569333117,2.2986882,HIGH,22.34164339603905,90.67103392328141,CRITICAL,Urgent stock replenishment required
FOODS_1_002_WI_1_validation,FOODS_1_002,FOODS_1,FOODS,WI_1,WI,d_1904,1,2016-04-15,11611,Friday,7,4,2016,,,,,0,1,1,9.48,0,2,1.0,2.0,0.8571428571428571,0.6900655593423561,0,1,0.7524003,0.6900655593423561,3.012474066278422,8.279275900384867,0.9028804,HIGH,7.376395529767954,89.09469401092261,CRITICAL,Urgent stock replenishment required
FOODS_1_003_TX_2_validation,FOODS_1_003,FOODS_1,FOODS,TX_2,TX,d_1904,0,2016-04-15,11611,Friday,7,4,2016,,,,,0,1,1,3.23,0,2,0.0,2.0,0.5714285714285714,0.5345224838248491,0,1,0.7326988,0.5345224838248491,2.3334523779156084,7.462343845963704,0.8792386,HIGH,6.583105240464437,88.21766158664964,CRITICAL,Urgent stock replenishment required
FOODS_1_001_WI_3_validation,FOODS_1_001,FOODS_1,FOODS,WI_3,WI,d_1904,0,2016-04-15,11611,Friday,7,4,2016,,,,,0,1,1,2.24,0,2,0.0,0.0,0.14285714285714285,0.3779644730092273,0,1,0.43458158,0.3779644730092273,1.6500000000000004,4.692071104049683,0.5214979,HIGH,4.170573198795319,88.8855498203285,CRITICAL,Urgent stock replenishment required
FOODS_1_005_CA_3_validation,FOODS_1_005,FOODS_1,FOODS,CA_3,CA,d_1904,4,2016-04-15,11611,Friday,7,4,2016,,,,,0,1,1,3.54,0,2,5.0,2.0,3.142857142857143,1.9518001458970655,0,1,2.6252556,1.9518001458970655,8.520563361656313,26.897352454673893,3.150307,HIGH,23.747045514595158,88.28766903587452,CRITICAL,Urgent stock replenishment required
FOODS_1_002_CA_1_validation,FOODS_1_002,FOODS_1,FOODS,CA_1,CA,d_1904,1,2016-04-15,11611,Friday,7,4,2016,,,,,0,1,1,9.48,0,2,0.0,2.0,0.2857142857142857,0.48795003647426666,0,1,0.5294513,0.48795003647426666,2.1301408404140796,5.836299955251726,0.6353416,HIGH,5.2009583705692615,89.11396621911524,CRITICAL,Urgent stock replenishment required
FOODS_1_006_TX_1_validation,FOODS_1_006,FOODS_1,FOODS,TX_1,TX,d_1904,2,2016-04-15,11611,Friday,7,4,2016,,,,,0,1,1,2.48,0,2,1.0,0.0,0.2857142857142857,0.4879500364742666,0,1,0.4548572,0.4879500364742666,2.1301408404140796,5.314141332510027,0.54582864,HIGH,4.768312692049059,89.728751903496,CRITICAL,Urgent stock replenishment required
FOODS_1_008_TX_1_validation,FOODS_1_008,FOODS_1,FOODS,TX_1,TX,d_1904,0,2016-04-15,11611,Friday,7,4,2016,,,,,0,1,1,3.54,0,2,0.0,0.0,0.14285714285714285,0.37796447300922725,0,1,0.32644004,0.37796447300922725,1.65,3.9350801944732665,0.39172807,HIGH,3.5433521211147307,90.0452327780077,CRITICAL,Urgent stock replenishment required
FOODS_1_005_TX_2_validation,FOODS_1_005,FOODS_1,FOODS,TX_2,TX,d_1904,2,2016-04-15,11611,Friday,7,4,2016,,,,,0,1,1,3.54,0,2,0.0,0.0,0.7142857142857143,0.7559289460184528,0,1,0.5993886,0.7559289460184528,3.2999999999999927,7.495720195770256,0.71926636,HIGH,6.776453840732567,90.40430624073238,CRITICAL,Urgent stock replenishment required
FOODS_1_011_WI_3_validation,FOODS_1_011,FOODS_1,FOODS,WI_3,WI,d_1904,2,2016-04-15,11611,Friday,7,4,2016,,,,,0,1,1,2.68,0,2,0.0,0.0,0.0,0.0,0,1,0.10285172,0.0,0.0,0.7199620008468628,0.123422064,HIGH,0.5965399369597435,82.8571419405548,CRITICAL,Urgent stock replenishment required
FOODS_1_009_TX_2_validation,FOODS_1_009,FOODS_1,FOODS,TX_2,TX,d_1904,0,2016-04-15,11611,Friday,7,4,2016,,,,,0,1,1,2.24,0,2,0.0,0.0,0.0,0.0,0,1,0.13135263,0.0,0.0,0.9194684028625488,0.15762317,HIGH,0.7618452310562134,82.85714100499672,CRITICAL,Urgent stock replenishment required
FOODS_1_005_CA_4_validation,FOODS_1_005,FOODS_1,FOODS,CA_4,CA,d_1904,0,2016-04-15,11611,Friday,7,4,2016,,,,,0,1,1,3.54,0,2,0.0,3.0,1.2857142857142858,1.4960264830861911,0,1,1.2377332,1.4960264830861911,6.530888147870854,15.195021219770268,1.4852799,HIGH,13.709741302053288,90.22521985172038,CRITICAL,Urgent stock replenishment required
FOODS_1_011_WI_1_validation,FOODS_1_011,FOODS_1,FOODS,WI_1,WI,d_1904,0,2016-04-15,11611,Friday,7,4,2016,,,,,0,1,1,2.68,0,2,1.0,0.0,1.1428571428571428,1.0690449676496971,0,1,0.9684057,1.0690449676496971,4.6669047558312124,11.445744820833653,1.162087,HIGH,10.283657857180089,89.84699570150889,CRITICAL,Urgent stock replenishment required
FOODS_1_004_WI_1_validation,FOODS_1_004,FOODS_1,FOODS,WI_1,WI,d_1904,0,2016-04-15,11611,Friday,7,4,2016,,,,,0,1,1,1.96,0,2,0.0,0.0,0.0,0.0,0,1,0.34899265,0.0,0.0,2.442948579788208,0.4187912,HIGH,2.024157375097275,82.85714205547296,CRITICAL,Urgent stock replenishment required
FOODS_1_009_WI_2_validation,FOODS_1_009,FOODS_1,FOODS,WI_2,WI,d_1904,0,2016-04-15,11611,Friday,7,4,2016,,,,,0,1,1,2.24,0,2,0.0,0.0,0.0,0.0,0,1,0.13135263,0.0,0.0,0.9194684028625488,0.15762317,HIGH,0.7618452310562134,82.85714100499672,CRITICAL,Urgent stock replenishment required
FOODS_1_009_TX_3_validation,FOODS_1_009,FOODS_1,FOODS,TX_3,TX,d_1904,0,2016-04-15,11611,Friday,7,4,2016,,,,,0,1,1,2.24,0,2,0.0,0.0,0.0,0.0,0,1,0.13135263,0.0,0.0,0.9194684028625488,0.15762317,HIGH,0.7618452310562134,82.85714100499672,CRITICAL,Urgent stock replenishment required
FOODS_1_006_CA_2_validation,FOODS_1_006,FOODS_1,FOODS,CA_2,CA,d_1904,1,2016-04-15,11611,Friday,7,4,2016,,,,,0,1,1,2.48,0,2,1.0,2.0,1.1428571428571428,0.6900655593423543,0,1,1.0283147,0.6900655593423543,3.012474066278414,10.210677153131442,1.2339777,HIGH,8.976699477693515,87.91483016325232,CRITICAL,Urgent stock replenishment required
FOODS_1_005_CA_1_validation,FOODS_1_005,FOODS_1,FOODS,CA_1,CA,d_1904,3,2016-04-15,11611,Friday,7,4,2016,,,,,0,1,1,3.54,0,2,0.0,1.0,1.0,0.9999999999999906,0,1,0.96963024,0.9999999999999906,4.365489663256533,11.152901353014833,1.1635563,HIGH,9.989345015658266,89.56723187512067,CRITICAL,Urgent stock replenishment required
FOODS_1_003_WI_3_validation,FOODS_1_003,FOODS_1,FOODS,WI_3,WI,d_1904,0,2016-04-15,11611,Friday,7,4,2016,,,,,0,1,1,3.23,0,2,0.0,0.0,0.0,0.0,0,1,0.0946203,0.0,0.0,0.6623421311378479,0.11354437,HIGH,0.5487977638840675,82.85714256788698,CRITICAL,Urgent stock replenishment required
FOODS_1_010_WI_2_validation,FOODS_1_010,FOODS_1,FOODS,WI_2,WI,d_1904,0,2016-04-15,11611,Friday,7,4,2016,,,,,0,1,1,6.77,0,2,2.0,1.0,0.42857142857142855,0.7867957924694433,0,1,0.51046705,0.7867957924694433,3.4347488991191195,7.008018266337137,0.6125605,HIGH,6.395457755701761,91.25914791664003,CRITICAL,Urgent stock replenishment required
FOODS_1_006_TX_3_validation,FOODS_1_006,FOODS_1,FOODS,TX_3,TX,d_1904,0,2016-04-15,11611,Friday,7,4,2016,,,,,0,1,1,2.48,0,2,0.0,0.0,1.1428571428571428,1.7728105208558367,0,1,0.8558646,1.7728105208558367,7.739186003708658,13.730238154434977,1.0270375,HIGH,12.703200653099833,92.51988574572975,CRITICAL,Urgent stock replenishment required
FOODS_1_010_CA_4_validation,FOODS_1_010,FOODS_1,FOODS,CA_4,CA,d_1904,0,2016-04-15,11611,Friday,7,4,2016,,,,,0,1,1,5.56,0,2,0.0,0.0,0.0,0.0,0,1,0.10841985,0.0,0.0,0.7589389681816101,0.13010383,HIGH,0.628835141658783,82.8571424083611,CRITICAL,Urgent stock replenishment required
FOODS_1_010_TX_2_validation,FOODS_1_010,FOODS_1,FOODS,TX_2,TX,d_1904,0,2016-04-15,11611,Friday,7,4,2016,,,,,0,1,1,6.27,0,2,1.0,0.0,0.14285714285714285,0.37796447300922453,0,1,0.32540014,0.37796447300922453,1.6499999999999881,3.9278010368347047,0.3904802,HIGH,3.5373208463191865,90.05855472684038,CRITICAL,Urgent stock replenishment required
FOODS_1_003_WI_2_validation,FOODS_1_003,FOODS_1,FOODS,WI_2,WI,d_1905,0,2016-04-16,11612,Saturday,1,4,2016,,,,,0,0,0,3.23,1,2,0.0,3.0,0.0,0.0,0,0,0.25891328,0.0,0.0,1.8123929500579834,0.31069595,HIGH,1.5016970038414001,82.85714219939759,CRITICAL,Urgent stock replenishment required
FOODS_1_002_CA_4_validation,FOODS_1_002,FOODS_1,FOODS,CA_4,CA,d_1905,0,2016-04-16,11612,Saturday,1,4,2016,,,,,0,0,0,9.48,1,2,0.0,0.0,0.0,0.0,0,0,0.12937751,0.0,0.0,0.9056426286697388,0.15525302,HIGH,0.7503896057605743,82.85714276312179,CRITICAL,Urgent stock replenishment required
FOODS_1_008_CA_3_validation,FOODS_1_008,FOODS_1,FOODS,CA_3,CA,d_1905,1,2016-04-16,11612,Saturday,1,4,2016,,,,,0,0,0,3.54,1,2,0.0,0.0,0.0,0.0,0,0,0.15369608,0.0,0.0,1.075872540473938,0.1844353,HIGH,0.8914372473955154,82.85714281757056,CRITICAL,Urgent stock replenishment required
FOODS_1_011_TX_2_validation,FOODS_1_011,FOODS_1,FOODS,TX_2,TX,d_1905,1,2016-04-16,11612,Saturday,1,4,2016,,,,,0,0,0,2.68,1,2,0.0,1.0,0.14285714285714285,0.37796447300922725,0,0,0.45569775,0.37796447300922725,1.65,4.839884185791016,0.54683733,HIGH,4.293046855926514,88.70143770237493,CRITICAL,Urgent stock replenishment required
FOODS_1_005_CA_2_validation,FOODS_1_005,FOODS_1,FOODS,CA_2,CA,d_1905,2,2016-04-16,11612,Saturday,1,4,2016,,,,,0,0,0,3.54,1,2,14.0,1.0,9.285714285714286,4.029651999626675,0,0,8.210428,4.029651999626675,17.591404150891435,75.06440372364534,9.852514,HIGH,65.21188945667757,86.87458531844139,CRITICAL,Urgent stock replenishment required
FOODS_1_005_WI_3_validation,FOODS_1_005,FOODS_1,FOODS,WI_3,WI,d_1905,2,2016-04-16,11612,Saturday,1,4,2016,,,,,0,0,0,3.54,1,2,2.0,0.0,2.2857142857142856,2.2146697055682836,0,0,2.2780561,2.2146697055682836,9.668117707185823,25.61451072018631,2.7336674,HIGH,22.880843346529083,89.32766117018633,CRITICAL,Urgent stock replenishment required
FOODS_1_008_TX_3_validation,FOODS_1_008,FOODS_1,FOODS,TX_3,TX,d_1905,0,2016-04-16,11612,Saturday,1,4,2016,,,,,0,0,0,3.54,1,2,0.0,0.0,0.0,0.0,0,0,0.15369608,0.0,0.0,1.075872540473938,0.1844353,HIGH,0.8914372473955154,82.85714281757056,CRITICAL,Urgent stock replenishment required
FOODS_1_004_CA_2_validation,FOODS_1_004,FOODS_1,FOODS,CA_2,CA,d_1905,0,2016-04-16,11612,Saturday,1,4,2016,,,,,0,0,0,1.96,1,2,0.0,0.0,0.0,0.0,0,0,0.65725195,0.0,0.0,4.60076379776001,0.78870237,HIGH,3.8120614290237427,82.85714278311211,CRITICAL,Urgent stock replenishment required
FOODS_1_001_WI_3_validation,FOODS_1_001,FOODS_1,FOODS,WI_3,WI,d_1905,1,2016-04-16,11612,Saturday,1,4,2016,,,,,0,0,0,2.24,1,2,0.0,0.0,0.14285714285714285,0.3779644730092273,0,0,0.4558106,0.3779644730092273,1.6500000000000004,4.840674304962159,0.54697275,HIGH,4.293701553344727,88.70048433011219,CRITICAL,Urgent stock replenishment required
FOODS_1_003_TX_2_validation,FOODS_1_003,FOODS_1,FOODS,TX_2,TX,d_1905,0,2016-04-16,11612,Saturday,1,4,2016,,,,,0,0,0,3.23,1,2,1.0,0.0,0.5714285714285714,0.5345224838248491,0,0,0.58879006,0.5345224838248491,2.3334523779156084,6.4549829107525225,0.7065481,HIGH,5.748434816003072,89.05422207125439,CRITICAL,Urgent stock replenishment required
FOODS_1_010_TX_2_validation,FOODS_1_010,FOODS_1,FOODS,TX_2,TX,d_1905,0,2016-04-16,11612,Saturday,1,4,2016,,,,,0,0,0,6.27,1,2,0.0,1.0,0.0,0.0,0,0,0.23400742,0.0,0.0,1.638051986694336,0.28080893,HIGH,1.3572430610656738,82.85714202542817,CRITICAL,Urgent stock replenishment required
FOODS_1_002_CA_2_validation,FOODS_1_002,FOODS_1,FOODS,CA_2,CA,d_1905,2,2016-04-16,11612,Saturday,1,4,2016,,,,,0,0,0,9.48,1,2,0.0,0.0,0.8571428571428571,1.2149857925879117,0,0,0.60006845,1.2149857925879117,5.304007918546126,9.504486949155257,0.72008216,HIGH,8.784404785344528,92.42376608371555,CRITICAL,Urgent stock replenishment required
FOODS_1_002_CA_1_validation,FOODS_1_002,FOODS_1,FOODS,CA_1,CA,d_1905,3,2016-04-16,11612,Saturday,1,4,2016,,,,,0,0,0,9.48,1,2,0.0,1.0,0.42857142857142855,0.5345224838248488,0,0,0.5480672,0.5345224838248488,2.333452377915607,6.169922981858479,0.6576807,HIGH,5.512242291569935,89.34053646662474,CRITICAL,Urgent stock replenishment required
FOODS_1_003_CA_1_validation,FOODS_1_003,FOODS_1,FOODS,CA_1,CA,d_1905,0,2016-04-16,11612,Saturday,1,4,2016,,,,,0,0,0,3.23,1,2,1.0,0.0,1.0,1.1547005383792517,0,0,0.9508298,1.1547005383792517,5.040833264451424,11.69664171324293,1.1409959,HIGH,10.555645853143137,90.24509865247938,CRITICAL,Urgent stock replenishment required
FOODS_1_011_TX_3_validation,FOODS_1_011,FOODS_1,FOODS,TX_3,TX,d_1905,0,2016-04-16,11612,Saturday,1,4,2016,,,,,0,0,0,2.68,1,2,1.0,0.0,0.2857142857142857,0.48795003647426666,0,0,0.4784459,0.48795003647426666,2.1301408404140796,5.47926193416408,0.57413507,HIGH,4.905126869085344,89.5216714955912,CRITICAL,Urgent stock replenishment required
FOODS_1_006_CA_1_validation,FOODS_1_006,FOODS_1,FOODS,CA_1,CA,d_1905,3,2016-04-16,11612,Saturday,1,4,2016,,,,,0,0,0,2.48,1,2,3.0,8.0,0.8571428571428571,1.214985792587911,0,0,1.4439188,1.214985792587911,5.304007918546122,15.411439330289287,1.7327026,HIGH,13.678736717412395,88.75703575933055,CRITICAL,Urgent stock replenishment required
FOODS_1_002_CA_3_validation,FOODS_1_002,FOODS_1,FOODS,CA_3,CA,d_1905,0,2016-04-16,11612,Saturday,1,4,2016,,,,,0,0,0,9.48,1,2,0.0,0.0,0.7142857142857143,0.7559289460184545,0,0,0.5791163,0.7559289460184545,3.3,7.353813934326172,0.69493955,HIGH,6.658874380588531,90.54994374424138,CRITICAL,Urgent stock replenishment required
FOODS_1_008_CA_4_validation,FOODS_1_008,FOODS_1,FOODS,CA_4,CA,d_1905,0,2016-04-16,11612,Saturday,1,4,2016,,,,,0,0,0,3.54,1,2,0.0,0.0,0.2857142857142857,0.4879500364742666,0,0,0.4174434,0.4879500364742666,2.1301408404140796,5.052244722250017,0.5009321,HIGH,4.5513126248150195,90.08495975602885,CRITICAL,Urgent stock replenishment required
FOODS_1_009_TX_2_validation,FOODS_1_009,FOODS_1,FOODS,TX_2,TX,d_1905,0,2016-04-16,11612,Saturday,1,4,2016,,,,,0,0,0,2.24,1,2,0.0,0.0,0.0,0.0,0,0,0.14763719,0.0,0.0,1.0334603786468506,0.17716463,HIGH,0.8562957495450974,82.85714355748,CRITICAL,Urgent stock replenishment required
FOODS_1_006_TX_1_validation,FOODS_1_006,FOODS_1,FOODS,TX_1,TX,d_1905,0,2016-04-16,11612,Saturday,1,4,2016,,,,,0,0,0,2.48,1,2,0.0,0.0,0.42857142857142855,0.7867957924694432,0,0,0.59907585,0.7867957924694432,3.434748899119119,7.628279935496073,0.718891,HIGH,6.909388910906534,90.57597478503142,CRITICAL,Urgent stock replenishment required
FOODS_1_010_WI_3_validation,FOODS_1_010,FOODS_1,FOODS,WI_3,WI,d_1905,0,2016-04-16,11612,Saturday,1,4,2016,,,,,0,0,0,6.77,1,2,0.0,0.0,0.42857142857142855,0.786795792469443,0,0,0.4743546,0.786795792469443,3.4347488991191186,6.755231153147439,0.56922555,HIGH,6.186005603449563,91.57355926402816,CRITICAL,Urgent stock replenishment required
FOODS_1_002_WI_1_validation,FOODS_1_002,FOODS_1,FOODS,WI_1,WI,d_1905,2,2016-04-16,11612,Saturday,1,4,2016,,,,,0,0,0,9.48,1,2,2.0,0.0,0.8571428571428571,0.6900655593423561,0,0,0.6002012,0.6900655593423561,3.012474066278422,7.213882452508891,0.7202414,HIGH,6.493641025087321,90.01589737338901,CRITICAL,Urgent stock replenishment required
FOODS_1_003_CA_2_validation,FOODS_1_003,FOODS_1,FOODS,CA_2,CA,d_1905,0,2016-04-16,11612,Saturday,1,4,2016,,,,,0,0,0,3.23,1,2,4.0,0.0,1.8571428571428572,1.2149857925879115,0,0,1.5617856,1.2149857925879115,5.304007918546124,16.23650685043089,1.8741428,HIGH,14.362364084432048,88.45722923493791,CRITICAL,Urgent stock replenishment required
FOODS_1_005_WI_1_validation,FOODS_1_005,FOODS_1,FOODS,WI_1,WI,d_1905,0,2016-04-16,11612,Saturday,1,4,2016,,,,,0,0,0,3.54,1,2,2.0,2.0,2.142857142857143,1.2149857925879086,0,0,1.9401926,1.2149857925879086,5.3040079185461115,18.885356337735566,2.328231,HIGH,16.557125241467865,87.67176507220267,CRITICAL,Urgent stock replenishment required
FOODS_1_001_CA_4_validation,FOODS_1_001,FOODS_1,FOODS,CA_4,CA,d_1905,0,2016-04-16,11612,Saturday,1,4,2016,,,,,0,0,0,2.24,1,2,0.0,1.0,0.0,0.0,0,0,0.22838943,0.0,0.0,1.5987260341644287,0.2740673,HIGH,1.3246587216854095,82.85714333649042,CRITICAL,Urgent stock replenishment required
FOODS_1_009_WI_3_validation,FOODS_1_009,FOODS_1,FOODS,WI_3,WI,d_1905,0,2016-04-16,11612,Saturday,1,4,2016,,,,,0,0,0,2.24,1,2,0.0,0.0,0.0,0.0,0,0,0.14763719,0.0,0.0,1.0334603786468506,0.17716463,HIGH,0.8562957495450974,82.85714355748,CRITICAL,Urgent stock replenishment required
FOODS_1_006_CA_3_validation,FOODS_1_006,FOODS_1,FOODS,CA_3,CA,d_1905,3,2016-04-16,11612,Saturday,1,4,2016,,,,,0,0,0,2.48,1,2,7.0,1.0,1.5714285714285714,2.507132682112035,0,0,1.2414979,2.507132682112035,10.94486180817282,19.635346808783172,1.4897975,HIGH,18.145549335829376,92.412675531214,CRITICAL,Urgent stock replenishment required
FOODS_1_008_CA_1_validation,FOODS_1_008,FOODS_1,FOODS,CA_1,CA,d_1905,1,2016-04-16,11612,Saturday,1,4,2016,,,,,0,0,0,3.54,1,2,0.0,0.0,0.14285714285714285,0.37796447300922725,0,0,0.34283984,0.37796447300922725,1.65,4.049878978729248,0.41140783,HIGH,3.6384711503982547,89.84147846165806,CRITICAL,Urgent stock replenishment required
FOODS_1_002_TX_3_validation,FOODS_1_002,FOODS_1,FOODS,TX_3,TX,d_1905,0,2016-04-16,11612,Saturday,1,4,2016,,,,,0,0,0,9.48,1,2,0.0,0.0,0.14285714285714285,0.37796447300922725,0,0,0.33905977,0.37796447300922725,1.65,4.023418331146241,0.40687174,HIGH,3.6165465950965885,89.88741158482176,CRITICAL,Urgent stock replenishment required
FOODS_1_001_TX_2_validation,FOODS_1_001,FOODS_1,FOODS,TX_2,TX,d_1905,0,2016-04-16,11612,Saturday,1,4,2016,,,,,0,0,0,2.24,1,2,0.0,0.0,0.7142857142857143,1.1126972805283737,0,0,0.80596846,1.1126972805283737,4.857468476480316,10.499247899240327,0.9671622,HIGH,9.532085707372499,90.78827168241443,CRITICAL,Urgent stock replenishment required
FOODS_1_001_CA_3_validation,FOODS_1_001,FOODS_1,FOODS,CA_3,CA,d_1905,0,2016-04-16,11612,Saturday,1,4,2016,,,,,0,0,0,2.24,1,2,4.0,2.0,1.0,1.5275252316519472,0,0,1.1383425,1.5275252316519472,6.6683956091401795,14.636793226480268,1.366011,HIGH,13.270782202958845,90.6672793528975,CRITICAL,Urgent stock replenishment required
FOODS_1_009_WI_2_validation,FOODS_1_009,FOODS_1,FOODS,WI_2,WI,d_1905,0,2016-04-16,11612,Saturday,1,4,2016,,,,,0,0,0,2.24,1,2,0.0,0.0,0.0,0.0,0,0,0.14763719,0.0,0.0,1.0334603786468506,0.17716463,HIGH,0.8562957495450974,82.85714355748,CRITICAL,Urgent stock replenishment required
FOODS_1_004_TX_2_validation,FOODS_1_004,FOODS_1,FOODS,TX_2,TX,d_1905,0,2016-04-16,11612,Saturday,1,4,2016,,,,,0,0,0,1.96,1,2,0.0,0.0,0.0,0.0,0,0,0.65725195,0.0,0.0,4.60076379776001,0.78870237,HIGH,3.8120614290237427,82.85714278311211,CRITICAL,Urgent stock replenishment required
FOODS_1_009_TX_1_validation,FOODS_1_009,FOODS_1,FOODS,TX_1,TX,d_1905,0,2016-04-16,11612,Saturday,1,4,2016,,,,,0,0,0,2.24,1,2,0.0,0.0,0.0,0.0,0,0,0.14763719,0.0,0.0,1.0334603786468506,0.17716463,HIGH,0.8562957495450974,82.85714355748,CRITICAL,Urgent stock replenishment required
FOODS_1_004_TX_1_validation,FOODS_1_004,FOODS_1,FOODS,TX_1,TX,d_1905,0,2016-04-16,11612,Saturday,1,4,2016,,,,,0,0,0,1.96,1,2,0.0,0.0,0.0,0.0,0,0,0.65725195,0.0,0.0,4.60076379776001,0.78870237,HIGH,3.8120614290237427,82.85714278311211,CRITICAL,Urgent stock replenishment required
FOODS_1_011_CA_4_validation,FOODS_1_011,FOODS_1,FOODS,CA_4,CA,d_1905,2,2016-04-16,11612,Saturday,1,4,2016,,,,,0,0,0,2.68,1,2,0.0,0.0,1.0,1.5275252316519463,0,0,0.90300894,1.5275252316519463,6.668395609140176,12.98945817399003,1.0836108,HIGH,11.905847400903482,91.65776771769927,CRITICAL,Urgent stock replenishment required
FOODS_1_009_TX_3_validation,FOODS_1_009,FOODS_1,FOODS,TX_3,TX,d_1905,0,2016-04-16,11612,Saturday,1,4,2016,,,,,0,0,0,2.24,1,2,0.0,0.0,0.0,0.0,0,0,0.14763719,0.0,0.0,1.0334603786468506,0.17716463,HIGH,0.8562957495450974,82.85714355748,CRITICAL,Urgent stock replenishment required
FOODS_1_004_CA_4_validation,FOODS_1_004,FOODS_1,FOODS,CA_4,CA,d_1905,0,2016-04-16,11612,Saturday,1,4,2016,,,,,0,0,0,1.96,1,2,0.0,0.0,0.0,0.0,0,0,0.65725195,0.0,0.0,4.60076379776001,0.78870237,HIGH,3.8120614290237427,82.85714278311211,CRITICAL,Urgent stock replenishment required
FOODS_1_011_WI_3_validation,FOODS_1_011,FOODS_1,FOODS,WI_3,WI,d_1905,0,2016-04-16,11612,Saturday,1,4,2016,,,,,0,0,0,2.68,1,2,0.0,0.0,0.2857142857142857,0.7559289460184545,0,0,0.5181788,0.7559289460184545,3.3,6.927251625061035,0.6218146,HIGH,6.305437016487121,91.02364628528366,CRITICAL,Urgent stock replenishment required
FOODS_1_005_CA_1_validation,FOODS_1_005,FOODS_1,FOODS,CA_1,CA,d_1905,1,2016-04-16,11612,Saturday,1,4,2016,,,,,0,0,0,3.54,1,2,2.0,1.0,1.4285714285714286,1.1338934190276733,0,0,1.336161,1.1338934190276733,4.949999999999963,14.303127479553186,1.6033933,HIGH,12.699734163284266,88.78991102777329,CRITICAL,Urgent stock replenishment required
FOODS_1_005_CA_4_validation,FOODS_1_005,FOODS_1,FOODS,CA_4,CA,d_1905,3,2016-04-16,11612,Saturday,1,4,2016,,,,,0,0,0,3.54,1,2,4.0,0.0,1.2857142857142858,1.4960264830861911,0,0,1.1592193,1.4960264830861911,6.530888147870854,14.645422525922612,1.3910632,HIGH,13.254359312574223,90.50172017306987,CRITICAL,Urgent stock replenishment required
FOODS_1_006_TX_3_validation,FOODS_1_006,FOODS_1,FOODS,TX_3,TX,d_1905,1,2016-04-16,11612,Saturday,1,4,2016,,,,,0,0,0,2.48,1,2,1.0,0.0,1.1428571428571428,1.772810520855837,0,0,0.9739884,1.772810520855837,7.739186003708659,14.55710478117448,1.1687862,HIGH,13.38831861307603,91.97102593085718,CRITICAL,Urgent stock replenishment required
FOODS_1_006_CA_2_validation,FOODS_1_006,FOODS_1,FOODS,CA_2,CA,d_1905,0,2016-04-16,11612,Saturday,1,4,2016,,,,,0,0,0,2.48,1,2,2.0,0.0,1.1428571428571428,0.6900655593423543,0,0,1.0230167,0.6900655593423543,3.012474066278414,10.173590666315036,1.2276201,HIGH,8.945970541498141,87.93326599150907,CRITICAL,Urgent stock replenishment required
FOODS_1_009_WI_1_validation,FOODS_1_009,FOODS_1,FOODS,WI_1,WI,d_1905,0,2016-04-16,11612,Saturday,1,4,2016,,,,,0,0,0,2.24,1,2,0.0,0.0,0.0,0.0,0,0,0.14763719,0.0,0.0,1.0334603786468506,0.17716463,HIGH,0.8562957495450974,82.85714355748,CRITICAL,Urgent stock replenishment required
FOODS_1_011_WI_1_validation,FOODS_1_011,FOODS_1,FOODS,WI_1,WI,d_1905,3,2016-04-16,11612,Saturday,1,4,2016,,,,,0,0,0,2.68,1,2,0.0,0.0,1.0,1.154700538379251,0,0,0.9442272,1.154700538379251,5.040833264451422,11.65042379484693,1.1330727,HIGH,10.51735106096784,90.27440757665609,CRITICAL,Urgent stock replenishment required
FOODS_1_008_TX_1_validation,FOODS_1_008,FOODS_1,FOODS,TX_1,TX,d_1905,0,2016-04-16,11612,Saturday,1,4,2016,,,,,0,0,0,3.54,1,2,0.0,0.0,0.14285714285714285,0.37796447300922725,0,0,0.34283984,0.37796447300922725,1.65,4.049878978729248,0.41140783,HIGH,3.6384711503982547,89.84147846165806,CRITICAL,Urgent stock replenishment required
FOODS_1_004_CA_3_validation,FOODS_1_004,FOODS_1,FOODS,CA_3,CA,d_1905,0,2016-04-16,11612,Saturday,1,4,2016,,,,,0,0,0,1.5,1,2,0.0,0.0,0.0,0.0,0,0,0.5827271,0.0,0.0,4.079089641571045,0.6992725,HIGH,3.3798171281814575,82.85714277364433,CRITICAL,Urgent stock replenishment required
FOODS_1_008_WI_3_validation,FOODS_1_008,FOODS_1,FOODS,WI_3,WI,d_1905,1,2016-04-16,11612,Saturday,1,4,2016,,,,,0,0,0,3.54,1,2,0.0,0.0,0.0,0.0,0,0,0.15369608,0.0,0.0,1.075872540473938,0.1844353,HIGH,0.8914372473955154,82.85714281757056,CRITICAL,Urgent stock replenishment required
FOODS_1_002_WI_2_validation,FOODS_1_002,FOODS_1,FOODS,WI_2,WI,d_1905,0,2016-04-16,11612,Saturday,1,4,2016,,,,,0,0,0,9.48,1,2,0.0,3.0,0.42857142857142855,0.7867957924694432,0,0,0.7133193,0.7867957924694432,3.434748899119119,8.427984010355692,0.8559832,HIGH,7.572000812666635,89.84355930626722,CRITICAL,Urgent stock replenishment required
FOODS_1_011_TX_1_validation,FOODS_1_011,FOODS_1,FOODS,TX_1,TX,d_1905,0,2016-04-16,11612,Saturday,1,4,2016,,,,,0,0,0,2.68,1,2,0.0,0.0,0.0,0.0,0,0,0.11719207,0.0,0.0,0.8203444480895996,0.14063048,HIGH,0.6797139644622803,82.8571420267649,CRITICAL,Urgent stock replenishment required
FOODS_1_005_TX_2_validation,FOODS_1_005,FOODS_1,FOODS,TX_2,TX,d_1905,1,2016-04-16,11612,Saturday,1,4,2016,,,,,0,0,0,3.54,1,2,1.0,1.0,1.0,0.8164965809277248,0,0,1.0807753,0.8164965809277248,3.564407384124318,11.129834210601368,1.2969303,HIGH,9.832903897491017,88.34726296394423,CRITICAL,Urgent stock replenishment required
FOODS_1_005_CA_3_validation,FOODS_1_005,FOODS_1,FOODS,CA_3,CA,d_1905,2,2016-04-16,11612,Saturday,1,4,2016,,,,,0,0,0,3.54,1,2,1.0,1.0,3.0,1.825741858350553,0,0,3.2058787,1.825741858350553,7.9702572104041876,30.41140787568739,3.8470547,HIGH,26.564353155762465,87.34996177865057,CRITICAL,Urgent stock replenishment required
FOODS_1_008_WI_2_validation,FOODS_1_008,FOODS_1,FOODS,WI_2,WI,d_1905,0,2016-04-16,11612,Saturday,1,4,2016,,,,,0,0,0,3.54,1,2,0.0,1.0,0.14285714285714285,0.37796447300922725,0,0,0.41387063,0.37796447300922725,1.65,4.547094488143921,0.49664477,HIGH,4.050449723005295,89.07775577495528,CRITICAL,Urgent stock replenishment required
FOODS_1_001_TX_1_validation,FOODS_1_001,FOODS_1,FOODS,TX_1,TX,d_1905,0,2016-04-16,11612,Saturday,1,4,2016,,,,,0,0,0,2.24,1,2,0.0,1.0,0.0,0.0,0,0,0.22838943,0.0,0.0,1.5987260341644287,0.2740673,HIGH,1.3246587216854095,82.85714333649042,CRITICAL,Urgent stock replenishment required
FOODS_1_002_WI_3_validation,FOODS_1_002,FOODS_1,FOODS,WI_3,WI,d_1905,1,2016-04-16,11612,Saturday,1,4,2016,,,,,0,0,0,9.48,1,2,1.0,0.0,0.14285714285714285,0.3779644730092273,0,0,0.33905977,0.3779644730092273,1.6500000000000004,4.023418331146241,0.40687174,HIGH,3.6165465950965885,89.88741158482176,CRITICAL,Urgent stock replenishment required
FOODS_1_004_WI_1_validation,FOODS_1_004,FOODS_1,FOODS,WI_1,WI,d_1905,0,2016-04-16,11612,Saturday,1,4,2016,,,,,0,0,0,1.96,1,2,0.0,0.0,0.0,0.0,0,0,0.65725195,0.0,0.0,4.60076379776001,0.78870237,HIGH,3.8120614290237427,82.85714278311211,CRITICAL,Urgent stock replenishment required
FOODS_1_010_CA_4_validation,FOODS_1_010,FOODS_1,FOODS,CA_4,CA,d_1905,0,2016-04-16,11612,Saturday,1,4,2016,,,,,0,0,0,5.64,1,2,0.0,0.0,0.0,0.0,0,0,0.11806653,0.0,0.0,0.8264656662940979,0.14167984,HIGH,0.6847858279943466,82.85714167231546,CRITICAL,Urgent stock replenishment required
FOODS_1_010_WI_1_validation,FOODS_1_010,FOODS_1,FOODS,WI_1,WI,d_1905,3,2016-04-16,11612,Saturday,1,4,2016,,,,,0,0,0,6.77,1,2,1.0,2.0,1.5714285714285714,0.975900072948534,0,0,1.1712162,0.975900072948534,4.260281680828162,12.458795665508337,1.4054595,HIGH,11.053336142307348,88.71913818209616,CRITICAL,Urgent stock replenishment required
FOODS_1_009_CA_3_validation,FOODS_1_009,FOODS_1,FOODS,CA_3,CA,d_1905,0,2016-04-16,11612,Saturday,1,4,2016,,,,,0,0,0,1.98,1,2,0.0,0.0,0.0,0.0,0,0,0.15026142,0.0,0.0,1.0518299341201782,0.1803137,HIGH,0.871516227722168,82.85714253332817,CRITICAL,Urgent stock replenishment required
FOODS_1_003_TX_1_validation,FOODS_1_003,FOODS_1,FOODS,TX_1,TX,d_1905,0,2016-04-16,11612,Saturday,1,4,2016,,,,,0,0,0,3.23,1,2,0.0,0.0,0.14285714285714285,0.37796447300922725,0,0,0.3426633,0.37796447300922725,1.65,4.048643016815186,0.41119596,HIGH,3.6374470531940464,89.84361026859311,CRITICAL,Urgent stock replenishment required
FOODS_1_005_TX_1_validation,FOODS_1_005,FOODS_1,FOODS,TX_1,TX,d_1905,0,2016-04-16,11612,Saturday,1,4,2016,,,,,0,0,0,3.54,1,2,0.0,2.0,0.2857142857142857,0.48795003647426666,0,0,0.5936395,0.48795003647426666,2.1301408404140796,6.285617410543474,0.7123674,HIGH,5.5732499951153125,88.66670735903782,CRITICAL,Urgent stock replenishment required
FOODS_1_005_WI_2_validation,FOODS_1_005,FOODS_1,FOODS,WI_2,WI,d_1905,2,2016-04-16,11612,Saturday,1,4,2016,,,,,0,0,0,3.54,1,2,2.0,1.0,2.4285714285714284,2.572750982712399,0,0,2.3264291,2.572750982712399,11.231317821164172,27.516321483273547,2.7917151,HIGH,24.724606338162463,89.8543301043779,CRITICAL,Urgent stock replenishment required
FOODS_1_002_TX_1_validation,FOODS_1_002,FOODS_1,FOODS,TX_1,TX,d_1905,1,2016-04-16,11612,Saturday,1,4,2016,,,,,0,0,0,9.48,1,2,0.0,0.0,0.14285714285714285,0.37796447300922725,0,0,0.33905977,0.37796447300922725,1.65,4.023418331146241,0.40687174,HIGH,3.6165465950965885,89.88741158482176,CRITICAL,Urgent stock replenishment required
FOODS_1_010_TX_3_validation,FOODS_1_010,FOODS_1,FOODS,TX_3,TX,d_1905,0,2016-04-16,11612,Saturday,1,4,2016,,,,,0,0,0,6.27,1,2,2.0,1.0,1.1428571428571428,0.899735410842438,0,0,0.9143859,0.899735410842438,3.9277856356985703,10.328487158525718,1.0972631,HIGH,9.231224060762656,89.37634252798273,CRITICAL,Urgent stock replenishment required
FOODS_1_003_TX_3_validation,FOODS_1_003,FOODS_1,FOODS,TX_3,TX,d_1905,0,2016-04-16,11612,Saturday,1,4,2016,,,,,0,0,0,3.23,1,2,0.0,0.0,0.0,0.0,0,0,0.10745875,0.0,0.0,0.7522112131118774,0.1289505,HIGH,0.6232607066631317,82.85714115915914,CRITICAL,Urgent stock replenishment required
FOODS_1_001_TX_3_validation,FOODS_1_001,FOODS_1,FOODS,TX_3,TX,d_1905,1,2016-04-16,11612,Saturday,1,4,2016,,,,,0,0,0,2.24,1,2,0.0,2.0,0.42857142857142855,0.534522483824849,0,0,0.8093438,0.534522483824849,2.333452377915608,7.998859081864582,0.9712126,HIGH,7.027646456361042,87.85811056847442,CRITICAL,Urgent stock replenishment required
FOODS_1_006_WI_2_validation,FOODS_1_006,FOODS_1,FOODS,WI_2,WI,d_1905,3,2016-04-16,11612,Saturday,1,4,2016,,,,,0,0,0,2.48,1,2,2.0,0.0,1.5714285714285714,1.2724180205606985,0,0,1.3661336,1.2724180205606985,5.55472771609912,15.1176625915874,1.6393603,HIGH,13.478302282940245,89.15599353593578,CRITICAL,Urgent stock replenishment required
FOODS_1_011_WI_2_validation,FOODS_1_011,FOODS_1,FOODS,WI_2,WI,d_1905,0,2016-04-16,11612,Saturday,1,4,2016,,,,,0,0,0,2.68,1,2,0.0,0.0,0.5714285714285714,1.511857892036909,0,0,0.6060688,1.511857892036909,6.6,10.842481708526611,0.7272826,HIGH,10.11519912481308,93.29228673596386,CRITICAL,Urgent stock replenishment required
FOODS_1_002_TX_2_validation,FOODS_1_002,FOODS_1,FOODS,TX_2,TX,d_1905,0,2016-04-16,11612,Saturday,1,4,2016,,,,,0,0,0,9.48,1,2,0.0,0.0,0.14285714285714285,0.3779644730092273,0,0,0.33905977,0.3779644730092273,1.6500000000000004,4.023418331146241,0.40687174,HIGH,3.6165465950965885,89.88741158482176,CRITICAL,Urgent stock replenishment required
FOODS_1_001_WI_2_validation,FOODS_1_001,FOODS_1,FOODS,WI_2,WI,d_1905,0,2016-04-16,11612,Saturday,1,4,2016,,,,,0,0,0,2.24,1,2,0.0,2.0,0.7142857142857143,1.2535663410560176,0,0,0.9850858,1.2535663410560176,5.47243090408641,12.368031222995102,1.182103,HIGH,11.185928185160934,90.44226994158652,CRITICAL,Urgent stock replenishment required
FOODS_1_010_CA_1_validation,FOODS_1_010,FOODS_1,FOODS,CA_1,CA,d_1905,0,2016-04-16,11612,Saturday,1,4,2016,,,,,0,0,0,5.64,1,2,0.0,0.0,0.0,0.0,0,0,0.11806653,0.0,0.0,0.8264656662940979,0.14167984,HIGH,0.6847858279943466,82.85714167231546,CRITICAL,Urgent stock replenishment required
FOODS_1_003_WI_3_validation,FOODS_1_003,FOODS_1,FOODS,WI_3,WI,d_1905,1,2016-04-16,11612,Saturday,1,4,2016,,,,,0,0,0,3.23,1,2,0.0,2.0,0.0,0.0,0,0,0.24025173,0.0,0.0,1.6817620992660522,0.2883021,HIGH,1.3934600055217743,82.85714169262718,CRITICAL,Urgent stock replenishment required
FOODS_1_008_WI_1_validation,FOODS_1_008,FOODS_1,FOODS,WI_1,WI,d_1905,1,2016-04-16,11612,Saturday,1,4,2016,,,,,0,0,0,3.54,1,2,1.0,1.0,0.2857142857142857,0.4879500364742671,0,0,0.5066075,0.4879500364742671,2.1301408404140814,5.676393091085468,0.607929,HIGH,5.068464099767719,89.29022388755149,CRITICAL,Urgent stock replenishment required
FOODS_1_011_CA_3_validation,FOODS_1_011,FOODS_1,FOODS,CA_3,CA,d_1905,2,2016-04-16,11612,Saturday,1,4,2016,,,,,0,0,0,2.68,1,2,3.0,0.0,2.0,1.4142135623730931,0,0,1.6987256,1.4142135623730931,6.173734688176995,18.064813637151605,2.0384707,HIGH,16.026342892064935,88.7157942172489,CRITICAL,Urgent stock replenishment required
FOODS_1_005_TX_3_validation,FOODS_1_005,FOODS_1,FOODS,TX_3,TX,d_1905,1,2016-04-16,11612,Saturday,1,4,2016,,,,,0,0,0,3.54,1,2,0.0,1.0,0.5714285714285714,0.7867957924694422,0,0,0.688571,0.7867957924694422,3.434748899119115,8.254745732920384,0.8262852,HIGH,7.428460549490666,89.99018007139279,CRITICAL,Urgent stock replenishment required
FOODS_1_006_CA_4_validation,FOODS_1_006,FOODS_1,FOODS,CA_4,CA,d_1905,2,2016-04-16,11612,Saturday,1,4,2016,,,,,0,0,0,2.48,1,2,0.0,4.0,1.2857142857142858,1.7994708216848754,0,0,1.4107313,1.7994708216848754,7.855571271397138,17.73069048068669,1.6928777,HIGH,16.037812830425764,90.45227453434536,CRITICAL,Urgent stock replenishment required
FOODS_1_004_WI_2_validation,FOODS_1_004,FOODS_1,FOODS,WI_2,WI,d_1905,0,2016-04-16,11612,Saturday,1,4,2016,,,,,0,0,0,1.96,1,2,0.0,0.0,0.0,7.389734084383283e-07,0,0,0.6705396,7.389734084383283e-07,3.2259807759590005e-06,4.693780310331362,0.80464756,HIGH,3.8891327454433613,82.85715326051987,CRITICAL,Urgent stock replenishment required
FOODS_1_010_CA_2_validation,FOODS_1_010,FOODS_1,FOODS,CA_2,CA,d_1905,0,2016-04-16,11612,Saturday,1,4,2016,,,,,0,0,0,5.64,1,2,0.0,0.0,0.2857142857142857,0.48795003647426666,0,0,0.39154482,0.48795003647426666,2.1301408404140796,4.870954572561296,0.4698538,HIGH,4.401100783947023,90.35396898872719,CRITICAL,Urgent stock replenishment required
FOODS_1_006_TX_2_validation,FOODS_1_006,FOODS_1,FOODS,TX_2,TX,d_1905,1,2016-04-16,11612,Saturday,1,4,2016,,,,,0,0,0,2.48,1,2,0.0,1.0,0.5714285714285714,0.9759000729485331,0,0,0.78034157,0.9759000729485331,4.260281680828158,9.72267258048636,0.9364099,HIGH,8.786262689834658,90.36880155224912,CRITICAL,Urgent stock replenishment required
FOODS_1_006_WI_1_validation,FOODS_1_006,FOODS_1,FOODS,WI_1,WI,d_1905,0,2016-04-16,11612,Saturday,1,4,2016,,,,,0,0,0,2.48,1,2,1.0,4.0,1.8571428571428572,2.7945525240230884,0,0,1.6646198,2.7945525240230884,12.19959015705036,23.851929138678777,1.9975438,HIGH,21.85438532688068,91.62523165239982,CRITICAL,Urgent stock replenishment required
FOODS_1_011_CA_2_validation,FOODS_1_011,FOODS_1,FOODS,CA_2,CA,d_1905,1,2016-04-16,11612,Saturday,1,4,2016,,,,,0,0,0,2.68,1,2,5.0,1.0,2.5714285714285716,1.9880595947760102,0,0,2.078564,1.9880595947760102,8.678853610932727,23.228801349580188,2.4942768,HIGH,20.73452458757152,89.26213744535835,CRITICAL,Urgent stock replenishment required
FOODS_1_009_CA_2_validation,FOODS_1_009,FOODS_1,FOODS,CA_2,CA,d_1905,0,2016-04-16,11612,Saturday,1,4,2016,,,,,0,0,0,2.24,1,2,0.0,0.0,0.0,0.0,0,0,0.14763719,0.0,0.0,1.0334603786468506,0.17716463,HIGH,0.8562957495450974,82.85714355748,CRITICAL,Urgent stock replenishment required
FOODS_1_006_WI_3_validation,FOODS_1_006,FOODS_1,FOODS,WI_3,WI,d_1905,0,2016-04-16,11612,Saturday,1,4,2016,,,,,0,0,0,2.48,1,2,0.0,1.0,0.14285714285714285,0.3779644730092105,0,0,0.44693407,0.3779644730092105,1.6499999999999269,4.778538608550952,0.5363209,HIGH,4.242217683792041,88.77646559558623,CRITICAL,Urgent stock replenishment required
FOODS_1_004_WI_3_validation,FOODS_1_004,FOODS_1,FOODS,WI_3,WI,d_1905,0,2016-04-16,11612,Saturday,1,4,2016,,,,,0,0,0,1.96,1,2,0.0,0.0,0.0,4.272243734249905e-07,0,0,0.6308979,4.272243734249905e-07,1.8650435860780626e-06,4.416286903037971,0.7570775,HIGH,3.6592093879126963,82.85714828435444,CRITICAL,Urgent stock replenishment required
FOODS_1_003_WI_1_validation,FOODS_1_003,FOODS_1,FOODS,WI_1,WI,d_1905,1,2016-04-16,11612,Saturday,1,4,2016,,,,,0,0,0,3.23,1,2,1.0,2.0,0.7142857142857143,1.1126972805283744,0,0,0.96107,1.1126972805283744,4.857468476480319,11.584958424753024,1.1532841,HIGH,10.431674351877048,90.044987382848,CRITICAL,Urgent stock replenishment required
FOODS_1_001_CA_2_validation,FOODS_1_001,FOODS_1,FOODS,CA_2,CA,d_1905,0,2016-04-16,11612,Saturday,1,4,2016,,,,,0,0,0,2.24,1,2,0.0,0.0,0.42857142857142855,0.7867957924694432,0,0,0.6568677,0.7867957924694432,3.434748899119119,8.032822858469705,0.78824127,HIGH,7.244581591265421,90.18724449558634,CRITICAL,Urgent stock replenishment required
FOODS_1_010_CA_3_validation,FOODS_1_010,FOODS_1,FOODS,CA_3,CA,d_1905,0,2016-04-16,11612,Saturday,1,4,2016,,,,,0,0,0,5.64,1,2,1.0,0.0,0.5714285714285714,0.5345224838248497,0,0,0.5196681,0.5345224838248497,2.3334523779156107,5.971129093766441,0.62360173,HIGH,5.347527359128227,89.55638498438724,CRITICAL,Urgent stock replenishment required
FOODS_1_001_WI_1_validation,FOODS_1_001,FOODS_1,FOODS,WI_1,WI,d_1905,0,2016-04-16,11612,Saturday,1,4,2016,,,,,0,0,0,2.24,1,2,0.0,0.0,0.14285714285714285,0.3779644730092273,0,0,0.4558106,0.3779644730092273,1.6500000000000004,4.840674304962159,0.54697275,HIGH,4.293701553344727,88.70048433011219,CRITICAL,Urgent stock replenishment required
FOODS_1_010_TX_1_validation,FOODS_1_010,FOODS_1,FOODS,TX_1,TX,d_1905,1,2016-04-16,11612,Saturday,1,4,2016,,,,,0,0,0,6.27,1,2,2.0,0.0,1.2857142857142858,1.1126972805283735,0,0,0.9368235,1.1126972805283735,4.8574684764803155,11.4152330066622,1.1241882,HIGH,10.291044821924041,90.15185950140435,CRITICAL,Urgent stock replenishment required
FOODS_1_008_TX_2_validation,FOODS_1_008,FOODS_1,FOODS,TX_2,TX,d_1905,0,2016-04-16,11612,Saturday,1,4,2016,,,,,0,0,0,3.54,1,2,0.0,0.0,0.2857142857142857,0.7559289460184545,0,0,0.46212658,0.7559289460184545,3.3,6.534886169433594,0.5545519,HIGH,5.980334270000458,91.5139776722201,CRITICAL,Urgent stock replenishment required
FOODS_1_003_CA_4_validation,FOODS_1_003,FOODS_1,FOODS,CA_4,CA,d_1905,0,2016-04-16,11612,Saturday,1,4,2016,,,,,0,0,0,3.23,1,2,0.0,0.0,0.42857142857142855,0.5345224838248488,0,0,0.52421016,0.5345224838248488,2.333452377915607,6.0029234033825265,0.6290522,HIGH,5.373871181607472,89.52090207546883,CRITICAL,Urgent stock replenishment required
FOODS_1_004_CA_1_validation,FOODS_1_004,FOODS_1,FOODS,CA_1,CA,d_1905,0,2016-04-16,11612,Saturday,1,4,2016,,,,,0,0,0,1.96,1,2,0.0,0.0,0.0,0.0,0,0,0.65725195,0.0,0.0,4.60076379776001,0.78870237,HIGH,3.8120614290237427,82.85714278311211,CRITICAL,Urgent stock replenishment required
FOODS_1_009_CA_4_validation,FOODS_1_009,FOODS_1,FOODS,CA_4,CA,d_1905,0,2016-04-16,11612,Saturday,1,4,2016,,,,,0,0,0,2.24,1,2,0.0,0.0,0.0,0.0,0,0,0.14763719,0.0,0.0,1.0334603786468506,0.17716463,HIGH,0.8562957495450974,82.85714355748,CRITICAL,Urgent stock replenishment required
FOODS_1_010_WI_2_validation,FOODS_1_010,FOODS_1,FOODS,WI_2,WI,d_1905,0,2016-04-16,11612,Saturday,1,4,2016,,,,,0,0,0,6.77,1,2,0.0,1.0,0.14285714285714285,0.37796447300922775,0,0,0.41009063,0.37796447300922775,1.6500000000000024,4.520634317398073,0.49210876,HIGH,4.028525555133822,89.11416567426554,CRITICAL,Urgent stock replenishment required
FOODS_1_003_CA_3_validation,FOODS_1_003,FOODS_1,FOODS,CA_3,CA,d_1905,1,2016-04-16,11612,Saturday,1,4,2016,,,,,0,0,0,3.23,1,2,1.0,1.0,0.7142857142857143,1.1126972805283732,0,0,0.832124,1.1126972805283732,4.857468476480314,10.682336678689786,0.9985488,HIGH,9.683787872976133,90.65233725776814,CRITICAL,Urgent stock replenishment required
FOODS_1_001_CA_1_validation,FOODS_1_001,FOODS_1,FOODS,CA_1,CA,d_1905,2,2016-04-16,11612,Saturday,1,4,2016,,,,,0,0,0,2.24,1,2,0.0,2.0,0.8571428571428571,0.8997354108424371,0,0,1.0732586,0.8997354108424371,3.9277856356985668,11.440596342790851,1.2879105,HIGH,10.15268588136507,88.74262824387348,CRITICAL,Urgent stock replenishment required
FOODS_1_008_CA_2_validation,FOODS_1_008,FOODS_1,FOODS,CA_2,CA,d_1905,2,2016-04-16,11612,Saturday,1,4,2016,,,,,0,0,0,3.54,1,2,0.0,0.0,0.2857142857142857,0.48795003647426666,0,0,0.4174434,0.48795003647426666,2.1301408404140796,5.052244722250017,0.5009321,HIGH,4.5513126248150195,90.08495975602885,CRITICAL,Urgent stock replenishment required
FOODS_1_011_CA_1_validation,FOODS_1_011,FOODS_1,FOODS,CA_1,CA,d_1905,2,2016-04-16,11612,Saturday,1,4,2016,,,,,0,0,0,2.68,1,2,1.0,0.0,0.5714285714285714,0.7867957924694432,0,0,0.6379111,0.7867957924694432,3.434748899119119,7.900126706736307,0.76549333,HIGH,7.134633373396616,90.31036638074465,CRITICAL,Urgent stock replenishment required
FOODS_1_004_TX_3_validation,FOODS_1_004,FOODS_1,FOODS,TX_3,TX,d_1905,0,2016-04-16,11612,Saturday,1,4,2016,,,,,0,0,0,1.96,1,2,0.0,0.0,0.0,0.0,0,0,0.65725195,0.0,0.0,4.60076379776001,0.78870237,HIGH,3.8120614290237427,82.85714278311211,CRITICAL,Urgent stock replenishment required
FOODS_1_009_CA_1_validation,FOODS_1_009,FOODS_1,FOODS,CA_1,CA,d_1905,0,2016-04-16,11612,Saturday,1,4,2016,,,,,0,0,0,2.24,1,2,0.0,0.0,0.0,0.0,0,0,0.14763719,0.0,0.0,1.0334603786468506,0.17716463,HIGH,0.8562957495450974,82.85714355748,CRITICAL,Urgent stock replenishment required
FOODS_1_010_TX_1_validation,FOODS_1_010,FOODS_1,FOODS,TX_1,TX,d_1906,0,2016-04-17,11612,Sunday,2,4,2016,,,,,0,0,0,6.27,1,2,0.0,0.0,1.1428571428571428,1.0690449676496974,0,0,0.8622377,1.0690449676496974,4.6669047558312124,10.70256836056754,1.0346853,HIGH,9.667883106470555,90.33236491243382,CRITICAL,Urgent stock replenishment required
FOODS_1_003_WI_2_validation,FOODS_1_003,FOODS_1,FOODS,WI_2,WI,d_1906,0,2016-04-17,11612,Sunday,2,4,2016,,,,,0,0,0,3.23,1,2,0.0,0.0,0.0,0.0,0,0,0.10745875,0.0,0.0,0.7522112131118774,0.1289505,HIGH,0.6232607066631317,82.85714115915914,CRITICAL,Urgent stock replenishment required
FOODS_1_010_WI_1_validation,FOODS_1_010,FOODS_1,FOODS,WI_1,WI,d_1906,9,2016-04-17,11612,Sunday,2,4,2016,,,,,0,0,0,6.77,1,2,0.0,0.0,1.8571428571428572,1.069044967649698,0,0,1.3734434,1.069044967649698,4.666904755831216,14.281008073091957,1.6481321,HIGH,12.632875987291786,88.45927348150195,CRITICAL,Urgent stock replenishment required
FOODS_1_001_CA_2_validation,FOODS_1_001,FOODS_1,FOODS,CA_2,CA,d_1906,14,2016-04-17,11612,Sunday,2,4,2016,,,,,0,0,0,2.24,1,2,0.0,2.0,0.42857142857142855,0.7867957924694432,0,0,0.8093438,0.7867957924694432,3.434748899119119,9.100155603068094,0.9712126,HIGH,8.128942977564554,89.32751627701731,CRITICAL,Urgent stock replenishment required
FOODS_1_004_CA_2_validation,FOODS_1_004,FOODS_1,FOODS,CA_2,CA,d_1906,0,2016-04-17,11612,Sunday,2,4,2016,,,,,0,0,0,1.96,1,2,0.0,0.0,0.0,0.0,0,0,0.65725195,0.0,0.0,4.60076379776001,0.78870237,HIGH,3.8120614290237427,82.85714278311211,CRITICAL,Urgent stock replenishment required
FOODS_1_002_WI_1_validation,FOODS_1_002,FOODS_1,FOODS,WI_1,WI,d_1906,1,2016-04-17,11612,Sunday,2,4,2016,,,,,0,0,0,9.48,1,2,0.0,1.0,0.8571428571428571,0.6900655593423561,0,0,0.7268341,0.6900655593423561,3.012474066278422,8.100312716028178,0.87220097,HIGH,7.22811175014683,89.23250254085235,CRITICAL,Urgent stock replenishment required
FOODS_1_004_WI_1_validation,FOODS_1_004,FOODS_1,FOODS,WI_1,WI,d_1906,0,2016-04-17,11612,Sunday,2,4,2016,,,,,0,0,0,1.96,1,2,0.0,0.0,0.0,0.0,0,0,0.65725195,0.0,0.0,4.60076379776001,0.78870237,HIGH,3.8120614290237427,82.85714278311211,CRITICAL,Urgent stock replenishment required
FOODS_1_004_TX_3_validation,FOODS_1_004,FOODS_1,FOODS,TX_3,TX,d_1906,0,2016-04-17,11612,Sunday,2,4,2016,,,,,0,0,0,1.96,1,2,0.0,0.0,0.0,0.0,0,0,0.65725195,0.0,0.0,4.60076379776001,0.78870237,HIGH,3.8120614290237427,82.85714278311211,CRITICAL,Urgent stock replenishment required
FOODS_1_004_CA_4_validation,FOODS_1_004,FOODS_1,FOODS,CA_4,CA,d_1906,0,2016-04-17,11612,Sunday,2,4,2016,,,,,0,0,0,1.96,1,2,0.0,0.0,0.0,0.0,0,0,0.65725195,0.0,0.0,4.60076379776001,0.78870237,HIGH,3.8120614290237427,82.85714278311211,CRITICAL,Urgent stock replenishment required
FOODS_1_001_TX_3_validation,FOODS_1_001,FOODS_1,FOODS,TX_3,TX,d_1906,1,2016-04-17,11612,Sunday,2,4,2016,,,,,0,0,0,2.24,1,2,1.0,0.0,0.5714285714285714,0.534522483824849,0,0,0.7072314,0.534522483824849,2.333452377915608,7.284072075486408,0.8486777,HIGH,6.4353943806888925,88.34885643631083,CRITICAL,Urgent stock replenishment required
FOODS_1_001_CA_3_validation,FOODS_1_001,FOODS_1,FOODS,CA_3,CA,d_1906,13,2016-04-17,11612,Sunday,2,4,2016,,,,,0,0,0,2.24,1,2,2.0,4.0,0.42857142857142855,0.786795792469445,0,0,0.88271457,0.786795792469445,3.4347488991191266,9.61375070728563,1.0592575,HIGH,8.554493199961412,88.98184964873826,CRITICAL,Urgent stock replenishment required
FOODS_1_001_WI_2_validation,FOODS_1_001,FOODS_1,FOODS,WI_2,WI,d_1906,0,2016-04-17,11612,Sunday,2,4,2016,,,,,0,0,0,2.24,1,2,0.0,0.0,0.7142857142857143,1.2535663410560176,0,0,0.7750209,1.2535663410560176,5.47243090408641,10.897577006991684,0.9300251,HIGH,9.967551906283676,91.46576252582275,CRITICAL,Urgent stock replenishment required
FOODS_1_004_WI_2_validation,FOODS_1_004,FOODS_1,FOODS,WI_2,WI,d_1906,0,2016-04-17,11612,Sunday,2,4,2016,,,,,0,0,0,1.96,1,2,0.0,0.0,0.0,7.389734084383283e-07,0,0,0.6705396,7.389734084383283e-07,3.2259807759590005e-06,4.693780310331362,0.80464756,HIGH,3.8891327454433613,82.85715326051987,CRITICAL,Urgent stock replenishment required
FOODS_1_003_WI_3_validation,FOODS_1_003,FOODS_1,FOODS,WI_3,WI,d_1906,0,2016-04-17,11612,Sunday,2,4,2016,,,,,0,0,0,3.23,1,2,0.0,1.0,0.14285714285714285,0.37796447300922725,0,0,0.41369414,0.37796447300922725,1.65,4.545859003067017,0.496433,HIGH,4.049426013231278,89.07944594188241,CRITICAL,Urgent stock replenishment required
FOODS_1_010_TX_2_validation,FOODS_1_010,FOODS_1,FOODS,TX_2,TX,d_1906,0,2016-04-17,11612,Sunday,2,4,2016,,,,,0,0,0,6.27,1,2,0.0,0.0,0.0,0.0,0,0,0.12937751,0.0,0.0,0.9056426286697388,0.15525302,HIGH,0.7503896057605743,82.85714276312179,CRITICAL,Urgent stock replenishment required
FOODS_1_006_TX_1_validation,FOODS_1_006,FOODS_1,FOODS,TX_1,TX,d_1906,0,2016-04-17,11612,Sunday,2,4,2016,,,,,0,0,0,2.48,1,2,0.0,1.0,0.42857142857142855,0.7867957924694432,0,0,0.67724305,0.7867957924694432,3.434748899119119,8.175450097697,0.8126917,HIGH,7.362758409159403,90.05936457533353,CRITICAL,Urgent stock replenishment required
FOODS_1_003_CA_2_validation,FOODS_1_003,FOODS_1,FOODS,CA_2,CA,d_1906,1,2016-04-17,11612,Sunday,2,4,2016,,,,,0,0,0,3.23,1,2,1.0,0.0,1.2857142857142858,0.9511897312113419,0,0,1.1667998,0.9511897312113419,4.152408939398913,12.320007663764148,1.4001598,HIGH,10.919847827948718,88.6350733373843,CRITICAL,Urgent stock replenishment required
FOODS_1_003_CA_3_validation,FOODS_1_003,FOODS_1,FOODS,CA_3,CA,d_1906,2,2016-04-17,11612,Sunday,2,4,2016,,,,,0,0,0,3.23,1,2,1.0,1.0,0.7142857142857143,1.1126972805283732,0,0,0.832124,1.1126972805283732,4.857468476480314,10.682336678689786,0.9985488,HIGH,9.683787872976133,90.65233725776814,CRITICAL,Urgent stock replenishment required
FOODS_1_006_CA_2_validation,FOODS_1_006,FOODS_1,FOODS,CA_2,CA,d_1906,3,2016-04-17,11612,Sunday,2,4,2016,,,,,0,0,0,2.48,1,2,1.0,0.0,0.8571428571428571,0.6900655593423541,0,0,0.78928804,0.6900655593423541,3.012474066278413,8.537490374109224,0.9471457,HIGH,7.590344673654512,88.90604078070736,CRITICAL,Urgent stock replenishment required
FOODS_1_004_CA_3_validation,FOODS_1_004,FOODS_1,FOODS,CA_3,CA,d_1906,0,2016-04-17,11612,Sunday,2,4,2016,,,,,0,0,0,1.5,1,2,0.0,0.0,0.0,0.0,0,0,0.5827271,0.0,0.0,4.079089641571045,0.6992725,HIGH,3.3798171281814575,82.85714277364433,CRITICAL,Urgent stock replenishment required
FOODS_1_003_WI_1_validation,FOODS_1_003,FOODS_1,FOODS,WI_1,WI,d_1906,0,2016-04-17,11612,Sunday,2,4,2016,,,,,0,0,0,3.23,1,2,3.0,0.0,0.7142857142857143,1.1126972805283744,0,0,0.74368215,1.1126972805283744,4.857468476480319,10.063243737405612,0.8924186,HIGH,9.170825114435031,91.13189895566761,CRITICAL,Urgent stock replenishment required
FOODS_1_002_CA_2_validation,FOODS_1_002,FOODS_1,FOODS,CA_2,CA,d_1906,0,2016-04-17,11612,Sunday,2,4,2016,,,,,0,0,0,9.48,1,2,0.0,0.0,1.1428571428571428,1.2149857925879117,0,0,0.7964517,1.2149857925879117,5.304007918546126,10.879169852445052,0.95574206,HIGH,9.9234277913069,91.21493575244297,CRITICAL,Urgent stock replenishment required
FOODS_1_011_TX_3_validation,FOODS_1_011,FOODS_1,FOODS,TX_3,TX,d_1906,2,2016-04-17,11612,Sunday,2,4,2016,,,,,0,0,0,2.68,1,2,0.0,1.0,0.14285714285714285,0.3779644730092273,0,0,0.45569775,0.3779644730092273,1.6500000000000004,4.839884185791016,0.54683733,HIGH,4.293046855926514,88.70143770237493,CRITICAL,Urgent stock replenishment required
FOODS_1_005_WI_2_validation,FOODS_1_005,FOODS_1,FOODS,WI_2,WI,d_1906,1,2016-04-17,11612,Sunday,2,4,2016,,,,,0,0,0,3.54,1,2,1.0,2.0,2.4285714285714284,2.572750982712399,0,0,2.3217957,2.572750982712399,11.231317821164172,27.48388701977257,2.786155,HIGH,24.697732034344714,89.86258754657437,CRITICAL,Urgent stock replenishment required
FOODS_1_008_TX_2_validation,FOODS_1_008,FOODS_1,FOODS,TX_2,TX,d_1906,1,2016-04-17,11612,Sunday,2,4,2016,,,,,0,0,0,3.54,1,2,2.0,0.0,0.2857142857142857,0.7559289460184545,0,0,0.45640025,0.7559289460184545,3.3,6.494801807403564,0.5476803,HIGH,5.947121489048004,91.56740521733477,CRITICAL,Urgent stock replenishment required
FOODS_1_008_TX_3_validation,FOODS_1_008,FOODS_1,FOODS,TX_3,TX,d_1906,2,2016-04-17,11612,Sunday,2,4,2016,,,,,0,0,0,3.54,1,2,0.0,0.0,0.0,0.0,0,0,0.15369608,0.0,0.0,1.075872540473938,0.1844353,HIGH,0.8914372473955154,82.85714281757056,CRITICAL,Urgent stock replenishment required
FOODS_1_004_TX_2_validation,FOODS_1_004,FOODS_1,FOODS,TX_2,TX,d_1906,0,2016-04-17,11612,Sunday,2,4,2016,,,,,0,0,0,1.96,1,2,0.0,0.0,0.0,0.0,0,0,0.65725195,0.0,0.0,4.60076379776001,0.78870237,HIGH,3.8120614290237427,82.85714278311211,CRITICAL,Urgent stock replenishment required
FOODS_1_003_CA_4_validation,FOODS_1_003,FOODS_1,FOODS,CA_4,CA,d_1906,0,2016-04-17,11612,Sunday,2,4,2016,,,,,0,0,0,3.23,1,2,1.0,0.0,0.42857142857142855,0.5345224838248488,0,0,0.5275275,0.5345224838248488,2.333452377915607,6.0261448961498605,0.63303304,HIGH,5.3931118589641915,89.4952237608804,CRITICAL,Urgent stock replenishment required
FOODS_1_002_CA_3_validation,FOODS_1_002,FOODS_1,FOODS,CA_3,CA,d_1906,1,2016-04-17,11612,Sunday,2,4,2016,,,,,0,0,0,9.48,1,2,1.0,1.0,0.7142857142857143,0.7559289460184545,0,0,0.68403393,0.7559289460184545,3.3,8.08823757171631,0.8208408,HIGH,7.267396795749665,89.85142599128102,CRITICAL,Urgent stock replenishment required
FOODS_1_002_WI_2_validation,FOODS_1_002,FOODS_1,FOODS,WI_2,WI,d_1906,1,2016-04-17,11612,Sunday,2,4,2016,,,,,0,0,0,9.48,1,2,0.0,0.0,0.42857142857142855,0.7867957924694432,0,0,0.45423946,0.7867957924694432,3.434748899119119,6.614425193445902,0.5450874,HIGH,6.0693377963473605,91.75911162108754,CRITICAL,Urgent stock replenishment required
FOODS_1_010_CA_1_validation,FOODS_1_010,FOODS_1,FOODS,CA_1,CA,d_1906,0,2016-04-17,11612,Sunday,2,4,2016,,,,,0,0,0,5.64,1,2,0.0,0.0,0.0,0.0,0,0,0.11806653,0.0,0.0,0.8264656662940979,0.14167984,HIGH,0.6847858279943466,82.85714167231546,CRITICAL,Urgent stock replenishment required
FOODS_1_009_TX_3_validation,FOODS_1_009,FOODS_1,FOODS,TX_3,TX,d_1906,0,2016-04-17,11612,Sunday,2,4,2016,,,,,0,0,0,2.24,1,2,0.0,0.0,0.0,0.0,0,0,0.14763719,0.0,0.0,1.0334603786468506,0.17716463,HIGH,0.8562957495450974,82.85714355748,CRITICAL,Urgent stock replenishment required
FOODS_1_005_TX_2_validation,FOODS_1_005,FOODS_1,FOODS,TX_2,TX,d_1906,1,2016-04-17,11612,Sunday,2,4,2016,,,,,0,0,0,3.54,1,2,0.0,0.0,1.0,0.8164965809277248,0,0,0.98439807,0.8164965809277248,3.564407384124318,10.455194031920948,1.1812778,HIGH,9.27391627999834,88.70152243644617,CRITICAL,Urgent stock replenishment required
FOODS_1_009_CA_1_validation,FOODS_1_009,FOODS_1,FOODS,CA_1,CA,d_1906,0,2016-04-17,11612,Sunday,2,4,2016,,,,,0,0,0,2.24,1,2,0.0,0.0,0.0,0.0,0,0,0.14763719,0.0,0.0,1.0334603786468506,0.17716463,HIGH,0.8562957495450974,82.85714355748,CRITICAL,Urgent stock replenishment required
FOODS_1_011_CA_1_validation,FOODS_1_011,FOODS_1,FOODS,CA_1,CA,d_1906,0,2016-04-17,11612,Sunday,2,4,2016,,,,,0,0,0,2.68,1,2,0.0,0.0,0.7142857142857143,0.9511897312113419,0,0,0.7698056,0.9511897312113419,4.152408939398913,9.541048389472156,0.9237668,HIGH,8.61728159765163,90.31797393628321,CRITICAL,Urgent stock replenishment required
FOODS_1_009_CA_4_validation,FOODS_1_009,FOODS_1,FOODS,CA_4,CA,d_1906,0,2016-04-17,11612,Sunday,2,4,2016,,,,,0,0,0,2.24,1,2,0.0,0.0,0.0,0.0,0,0,0.14763719,0.0,0.0,1.0334603786468506,0.17716463,HIGH,0.8562957495450974,82.85714355748,CRITICAL,Urgent stock replenishment required
FOODS_1_004_CA_1_validation,FOODS_1_004,FOODS_1,FOODS,CA_1,CA,d_1906,0,2016-04-17,11612,Sunday,2,4,2016,,,,,0,0,0,1.96,1,2,0.0,0.0,0.0,0.0,0,0,0.65725195,0.0,0.0,4.60076379776001,0.78870237,HIGH,3.8120614290237427,82.85714278311211,CRITICAL,Urgent stock replenishment required
FOODS_1_010_CA_3_validation,FOODS_1_010,FOODS_1,FOODS,CA_3,CA,d_1906,0,2016-04-17,11612,Sunday,2,4,2016,,,,,0,0,0,5.64,1,2,0.0,2.0,0.42857142857142855,0.5345224838248498,0,0,0.6755872,0.5345224838248498,2.3334523779156116,7.06256261885189,0.81070465,HIGH,6.25185797035717,88.52109790388647,CRITICAL,Urgent stock replenishment required
FOODS_1_004_WI_3_validation,FOODS_1_004,FOODS_1,FOODS,WI_3,WI,d_1906,0,2016-04-17,11612,Sunday,2,4,2016,,,,,0,0,0,1.96,1,2,0.0,0.0,0.0,4.272243734249905e-07,0,0,0.6308979,4.272243734249905e-07,1.8650435860780626e-06,4.416286903037971,0.7570775,HIGH,3.6592093879126963,82.85714828435444,CRITICAL,Urgent stock replenishment required
FOODS_1_008_WI_1_validation,FOODS_1_008,FOODS_1,FOODS,WI_1,WI,d_1906,0,2016-04-17,11612,Sunday,2,4,2016,,,,,0,0,0,3.54,1,2,0.0,2.0,0.2857142857142857,0.4879500364742671,0,0,0.5936395,0.4879500364742671,2.1301408404140814,6.285617410543476,0.7123674,HIGH,5.573249995115314,88.66670735903782,CRITICAL,Urgent stock replenishment required
FOODS_1_008_CA_3_validation,FOODS_1_008,FOODS_1,FOODS,CA_3,CA,d_1906,0,2016-04-17,11612,Sunday,2,4,2016,,,,,0,0,0,3.54,1,2,0.0,0.0,0.14285714285714285,0.37796447300922725,0,0,0.34283984,0.37796447300922725,1.65,4.049878978729248,0.41140783,HIGH,3.6384711503982547,89.84147846165806,CRITICAL,Urgent stock replenishment required
FOODS_1_009_CA_2_validation,FOODS_1_009,FOODS_1,FOODS,CA_2,CA,d_1906,0,2016-04-17,11612,Sunday,2,4,2016,,,,,0,0,0,2.24,1,2,0.0,0.0,0.0,0.0,0,0,0.14763719,0.0,0.0,1.0334603786468506,0.17716463,HIGH,0.8562957495450974,82.85714355748,CRITICAL,Urgent stock replenishment required
FOODS_1_011_CA_2_validation,FOODS_1_011,FOODS_1,FOODS,CA_2,CA,d_1906,4,2016-04-17,11612,Sunday,2,4,2016,,,,,0,0,0,2.68,1,2,3.0,0.0,2.0,1.7320508075688776,0,0,1.7142407,1.7320508075688776,7.561249896677137,19.560934230478406,2.0570889,HIGH,17.503845378549695,89.4836881117697,CRITICAL,Urgent stock replenishment required
FOODS_1_006_CA_4_validation,FOODS_1_006,FOODS_1,FOODS,CA_4,CA,d_1906,2,2016-04-17,11612,Sunday,2,4,2016,,,,,0,0,0,2.48,1,2,0.0,0.0,1.5714285714285714,1.7182493859684498,0,0,1.3100264,1.7182493859684498,7.500999933342223,16.67118502245355,1.5720317,HIGH,15.099153286079648,90.57036596824632,CRITICAL,Urgent stock replenishment required
FOODS_1_011_TX_1_validation,FOODS_1_011,FOODS_1,FOODS,TX_1,TX,d_1906,0,2016-04-17,11612,Sunday,2,4,2016,,,,,0,0,0,2.68,1,2,0.0,2.0,0.0,0.0,0,0,0.24998488,0.0,0.0,1.749894142150879,0.29998186,HIGH,1.449912279844284,82.8571423218851,CRITICAL,Urgent stock replenishment required
FOODS_1_008_TX_1_validation,FOODS_1_008,FOODS_1,FOODS,TX_1,TX,d_1906,0,2016-04-17,11612,Sunday,2,4,2016,,,,,0,0,0,3.54,1,2,0.0,0.0,0.14285714285714285,0.37796447300922725,0,0,0.34283984,0.37796447300922725,1.65,4.049878978729248,0.41140783,HIGH,3.6384711503982547,89.84147846165806,CRITICAL,Urgent stock replenishment required
FOODS_1_005_CA_3_validation,FOODS_1_005,FOODS_1,FOODS,CA_3,CA,d_1906,0,2016-04-17,11612,Sunday,2,4,2016,,,,,0,0,0,3.54,1,2,4.0,3.0,3.142857142857143,1.6761634196950508,0,0,3.241184,1.6761634196950508,7.317274082607535,30.005561817592888,3.889421,HIGH,26.11614083141735,87.03766651722852,CRITICAL,Urgent stock replenishment required
FOODS_1_008_WI_2_validation,FOODS_1_008,FOODS_1,FOODS,WI_2,WI,d_1906,0,2016-04-17,11612,Sunday,2,4,2016,,,,,0,0,0,3.54,1,2,0.0,0.0,0.14285714285714285,0.37796447300922725,0,0,0.34283984,0.37796447300922725,1.65,4.049878978729248,0.41140783,HIGH,3.6384711503982547,89.84147846165806,CRITICAL,Urgent stock replenishment required
FOODS_1_011_CA_4_validation,FOODS_1_011,FOODS_1,FOODS,CA_4,CA,d_1906,0,2016-04-17,11612,Sunday,2,4,2016,,,,,0,0,0,2.68,1,2,1.0,5.0,1.2857142857142858,1.496026483086191,0,0,1.6018925,1.496026483086191,6.5308881478708525,17.74413544706519,1.922271,HIGH,15.821864433805302,89.16672486526909,CRITICAL,Urgent stock replenishment required
FOODS_1_006_WI_2_validation,FOODS_1_006,FOODS_1,FOODS,WI_2,WI,d_1906,0,2016-04-17,11612,Sunday,2,4,2016,,,,,0,0,0,2.48,1,2,2.0,3.0,1.7142857142857142,1.3801311186847038,0,0,1.6546683,1.3801311186847038,6.0249481325568075,17.607625973743332,1.985602,HIGH,15.622023952525986,88.72305656550012,CRITICAL,Urgent stock replenishment required
FOODS_1_010_CA_4_validation,FOODS_1_010,FOODS_1,FOODS,CA_4,CA,d_1906,0,2016-04-17,11612,Sunday,2,4,2016,,,,,0,0,0,5.64,1,2,0.0,0.0,0.0,0.0,0,0,0.11806653,0.0,0.0,0.8264656662940979,0.14167984,HIGH,0.6847858279943466,82.85714167231546,CRITICAL,Urgent stock replenishment required
FOODS_1_002_TX_1_validation,FOODS_1_002,FOODS_1,FOODS,TX_1,TX,d_1906,0,2016-04-17,11612,Sunday,2,4,2016,,,,,0,0,0,9.48,1,2,0.0,0.0,0.2857142857142857,0.4879500364742666,0,0,0.38147676,0.4879500364742666,2.1301408404140796,4.8004780405788745,0.45777214,HIGH,4.342705904844316,90.46403020980476,CRITICAL,Urgent stock replenishment required
FOODS_1_009_CA_3_validation,FOODS_1_009,FOODS_1,FOODS,CA_3,CA,d_1906,0,2016-04-17,11612,Sunday,2,4,2016,,,,,0,0,0,1.98,1,2,0.0,1.0,0.0,0.0,0,0,0.23101366,0.0,0.0,1.6170955896377563,0.2772164,HIGH,1.339879184961319,82.85714175137066,CRITICAL,Urgent stock replenishment required
FOODS_1_003_TX_1_validation,FOODS_1_003,FOODS_1,FOODS,TX_1,TX,d_1906,0,2016-04-17,11612,Sunday,2,4,2016,,,,,0,0,0,3.23,1,2,0.0,0.0,0.14285714285714285,0.37796447300922725,0,0,0.3426633,0.37796447300922725,1.65,4.048643016815186,0.41119596,HIGH,3.6374470531940464,89.84361026859311,CRITICAL,Urgent stock replenishment required
FOODS_1_005_TX_1_validation,FOODS_1_005,FOODS_1,FOODS,TX_1,TX,d_1906,3,2016-04-17,11612,Sunday,2,4,2016,,,,,0,0,0,3.54,1,2,0.0,6.0,0.2857142857142857,0.48795003647426666,0,0,0.77814925,0.48795003647426666,2.1301408404140796,7.5771856898098315,0.9337791,HIGH,6.64340656936458,87.67643873765634,CRITICAL,Urgent stock replenishment required
FOODS_1_003_TX_3_validation,FOODS_1_003,FOODS_1,FOODS,TX_3,TX,d_1906,0,2016-04-17,11612,Sunday,2,4,2016,,,,,0,0,0,3.23,1,2,0.0,0.0,0.0,0.0,0,0,0.10745875,0.0,0.0,0.7522112131118774,0.1289505,HIGH,0.6232607066631317,82.85714115915914,CRITICAL,Urgent stock replenishment required
FOODS_1_005_TX_3_validation,FOODS_1_005,FOODS_1,FOODS,TX_3,TX,d_1906,0,2016-04-17,11612,Sunday,2,4,2016,,,,,0,0,0,3.54,1,2,0.0,0.0,0.7142857142857143,0.7559289460184537,0,0,0.67644185,0.7559289460184537,3.299999999999997,8.035093116760251,0.81173027,HIGH,7.2233628511428805,89.897686886488,CRITICAL,Urgent stock replenishment required
FOODS_1_010_TX_3_validation,FOODS_1_010,FOODS_1,FOODS,TX_3,TX,d_1906,2,2016-04-17,11612,Sunday,2,4,2016,,,,,0,0,0,6.27,1,2,2.0,1.0,0.8571428571428571,0.899735410842438,0,0,0.7579798,0.899735410842438,3.9277856356985703,9.233644247759116,0.9095758,HIGH,8.324068427789939,90.14933004171219,CRITICAL,Urgent stock replenishment required
FOODS_1_002_TX_2_validation,FOODS_1_002,FOODS_1,FOODS,TX_2,TX,d_1906,0,2016-04-17,11612,Sunday,2,4,2016,,,,,0,0,0,9.48,1,2,0.0,1.0,0.14285714285714285,0.3779644730092273,0,0,0.41009063,0.3779644730092273,1.6500000000000004,4.520634317398072,0.49210876,HIGH,4.02852555513382,89.11416567426552,CRITICAL,Urgent stock replenishment required
FOODS_1_002_WI_3_validation,FOODS_1_002,FOODS_1,FOODS,WI_3,WI,d_1906,0,2016-04-17,11612,Sunday,2,4,2016,,,,,0,0,0,9.48,1,2,0.0,0.0,0.14285714285714285,0.37796447300922725,0,0,0.33905977,0.37796447300922725,1.65,4.023418331146241,0.40687174,HIGH,3.6165465950965885,89.88741158482176,CRITICAL,Urgent stock replenishment required
FOODS_1_001_TX_1_validation,FOODS_1_001,FOODS_1,FOODS,TX_1,TX,d_1906,0,2016-04-17,11612,Sunday,2,4,2016,,,,,0,0,0,2.24,1,2,0.0,2.0,0.0,0.0,0,0,0.26829574,0.0,0.0,1.8780701160430908,0.3219549,HIGH,1.556115210056305,82.85714131562281,CRITICAL,Urgent stock replenishment required
FOODS_1_009_WI_1_validation,FOODS_1_009,FOODS_1,FOODS,WI_1,WI,d_1906,0,2016-04-17,11612,Sunday,2,4,2016,,,,,0,0,0,2.24,1,2,0.0,0.0,0.0,0.0,0,0,0.14763719,0.0,0.0,1.0334603786468506,0.17716463,HIGH,0.8562957495450974,82.85714355748,CRITICAL,Urgent stock replenishment required
FOODS_1_005_CA_1_validation,FOODS_1_005,FOODS_1,FOODS,CA_1,CA,d_1906,1,2016-04-17,11612,Sunday,2,4,2016,,,,,0,0,0,3.54,1,2,0.0,3.0,1.2857142857142858,1.112697280528365,0,0,1.4103885,1.112697280528365,4.857468476480278,14.730187287515434,1.6924663,HIGH,13.037721028512749,88.5102190083005,CRITICAL,Urgent stock replenishment required
FOODS_1_005_CA_4_validation,FOODS_1_005,FOODS_1,FOODS,CA_4,CA,d_1906,1,2016-04-17,11612,Sunday,2,4,2016,,,,,0,0,0,3.54,1,2,0.0,1.0,1.1428571428571428,1.2149857925879115,0,0,1.1104033,1.2149857925879115,5.304007918546124,13.076831252286357,1.332484,HIGH,11.744347245404644,89.81034486738719,CRITICAL,Urgent stock replenishment required
FOODS_1_006_TX_3_validation,FOODS_1_006,FOODS_1,FOODS,TX_3,TX,d_1906,0,2016-04-17,11612,Sunday,2,4,2016,,,,,0,0,0,2.48,1,2,5.0,0.0,1.1428571428571428,1.772810520855837,0,0,0.96564794,1.772810520855837,7.739186003708659,14.498721793198406,1.1587776,HIGH,13.339944198632061,92.00772584580561,CRITICAL,Urgent stock replenishment required
FOODS_1_011_WI_1_validation,FOODS_1_011,FOODS_1,FOODS,WI_1,WI,d_1906,0,2016-04-17,11612,Sunday,2,4,2016,,,,,0,0,0,2.68,1,2,1.0,1.0,1.4285714285714286,1.2724180205607034,0,0,1.3129281,1.2724180205607034,5.5547277160991415,14.745224160801289,1.5755137,HIGH,13.169710440288899,89.31509142668216,CRITICAL,Urgent stock replenishment required
FOODS_1_011_WI_2_validation,FOODS_1_011,FOODS_1,FOODS,WI_2,WI,d_1906,3,2016-04-17,11612,Sunday,2,4,2016,,,,,0,0,0,2.68,1,2,0.0,6.0,0.5714285714285714,1.511857892036909,0,0,1.1181067,1.511857892036909,6.6,14.426746940612793,1.3417281,HIGH,13.085018849372863,90.6997183996981,CRITICAL,Urgent stock replenishment required
FOODS_1_001_WI_1_validation,FOODS_1_001,FOODS_1,FOODS,WI_1,WI,d_1906,1,2016-04-17,11612,Sunday,2,4,2016,,,,,0,0,0,2.24,1,2,0.0,2.0,0.14285714285714285,0.3779644730092273,0,0,0.5544749,0.3779644730092273,1.6500000000000004,5.531324291229248,0.66536987,HIGH,4.865954422950745,87.97087581117694,CRITICAL,Urgent stock replenishment required
FOODS_1_006_WI_3_validation,FOODS_1_006,FOODS_1,FOODS,WI_3,WI,d_1906,0,2016-04-17,11612,Sunday,2,4,2016,,,,,0,0,0,2.48,1,2,0.0,2.0,0.14285714285714285,0.3779644730092105,0,0,0.49862188,0.3779644730092105,1.6499999999999269,5.140353107452319,0.5983463,HIGH,4.5420068144797545,88.35982119389617,CRITICAL,Urgent stock replenishment required
FOODS_1_003_CA_1_validation,FOODS_1_003,FOODS_1,FOODS,CA_1,CA,d_1906,2,2016-04-17,11612,Sunday,2,4,2016,,,,,0,0,0,3.23,1,2,0.0,3.0,0.8571428571428571,1.2149857925879122,0,0,1.0938586,1.2149857925879122,5.304007918546127,12.961017996976302,1.3126304,HIGH,11.648387582013534,89.87247440541326,CRITICAL,Urgent stock replenishment required
FOODS_1_010_WI_3_validation,FOODS_1_010,FOODS_1,FOODS,WI_3,WI,d_1906,0,2016-04-17,11612,Sunday,2,4,2016,,,,,0,0,0,6.77,1,2,0.0,0.0,0.42857142857142855,0.786795792469443,0,0,0.4743546,0.786795792469443,3.4347488991191186,6.755231153147439,0.56922555,HIGH,6.186005603449563,91.57355926402816,CRITICAL,Urgent stock replenishment required
FOODS_1_006_CA_1_validation,FOODS_1_006,FOODS_1,FOODS,CA_1,CA,d_1906,1,2016-04-17,11612,Sunday,2,4,2016,,,,,0,0,0,2.48,1,2,0.0,1.0,0.8571428571428571,1.214985792587911,0,0,0.8876133,1.214985792587911,5.304007918546122,11.517300994107647,1.065136,HIGH,10.4521650382971,90.75186142694821,CRITICAL,Urgent stock replenishment required
FOODS_1_008_CA_4_validation,FOODS_1_008,FOODS_1,FOODS,CA_4,CA,d_1906,0,2016-04-17,11612,Sunday,2,4,2016,,,,,0,0,0,3.54,1,2,0.0,0.0,0.2857142857142857,0.48795003647426666,0,0,0.4174434,0.48795003647426666,2.1301408404140796,5.052244722250017,0.5009321,HIGH,4.5513126248150195,90.08495975602885,CRITICAL,Urgent stock replenishment required
FOODS_1_001_CA_1_validation,FOODS_1_001,FOODS_1,FOODS,CA_1,CA,d_1906,0,2016-04-17,11612,Sunday,2,4,2016,,,,,0,0,0,2.24,1,2,2.0,2.0,1.1428571428571428,0.8997354108424376,0,0,1.2461375,0.8997354108424376,3.9277856356985685,12.650748015154136,1.495365,HIGH,11.15538299154116,88.17963157734467,CRITICAL,Urgent stock replenishment required
FOODS_1_011_WI_3_validation,FOODS_1_011,FOODS_1,FOODS,WI_3,WI,d_1906,0,2016-04-17,11612,Sunday,2,4,2016,,,,,0,0,0,2.68,1,2,0.0,0.0,0.2857142857142857,0.7559289460184545,0,0,0.5181788,0.7559289460184545,3.3,6.927251625061035,0.6218146,HIGH,6.305437016487121,91.02364628528366,CRITICAL,Urgent stock replenishment required
FOODS_1_001_WI_3_validation,FOODS_1_001,FOODS_1,FOODS,WI_3,WI,d_1906,0,2016-04-17,11612,Sunday,2,4,2016,,,,,0,0,0,2.24,1,2,0.0,0.0,0.2857142857142857,0.48795003647426666,0,0,0.5374506,0.48795003647426666,2.1301408404140796,5.892295181158098,0.64494073,HIGH,5.247354447248491,89.05450738496697,CRITICAL,Urgent stock replenishment required
FOODS_1_009_TX_2_validation,FOODS_1_009,FOODS_1,FOODS,TX_2,TX,d_1906,0,2016-04-17,11612,Sunday,2,4,2016,,,,,0,0,0,2.24,1,2,0.0,0.0,0.0,0.0,0,0,0.14763719,0.0,0.0,1.0334603786468506,0.17716463,HIGH,0.8562957495450974,82.85714355748,CRITICAL,Urgent stock replenishment required
FOODS_1_005_WI_1_validation,FOODS_1_005,FOODS_1,FOODS,WI_1,WI,d_1906,2,2016-04-17,11612,Sunday,2,4,2016,,,,,0,0,0,3.54,1,2,2.0,1.0,1.8571428571428572,1.4638501094227971,0,0,1.7066087,1.4638501094227971,6.390422521242226,18.336682973512733,2.0479305,HIGH,16.28875249446305,88.83151068266866,CRITICAL,Urgent stock replenishment required
FOODS_1_004_TX_1_validation,FOODS_1_004,FOODS_1,FOODS,TX_1,TX,d_1906,0,2016-04-17,11612,Sunday,2,4,2016,,,,,0,0,0,1.96,1,2,0.0,0.0,0.0,0.0,0,0,0.65725195,0.0,0.0,4.60076379776001,0.78870237,HIGH,3.8120614290237427,82.85714278311211,CRITICAL,Urgent stock replenishment required
FOODS_1_002_TX_3_validation,FOODS_1_002,FOODS_1,FOODS,TX_3,TX,d_1906,0,2016-04-17,11612,Sunday,2,4,2016,,,,,0,0,0,9.48,1,2,1.0,1.0,0.14285714285714285,0.37796447300922725,0,0,0.41009063,0.37796447300922725,1.65,4.520634317398072,0.49210876,HIGH,4.02852555513382,89.11416567426552,CRITICAL,Urgent stock replenishment required
FOODS_1_011_CA_3_validation,FOODS_1_011,FOODS_1,FOODS,CA_3,CA,d_1906,4,2016-04-17,11612,Sunday,2,4,2016,,,,,0,0,0,2.68,1,2,4.0,0.0,1.8571428571428572,1.3451854182690965,0,0,1.5639548,1.3451854182690965,5.872393038617212,16.820076372967797,1.8767458,HIGH,14.943330552922326,88.84222771389038,CRITICAL,Urgent stock replenishment required
FOODS_1_009_WI_2_validation,FOODS_1_009,FOODS_1,FOODS,WI_2,WI,d_1906,0,2016-04-17,11612,Sunday,2,4,2016,,,,,0,0,0,2.24,1,2,0.0,0.0,0.0,0.0,0,0,0.14763719,0.0,0.0,1.0334603786468506,0.17716463,HIGH,0.8562957495450974,82.85714355748,CRITICAL,Urgent stock replenishment required
FOODS_1_001_CA_4_validation,FOODS_1_001,FOODS_1,FOODS,CA_4,CA,d_1906,0,2016-04-17,11612,Sunday,2,4,2016,,,,,0,0,0,2.24,1,2,0.0,0.0,0.0,0.0,0,0,0.14763719,0.0,0.0,1.0334603786468506,0.17716463,HIGH,0.8562957495450974,82.85714355748,CRITICAL,Urgent stock replenishment required
FOODS_1_008_CA_1_validation,FOODS_1_008,FOODS_1,FOODS,CA_1,CA,d_1906,0,2016-04-17,11612,Sunday,2,4,2016,,,,,0,0,0,3.54,1,2,1.0,0.0,0.2857142857142857,0.4879500364742666,0,0,0.42076075,0.4879500364742666,2.1301408404140796,5.075466215017351,0.5049129,HIGH,4.5705533021717395,90.05189097010104,CRITICAL,Urgent stock replenishment required
FOODS_1_005_WI_3_validation,FOODS_1_005,FOODS_1,FOODS,WI_3,WI,d_1906,3,2016-04-17,11612,Sunday,2,4,2016,,,,,0,0,0,3.54,1,2,1.0,1.0,2.2857142857142856,2.2146697055682836,0,0,2.2647498,2.2146697055682836,9.668117707185823,25.521366303377228,2.7176998,HIGH,22.80366653721817,89.35127636250641,CRITICAL,Urgent stock replenishment required
FOODS_1_002_CA_4_validation,FOODS_1_002,FOODS_1,FOODS,CA_4,CA,d_1906,0,2016-04-17,11612,Sunday,2,4,2016,,,,,0,0,0,9.48,1,2,0.0,0.0,0.0,0.0,0,0,0.12937751,0.0,0.0,0.9056426286697388,0.15525302,HIGH,0.7503896057605743,82.85714276312179,CRITICAL,Urgent stock replenishment required
FOODS_1_009_WI_3_validation,FOODS_1_009,FOODS_1,FOODS,WI_3,WI,d_1906,0,2016-04-17,11612,Sunday,2,4,2016,,,,,0,0,0,2.24,1,2,0.0,0.0,0.0,0.0,0,0,0.14763719,0.0,0.0,1.0334603786468506,0.17716463,HIGH,0.8562957495450974,82.85714355748,CRITICAL,Urgent stock replenishment required
FOODS_1_001_TX_2_validation,FOODS_1_001,FOODS_1,FOODS,TX_2,TX,d_1906,1,2016-04-17,11612,Sunday,2,4,2016,,,,,0,0,0,2.24,1,2,1.0,0.0,0.7142857142857143,1.1126972805283737,0,0,0.8166712,1.1126972805283737,4.857468476480316,10.57416664618857,0.98000544,HIGH,9.594161203092408,90.73207869814118,CRITICAL,Urgent stock replenishment required
FOODS_1_003_TX_2_validation,FOODS_1_003,FOODS_1,FOODS,TX_2,TX,d_1906,0,2016-04-17,11612,Sunday,2,4,2016,,,,,0,0,0,3.23,1,2,1.0,1.0,0.42857142857142855,0.5345224838248491,0,0,0.6162425,0.5345224838248491,2.3334523779156084,6.647150192857015,0.73949105,HIGH,5.907659147382009,88.87506639657911,CRITICAL,Urgent stock replenishment required
FOODS_1_009_TX_1_validation,FOODS_1_009,FOODS_1,FOODS,TX_1,TX,d_1906,0,2016-04-17,11612,Sunday,2,4,2016,,,,,0,0,0,2.24,1,2,0.0,0.0,0.0,0.0,0,0,0.14763719,0.0,0.0,1.0334603786468506,0.17716463,HIGH,0.8562957495450974,82.85714355748,CRITICAL,Urgent stock replenishment required
FOODS_1_006_TX_2_validation,FOODS_1_006,FOODS_1,FOODS,TX_2,TX,d_1906,0,2016-04-17,11612,Sunday,2,4,2016,,,,,0,0,0,2.48,1,2,2.0,1.0,0.7142857142857143,0.9511897312113419,0,0,0.86981124,0.9511897312113419,4.152408939398913,10.241087776221423,1.0437735,HIGH,9.197314244307666,89.80798178161041,CRITICAL,Urgent stock replenishment required
FOODS_1_006_WI_1_validation,FOODS_1_006,FOODS_1,FOODS,WI_1,WI,d_1906,0,2016-04-17,11612,Sunday,2,4,2016,,,,,0,0,0,2.48,1,2,8.0,1.0,1.7142857142857142,2.870208222079931,0,0,1.2264532,2.870208222079931,12.52986432488397,21.115036978082212,1.4717438,HIGH,19.643293155984434,93.02987807397413,CRITICAL,Urgent stock replenishment required
FOODS_1_008_WI_3_validation,FOODS_1_008,FOODS_1,FOODS,WI_3,WI,d_1906,0,2016-04-17,11612,Sunday,2,4,2016,,,,,0,0,0,3.54,1,2,0.0,0.0,0.14285714285714285,0.37796447300922725,0,0,0.34283984,0.37796447300922725,1.65,4.049878978729248,0.41140783,HIGH,3.6384711503982547,89.84147846165806,CRITICAL,Urgent stock replenishment required
FOODS_1_005_CA_2_validation,FOODS_1_005,FOODS_1,FOODS,CA_2,CA,d_1906,2,2016-04-17,11612,Sunday,2,4,2016,,,,,0,0,0,3.54,1,2,11.0,5.0,7.571428571428571,4.237025012007949,0,0,7.0376654,4.237025012007949,18.496688892880265,67.7603455090912,8.445199,HIGH,59.31514649633485,87.53666477154654,CRITICAL,Urgent stock replenishment required
FOODS_1_010_WI_2_validation,FOODS_1_010,FOODS_1,FOODS,WI_2,WI,d_1906,0,2016-04-17,11612,Sunday,2,4,2016,,,,,0,0,0,6.77,1,2,0.0,0.0,0.14285714285714285,0.37796447300922775,0,0,0.33905977,0.37796447300922775,1.6500000000000024,4.023418331146242,0.40687174,HIGH,3.6165465950965903,89.88741158482178,CRITICAL,Urgent stock replenishment required
FOODS_1_011_TX_2_validation,FOODS_1_011,FOODS_1,FOODS,TX_2,TX,d_1906,0,2016-04-17,11612,Sunday,2,4,2016,,,,,0,0,0,2.68,1,2,0.0,0.0,0.2857142857142857,0.4879500364742666,0,0,0.4751285,0.4879500364742666,2.1301408404140796,5.456040441396746,0.57015425,HIGH,4.885886191728624,89.55003622513176,CRITICAL,Urgent stock replenishment required
FOODS_1_002_CA_1_validation,FOODS_1_002,FOODS_1,FOODS,CA_1,CA,d_1906,1,2016-04-17,11612,Sunday,2,4,2016,,,,,0,0,0,9.48,1,2,0.0,1.0,0.8571428571428571,1.0690449676496976,0,0,0.74218035,1.0690449676496976,4.666904755831214,9.862167187929604,0.8906165,HIGH,8.971550711393807,90.96936343133758,CRITICAL,Urgent stock replenishment required
FOODS_1_006_CA_3_validation,FOODS_1_006,FOODS_1,FOODS,CA_3,CA,d_1906,2,2016-04-17,11612,Sunday,2,4,2016,,,,,0,0,0,2.48,1,2,1.0,1.0,1.0,1.1547005383792524,0,0,1.0444076,1.1547005383792524,5.040833264451427,12.351686268906994,1.2532892,HIGH,11.098397046189708,89.85329455887978,CRITICAL,Urgent stock replenishment required
FOODS_1_010_CA_2_validation,FOODS_1_010,FOODS_1,FOODS,CA_2,CA,d_1906,1,2016-04-17,11612,Sunday,2,4,2016,,,,,0,0,0,5.64,1,2,1.0,0.0,0.2857142857142857,0.48795003647426666,0,0,0.39154482,0.48795003647426666,2.1301408404140796,4.870954572561296,0.4698538,HIGH,4.401100783947023,90.35396898872719,CRITICAL,Urgent stock replenishment required
FOODS_1_008_CA_2_validation,FOODS_1_008,FOODS_1,FOODS,CA_2,CA,d_1906,0,2016-04-17,11612,Sunday,2,4,2016,,,,,0,0,0,3.54,1,2,1.0,0.0,0.5714285714285714,0.7867957924694432,0,0,0.5888879,0.7867957924694432,3.434748899119119,7.556964170115213,0.70666546,HIGH,6.8502987138202,90.64881822399536,CRITICAL,Urgent stock replenishment required
FOODS_1_008_TX_2_validation,FOODS_1_008,FOODS_1,FOODS,TX_2,TX,d_1907,0,2016-04-18,11612,Monday,3,4,2016,,,,,0,0,0,3.54,0,2,0.0,0.0,0.14285714285714285,0.37796447300922725,0,0,0.31438103,0.37796447300922725,1.65,3.850667142868042,0.37725726,HIGH,3.4734098851680755,90.20280788489605,CRITICAL,Urgent stock replenishment required
FOODS_1_006_TX_2_validation,FOODS_1_006,FOODS_1,FOODS,TX_2,TX,d_1907,0,2016-04-18,11612,Monday,3,4,2016,,,,,0,0,0,2.48,0,2,0.0,3.0,0.42857142857142855,0.7867957924694431,0,0,0.7382312,0.7867957924694431,3.4347488991191186,8.602367173807838,0.88587743,HIGH,7.716489743368843,89.7019342171736,CRITICAL,Urgent stock replenishment required
FOODS_1_001_CA_3_validation,FOODS_1_001,FOODS_1,FOODS,CA_3,CA,d_1907,0,2016-04-18,11612,Monday,3,4,2016,,,,,0,0,0,2.24,0,2,1.0,2.0,2.0,4.864839839775475,0,0,1.0207003,4.864839839775475,21.237408033938603,28.382310263247685,1.2248404,HIGH,27.157469860644536,95.68449364677267,CRITICAL,Urgent stock replenishment required
FOODS_1_002_TX_1_validation,FOODS_1_002,FOODS_1,FOODS,TX_1,TX,d_1907,0,2016-04-18,11612,Monday,3,4,2016,,,,,0,0,0,9.48,0,2,0.0,0.0,0.2857142857142857,0.48795003647426666,0,0,0.3540678,0.48795003647426666,2.1301408404140796,4.608615457418474,0.42488137,HIGH,4.183734088542971,90.78071553590844,CRITICAL,Urgent stock replenishment required
FOODS_1_006_CA_4_validation,FOODS_1_006,FOODS_1,FOODS,CA_4,CA,d_1907,0,2016-04-18,11612,Monday,3,4,2016,,,,,0,0,0,2.48,0,2,1.0,1.0,1.8571428571428572,1.573591584938887,0,0,1.4363204,1.573591584938887,6.869497798238242,16.923740886006797,1.7235845,HIGH,15.200156353269065,89.81558188377335,CRITICAL,Urgent stock replenishment required
FOODS_1_006_WI_2_validation,FOODS_1_006,FOODS_1,FOODS,WI_2,WI,d_1907,1,2016-04-18,11612,Monday,3,4,2016,,,,,0,0,0,2.48,0,2,3.0,1.0,1.4285714285714286,1.5118578920369048,0,0,1.1509354,1.5118578920369048,6.599999999999982,14.65654811859129,1.3811226,HIGH,13.275425529479962,90.57675396733134,CRITICAL,Urgent stock replenishment required
FOODS_1_001_CA_4_validation,FOODS_1_001,FOODS_1,FOODS,CA_4,CA,d_1907,2,2016-04-18,11612,Monday,3,4,2016,,,,,0,0,0,2.24,0,2,0.0,1.0,0.0,0.0,0,0,0.19266139,0.0,0.0,1.3486297130584717,0.23119368,HIGH,1.1174360364675522,82.85714200478276,CRITICAL,Urgent stock replenishment required
FOODS_1_010_TX_3_validation,FOODS_1_010,FOODS_1,FOODS,TX_3,TX,d_1907,0,2016-04-18,11612,Monday,3,4,2016,,,,,0,0,0,6.27,0,2,0.0,0.0,0.8571428571428571,0.899735410842438,0,0,0.61294794,0.899735410842438,3.9277856356985703,8.218421221483482,0.7355375,HIGH,7.482883692491782,91.0501359182107,CRITICAL,Urgent stock replenishment required
FOODS_1_002_CA_2_validation,FOODS_1_002,FOODS_1,FOODS,CA_2,CA,d_1907,0,2016-04-18,11612,Monday,3,4,2016,,,,,0,0,0,9.48,0,2,0.0,1.0,1.1428571428571428,1.2149857925879117,0,0,0.75728714,1.2149857925879117,5.304007918546126,10.605018050382064,0.90874463,HIGH,9.69627341718428,91.43099399849635,CRITICAL,Urgent stock replenishment required
FOODS_1_005_WI_2_validation,FOODS_1_005,FOODS_1,FOODS,WI_2,WI,d_1907,2,2016-04-18,11612,Monday,3,4,2016,,,,,0,0,0,3.54,0,2,3.0,0.0,2.4285714285714284,2.572750982712399,0,0,1.8904608,2.572750982712399,11.231317821164172,24.464543643612902,2.268553,HIGH,22.195990625042956,90.72718031606442,CRITICAL,Urgent stock replenishment required
FOODS_1_006_WI_1_validation,FOODS_1_006,FOODS_1,FOODS,WI_1,WI,d_1907,7,2016-04-18,11612,Monday,3,4,2016,,,,,0,0,0,2.48,0,2,1.0,3.0,0.5714285714285714,0.786795792469445,0,0,0.8029139,0.786795792469445,3.4347488991191266,9.05514646686815,0.96349674,HIGH,8.091649722235429,89.35967796702067,CRITICAL,Urgent stock replenishment required
FOODS_1_008_CA_4_validation,FOODS_1_008,FOODS_1,FOODS,CA_4,CA,d_1907,0,2016-04-18,11612,Monday,3,4,2016,,,,,0,0,0,3.54,0,2,0.0,0.0,0.2857142857142857,0.48795003647426666,0,0,0.37570843,0.48795003647426666,2.1301408404140796,4.760099946859392,0.45085013,HIGH,4.30924981773189,90.52855750592038,CRITICAL,Urgent stock replenishment required
FOODS_1_009_TX_2_validation,FOODS_1_009,FOODS_1,FOODS,TX_2,TX,d_1907,0,2016-04-18,11612,Monday,3,4,2016,,,,,0,0,0,2.24,0,2,0.0,0.0,0.0,0.0,0,0,0.12056109,0.0,0.0,0.8439276218414307,0.14467332,HIGH,0.6992543041706085,82.85714154548606,CRITICAL,Urgent stock replenishment required
FOODS_1_010_TX_2_validation,FOODS_1_010,FOODS_1,FOODS,TX_2,TX,d_1907,2,2016-04-18,11612,Monday,3,4,2016,,,,,0,0,0,6.27,0,2,0.0,0.0,0.0,0.0,0,0,0.10654569,0.0,0.0,0.7458198070526123,0.12785482,HIGH,0.6179649829864502,82.85714285714286,CRITICAL,Urgent stock replenishment required
FOODS_1_011_WI_3_validation,FOODS_1_011,FOODS_1,FOODS,WI_3,WI,d_1907,0,2016-04-18,11612,Monday,3,4,2016,,,,,0,0,0,2.68,0,2,0.0,0.0,0.2857142857142857,0.7559289460184545,0,0,0.4610019,0.7559289460184545,3.3,6.527013349533081,0.55320233,HIGH,5.973811018466949,91.5244185749106,CRITICAL,Urgent stock replenishment required
FOODS_1_006_WI_3_validation,FOODS_1_006,FOODS_1,FOODS,WI_3,WI,d_1907,1,2016-04-18,11612,Monday,3,4,2016,,,,,0,0,0,2.48,0,2,0.0,1.0,0.14285714285714285,0.3779644730092105,0,0,0.4042055,0.3779644730092105,1.6499999999999269,4.479438447952197,0.48504663,HIGH,3.994391822814868,89.17170911547917,CRITICAL,Urgent stock replenishment required
FOODS_1_005_CA_3_validation,FOODS_1_005,FOODS_1,FOODS,CA_3,CA,d_1907,1,2016-04-18,11612,Monday,3,4,2016,,,,,0,0,0,3.54,0,2,6.0,0.0,2.5714285714285716,1.9880595947760091,0,0,2.1329713,1.9880595947760091,8.678853610932721,23.60965309518565,2.5595655,HIGH,21.05008755105723,89.1588176505213,CRITICAL,Urgent stock replenishment required
FOODS_1_009_TX_3_validation,FOODS_1_009,FOODS_1,FOODS,TX_3,TX,d_1907,0,2016-04-18,11612,Monday,3,4,2016,,,,,0,0,0,2.24,0,2,0.0,0.0,0.0,0.0,0,0,0.12056109,0.0,0.0,0.8439276218414307,0.14467332,HIGH,0.6992543041706085,82.85714154548606,CRITICAL,Urgent stock replenishment required
FOODS_1_004_CA_3_validation,FOODS_1_004,FOODS_1,FOODS,CA_3,CA,d_1907,0,2016-04-18,11612,Monday,3,4,2016,,,,,0,0,0,1.5,0,2,0.0,0.0,0.0,0.0,0,0,0.39481968,0.0,0.0,2.763737678527832,0.47378364,HIGH,2.289954036474228,82.85714140909437,CRITICAL,Urgent stock replenishment required
FOODS_1_005_WI_3_validation,FOODS_1_005,FOODS_1,FOODS,WI_3,WI,d_1907,4,2016-04-18,11612,Monday,3,4,2016,,,,,0,0,0,3.54,0,2,1.0,1.0,2.5714285714285716,2.1491969707422403,0,0,2.0694332,2.1491969707422403,9.382297160077592,23.868329646039506,2.48332,HIGH,21.38500964825203,89.5957528883906,CRITICAL,Urgent stock replenishment required
FOODS_1_003_CA_4_validation,FOODS_1_003,FOODS_1,FOODS,CA_4,CA,d_1907,1,2016-04-18,11612,Monday,3,4,2016,,,,,0,0,0,3.23,0,2,1.0,2.0,0.2857142857142857,0.48795003647426666,0,0,0.5595731,0.48795003647426666,2.1301408404140796,6.047152578237566,0.67148775,HIGH,5.375664829614672,88.895802777667,CRITICAL,Urgent stock replenishment required
FOODS_1_001_TX_2_validation,FOODS_1_001,FOODS_1,FOODS,TX_2,TX,d_1907,0,2016-04-18,11612,Monday,3,4,2016,,,,,0,0,0,2.24,0,2,0.0,1.0,0.7142857142857143,1.1126972805283737,0,0,0.79656017,1.1126972805283737,4.857468476480316,10.433389535135102,0.95587224,HIGH,9.47751729745276,90.83833461346974,CRITICAL,Urgent stock replenishment required
FOODS_1_002_WI_3_validation,FOODS_1_002,FOODS_1,FOODS,WI_3,WI,d_1907,0,2016-04-18,11612,Monday,3,4,2016,,,,,0,0,0,9.48,0,2,0.0,0.0,0.14285714285714285,0.37796447300922725,0,0,0.31334114,0.37796447300922725,1.65,3.843387985229492,0.37600937,HIGH,3.4673786103725432,90.21672086445633,CRITICAL,Urgent stock replenishment required
FOODS_1_001_CA_1_validation,FOODS_1_001,FOODS_1,FOODS,CA_1,CA,d_1907,4,2016-04-18,11612,Monday,3,4,2016,,,,,0,0,0,2.24,0,2,2.0,0.0,0.8571428571428571,0.8997354108424371,0,0,0.78449947,0.8997354108424371,3.9277856356985668,9.419281721819171,0.9413994,HIGH,8.47788232635332,90.00561376898666,CRITICAL,Urgent stock replenishment required
FOODS_1_009_WI_2_validation,FOODS_1_009,FOODS_1,FOODS,WI_2,WI,d_1907,0,2016-04-18,11612,Monday,3,4,2016,,,,,0,0,0,2.24,0,2,0.0,0.0,0.0,0.0,0,0,0.12056109,0.0,0.0,0.8439276218414307,0.14467332,HIGH,0.6992543041706085,82.85714154548606,CRITICAL,Urgent stock replenishment required
FOODS_1_004_WI_1_validation,FOODS_1_004,FOODS_1,FOODS,WI_1,WI,d_1907,0,2016-04-18,11612,Monday,3,4,2016,,,,,0,0,0,1.96,0,2,0.0,0.0,0.0,0.0,0,0,0.269218,0.0,0.0,1.884526014328003,0.32306162,HIGH,1.56146439909935,82.85714217939027,CRITICAL,Urgent stock replenishment required
FOODS_1_009_CA_4_validation,FOODS_1_009,FOODS_1,FOODS,CA_4,CA,d_1907,0,2016-04-18,11612,Monday,3,4,2016,,,,,0,0,0,2.24,0,2,0.0,0.0,0.0,0.0,0,0,0.12056109,0.0,0.0,0.8439276218414307,0.14467332,HIGH,0.6992543041706085,82.85714154548606,CRITICAL,Urgent stock replenishment required
FOODS_1_010_CA_3_validation,FOODS_1_010,FOODS_1,FOODS,CA_3,CA,d_1907,1,2016-04-18,11612,Monday,3,4,2016,,,,,0,0,0,5.64,0,2,1.0,2.0,0.42857142857142855,0.5345224838248498,0,0,0.62742555,0.5345224838248498,2.3334523779156116,6.72543111860775,0.7529107,HIGH,5.972520444989433,88.8050199260062,CRITICAL,Urgent stock replenishment required
FOODS_1_004_WI_3_validation,FOODS_1_004,FOODS_1,FOODS,WI_3,WI,d_1907,0,2016-04-18,11612,Monday,3,4,2016,,,,,0,0,0,1.96,0,2,0.0,0.0,0.0,4.272243734249905e-07,0,0,0.29254904,4.272243734249905e-07,1.8650435860780626e-06,2.0478450828933177,0.35105887,HIGH,1.6967862123393473,82.85715684811599,CRITICAL,Urgent stock replenishment required
FOODS_1_008_WI_1_validation,FOODS_1_008,FOODS_1,FOODS,WI_1,WI,d_1907,0,2016-04-18,11612,Monday,3,4,2016,,,,,0,0,0,3.54,0,2,1.0,0.0,0.2857142857142857,0.4879500364742671,0,0,0.37570843,0.4879500364742671,2.1301408404140814,4.760099946859394,0.45085013,HIGH,4.309249817731891,90.52855750592038,CRITICAL,Urgent stock replenishment required
FOODS_1_004_CA_1_validation,FOODS_1_004,FOODS_1,FOODS,CA_1,CA,d_1907,0,2016-04-18,11612,Monday,3,4,2016,,,,,0,0,0,1.96,0,2,0.0,0.0,0.0,0.0,0,0,0.269218,0.0,0.0,1.884526014328003,0.32306162,HIGH,1.56146439909935,82.85714217939027,CRITICAL,Urgent stock replenishment required
FOODS_1_011_CA_2_validation,FOODS_1_011,FOODS_1,FOODS,CA_2,CA,d_1907,3,2016-04-18,11612,Monday,3,4,2016,,,,,0,0,0,2.68,0,2,0.0,5.0,2.142857142857143,1.8644544714716091,0,0,1.8030976,1.8644544714716091,8.13925672282181,20.760939843549348,2.1637173,HIGH,18.597222573651887,89.57794162401683,CRITICAL,Urgent stock replenishment required
FOODS_1_009_CA_2_validation,FOODS_1_009,FOODS_1,FOODS,CA_2,CA,d_1907,0,2016-04-18,11612,Monday,3,4,2016,,,,,0,0,0,2.24,0,2,0.0,0.0,0.0,0.0,0,0,0.12056109,0.0,0.0,0.8439276218414307,0.14467332,HIGH,0.6992543041706085,82.85714154548606,CRITICAL,Urgent stock replenishment required
FOODS_1_005_TX_3_validation,FOODS_1_005,FOODS_1,FOODS,TX_3,TX,d_1907,3,2016-04-18,11612,Monday,3,4,2016,,,,,0,0,0,3.54,0,2,1.0,0.0,0.7142857142857143,0.7559289460184537,0,0,0.58875465,0.7559289460184537,3.299999999999997,7.421282577514646,0.7065056,HIGH,6.71477698087692,90.48000680127274,CRITICAL,Urgent stock replenishment required
FOODS_1_001_WI_1_validation,FOODS_1_001,FOODS_1,FOODS,WI_1,WI,d_1907,0,2016-04-18,11612,Monday,3,4,2016,,,,,0,0,0,2.24,0,2,1.0,0.0,0.2857142857142857,0.48795003647426666,0,0,0.4904001,0.48795003647426666,2.1301408404140796,5.562941610219988,0.5884802,HIGH,4.974461435678514,89.42142097158914,CRITICAL,Urgent stock replenishment required
FOODS_1_010_CA_2_validation,FOODS_1_010,FOODS_1,FOODS,CA_2,CA,d_1907,1,2016-04-18,11612,Monday,3,4,2016,,,,,0,0,0,5.64,0,2,1.0,0.0,0.2857142857142857,0.48795003647426666,0,0,0.37037605,0.48795003647426666,2.1301408404140796,4.7227731341152515,0.44445127,HIGH,4.278321861627611,90.58918860029252,CRITICAL,Urgent stock replenishment required
FOODS_1_008_CA_2_validation,FOODS_1_008,FOODS_1,FOODS,CA_2,CA,d_1907,0,2016-04-18,11612,Monday,3,4,2016,,,,,0,0,0,3.54,0,2,0.0,0.0,0.42857142857142855,0.7867957924694432,0,0,0.4522982,0.7867957924694432,3.434748899119119,6.600836288111429,0.54275787,HIGH,6.058078419344644,91.77743781126144,CRITICAL,Urgent stock replenishment required
FOODS_1_010_WI_2_validation,FOODS_1_010,FOODS_1,FOODS,WI_2,WI,d_1907,0,2016-04-18,11612,Monday,3,4,2016,,,,,0,0,0,6.77,0,2,0.0,0.0,0.14285714285714285,0.37796447300922775,0,0,0.31334114,0.37796447300922775,1.6500000000000024,3.8433879852294943,0.37600937,HIGH,3.4673786103725455,90.21672086445635,CRITICAL,Urgent stock replenishment required
FOODS_1_008_WI_3_validation,FOODS_1_008,FOODS_1,FOODS,WI_3,WI,d_1907,1,2016-04-18,11612,Monday,3,4,2016,,,,,0,0,0,3.54,0,2,0.0,0.0,0.14285714285714285,0.37796447300922725,0,0,0.31438103,0.37796447300922725,1.65,3.850667142868042,0.37725726,HIGH,3.4734098851680755,90.20280788489605,CRITICAL,Urgent stock replenishment required
FOODS_1_003_TX_2_validation,FOODS_1_003,FOODS_1,FOODS,TX_2,TX,d_1907,0,2016-04-18,11612,Monday,3,4,2016,,,,,0,0,0,3.23,0,2,1.0,1.0,0.2857142857142857,0.4879500364742671,0,0,0.45537233,0.4879500364742671,2.1301408404140814,5.317747175100361,0.5464468,HIGH,4.771300374868427,89.72409213453024,CRITICAL,Urgent stock replenishment required
FOODS_1_008_TX_3_validation,FOODS_1_008,FOODS_1,FOODS,TX_3,TX,d_1907,1,2016-04-18,11612,Monday,3,4,2016,,,,,0,0,0,3.54,0,2,0.0,0.0,0.2857142857142857,0.7559289460184545,0,0,0.40311542,0.7559289460184545,3.3,6.121807861328125,0.4837385,HIGH,5.638069349527359,92.09811018642753,CRITICAL,Urgent stock replenishment required
FOODS_1_009_TX_1_validation,FOODS_1_009,FOODS_1,FOODS,TX_1,TX,d_1907,0,2016-04-18,11612,Monday,3,4,2016,,,,,0,0,0,2.24,0,2,0.0,0.0,0.0,0.0,0,0,0.12056109,0.0,0.0,0.8439276218414307,0.14467332,HIGH,0.6992543041706085,82.85714154548606,CRITICAL,Urgent stock replenishment required
FOODS_1_005_CA_2_validation,FOODS_1_005,FOODS_1,FOODS,CA_2,CA,d_1907,0,2016-04-18,11612,Monday,3,4,2016,,,,,0,0,0,3.54,0,2,5.0,5.0,6.285714285714286,4.38612531035027,0,0,3.6024199,4.38612531035027,19.14758470408214,44.36452272288096,4.322904,HIGH,40.04161861292613,90.25594361296871,CRITICAL,Urgent stock replenishment required
FOODS_1_006_CA_3_validation,FOODS_1_006,FOODS_1,FOODS,CA_3,CA,d_1907,0,2016-04-18,11612,Monday,3,4,2016,,,,,0,0,0,2.48,0,2,1.0,0.0,1.1428571428571428,1.2149857925879126,0,0,0.92942137,1.2149857925879126,5.304007918546128,11.809957415769029,1.1153057,HIGH,10.694651753613877,90.55622621749711,CRITICAL,Urgent stock replenishment required
FOODS_1_005_WI_1_validation,FOODS_1_005,FOODS_1,FOODS,WI_1,WI,d_1907,3,2016-04-18,11612,Monday,3,4,2016,,,,,0,0,0,3.54,0,2,4.0,4.0,1.8571428571428572,1.4638501094227971,0,0,1.8428513,1.4638501094227971,6.390422521242226,19.290381131776893,2.2114217,HIGH,17.078959403642738,88.53614289408053,CRITICAL,Urgent stock replenishment required
FOODS_1_011_CA_1_validation,FOODS_1_011,FOODS_1,FOODS,CA_1,CA,d_1907,1,2016-04-18,11612,Monday,3,4,2016,,,,,0,0,0,2.68,0,2,1.0,0.0,0.7142857142857143,0.9511897312113419,0,0,0.7004794,0.9511897312113419,4.152408939398913,9.05576453784862,0.8405753,HIGH,8.215189260043292,90.7177878323565,CRITICAL,Urgent stock replenishment required
FOODS_1_006_CA_1_validation,FOODS_1_006,FOODS_1,FOODS,CA_1,CA,d_1907,0,2016-04-18,11612,Monday,3,4,2016,,,,,0,0,0,2.48,0,2,0.0,0.0,1.0,1.1547005383792508,0,0,0.8428507,1.1547005383792508,5.040833264451421,10.940788060288824,1.0114208,HIGH,9.929367214303412,90.75550279914012,CRITICAL,Urgent stock replenishment required
FOODS_1_002_WI_2_validation,FOODS_1_002,FOODS_1,FOODS,WI_2,WI,d_1907,0,2016-04-18,11612,Monday,3,4,2016,,,,,0,0,0,9.48,0,2,1.0,0.0,0.5714285714285714,0.7867957924694432,0,0,0.4582122,0.7867957924694432,3.434748899119119,6.642234336512308,0.54985464,HIGH,6.092379700319986,91.72184225464953,CRITICAL,Urgent stock replenishment required
FOODS_1_005_TX_2_validation,FOODS_1_005,FOODS_1,FOODS,TX_2,TX,d_1907,2,2016-04-18,11612,Monday,3,4,2016,,,,,0,0,0,3.54,0,2,1.0,3.0,1.1428571428571428,0.690065559342353,0,0,1.1253804,0.690065559342353,3.0124740662784086,10.890136724969814,1.3504565,HIGH,9.539680248758266,87.59926977670438,CRITICAL,Urgent stock replenishment required
FOODS_1_011_CA_4_validation,FOODS_1_011,FOODS_1,FOODS,CA_4,CA,d_1907,0,2016-04-18,11612,Monday,3,4,2016,,,,,0,0,0,2.68,0,2,0.0,0.0,1.1428571428571428,1.573591584938886,0,0,0.89298534,1.573591584938886,6.869497798238237,13.120395205769976,1.0715824,HIGH,12.048812769208391,91.83269695953722,CRITICAL,Urgent stock replenishment required
FOODS_1_009_CA_3_validation,FOODS_1_009,FOODS_1,FOODS,CA_3,CA,d_1907,0,2016-04-18,11612,Monday,3,4,2016,,,,,0,0,0,1.98,0,2,0.0,0.0,0.0,0.0,0,0,0.1231853,0.0,0.0,0.8622971177101135,0.14782237,HIGH,0.7144747525453568,82.85714261027466,CRITICAL,Urgent stock replenishment required
FOODS_1_010_CA_4_validation,FOODS_1_010,FOODS_1,FOODS,CA_4,CA,d_1907,0,2016-04-18,11612,Monday,3,4,2016,,,,,0,0,0,5.64,0,2,0.0,0.0,0.0,0.0,0,0,0.09730765,0.0,0.0,0.6811535358428955,0.11676919,HIGH,0.5643843486905098,82.85714145080532,CRITICAL,Urgent stock replenishment required
FOODS_1_005_TX_1_validation,FOODS_1_005,FOODS_1,FOODS,TX_1,TX,d_1907,0,2016-04-18,11612,Monday,3,4,2016,,,,,0,0,0,3.54,0,2,1.0,1.0,0.7142857142857143,1.1126972805283737,0,0,0.74620956,1.1126972805283737,4.857468476480316,10.080935349649263,0.8954515,HIGH,9.185483863538575,91.11737695905528,CRITICAL,Urgent stock replenishment required
FOODS_1_003_TX_1_validation,FOODS_1_003,FOODS_1,FOODS,TX_1,TX,d_1907,1,2016-04-18,11612,Monday,3,4,2016,,,,,0,0,0,3.23,0,2,0.0,1.0,0.14285714285714285,0.37796447300922725,0,0,0.3765835,0.37796447300922725,1.65,4.286084318161011,0.4519002,HIGH,3.834184104204178,89.45657200344753,CRITICAL,Urgent stock replenishment required
FOODS_1_003_TX_3_validation,FOODS_1_003,FOODS_1,FOODS,TX_3,TX,d_1907,0,2016-04-18,11612,Monday,3,4,2016,,,,,0,0,0,3.23,0,2,0.0,0.0,0.0,0.0,0,0,0.0835081,0.0,0.0,0.5845566987991333,0.10020972,HIGH,0.48434697836637497,82.85714274789406,CRITICAL,Urgent stock replenishment required
FOODS_1_011_WI_2_validation,FOODS_1_011,FOODS_1,FOODS,WI_2,WI,d_1907,0,2016-04-18,11612,Monday,3,4,2016,,,,,0,0,0,2.68,0,2,0.0,0.0,1.0,1.7320508075688772,0,0,0.76799315,1.7320508075688772,7.561249896677135,12.937202140482068,0.9215918,HIGH,12.015610322149396,92.87642097321105,CRITICAL,Urgent stock replenishment required
FOODS_1_002_TX_2_validation,FOODS_1_002,FOODS_1,FOODS,TX_2,TX,d_1907,0,2016-04-18,11612,Monday,3,4,2016,,,,,0,0,0,9.48,0,2,1.0,0.0,0.14285714285714285,0.3779644730092273,0,0,0.31334114,0.3779644730092273,1.6500000000000004,3.8433879852294925,0.37600937,HIGH,3.4673786103725437,90.21672086445633,CRITICAL,Urgent stock replenishment required
FOODS_1_001_TX_1_validation,FOODS_1_001,FOODS_1,FOODS,TX_1,TX,d_1907,0,2016-04-18,11612,Monday,3,4,2016,,,,,0,0,0,2.24,0,2,0.0,1.0,0.0,0.0,0,0,0.19266139,0.0,0.0,1.3486297130584717,0.23119368,HIGH,1.1174360364675522,82.85714200478276,CRITICAL,Urgent stock replenishment required
FOODS_1_005_CA_1_validation,FOODS_1_005,FOODS_1,FOODS,CA_1,CA,d_1907,2,2016-04-18,11612,Monday,3,4,2016,,,,,0,0,0,3.54,0,2,2.0,2.0,1.4285714285714286,0.9759000729485234,0,0,1.2686031,0.9759000729485234,4.260281680828116,13.140503047710439,1.5223237,HIGH,11.618179320102712,88.41502701928164,CRITICAL,Urgent stock replenishment required
FOODS_1_006_TX_3_validation,FOODS_1_006,FOODS_1,FOODS,TX_3,TX,d_1907,0,2016-04-18,11612,Monday,3,4,2016,,,,,0,0,0,2.48,0,2,0.0,0.0,0.42857142857142855,0.5345224838248493,0,0,0.52489275,0.5345224838248493,2.3334523779156093,6.007701550126303,0.6298713,HIGH,5.377830241322744,89.51560253870606,CRITICAL,Urgent stock replenishment required
FOODS_1_005_CA_4_validation,FOODS_1_005,FOODS_1,FOODS,CA_4,CA,d_1907,1,2016-04-18,11612,Monday,3,4,2016,,,,,0,0,0,3.54,0,2,0.0,3.0,1.2857142857142858,1.1126972805283735,0,0,1.2713436,1.1126972805283735,4.8574684764803155,13.756873955911468,1.5256124,HIGH,12.231261601632903,88.91018149059224,CRITICAL,Urgent stock replenishment required
FOODS_1_011_TX_1_validation,FOODS_1_011,FOODS_1,FOODS,TX_1,TX,d_1907,1,2016-04-18,11612,Monday,3,4,2016,,,,,0,0,0,2.68,0,2,0.0,3.0,0.0,0.0,0,0,0.21799761,0.0,0.0,1.5259833335876465,0.26159716,HIGH,1.2643861770629883,82.85714196434681,CRITICAL,Urgent stock replenishment required
FOODS_1_011_WI_1_validation,FOODS_1_011,FOODS_1,FOODS,WI_1,WI,d_1907,5,2016-04-18,11612,Monday,3,4,2016,,,,,0,0,0,2.68,0,2,3.0,5.0,1.2857142857142858,1.3801311186847083,0,0,1.3954252,1.3801311186847083,6.024948132556826,15.792924893421084,1.6745104,HIGH,14.118414533656985,89.39708527036903,CRITICAL,Urgent stock replenishment required
FOODS_1_008_WI_2_validation,FOODS_1_008,FOODS_1,FOODS,WI_2,WI,d_1907,1,2016-04-18,11612,Monday,3,4,2016,,,,,0,0,0,3.54,0,2,0.0,0.0,0.14285714285714285,0.37796447300922725,0,0,0.31438103,0.37796447300922725,1.65,3.850667142868042,0.37725726,HIGH,3.4734098851680755,90.20280788489605,CRITICAL,Urgent stock replenishment required
FOODS_1_009_WI_1_validation,FOODS_1_009,FOODS_1,FOODS,WI_1,WI,d_1907,0,2016-04-18,11612,Monday,3,4,2016,,,,,0,0,0,2.24,0,2,0.0,0.0,0.0,0.0,0,0,0.12056109,0.0,0.0,0.8439276218414307,0.14467332,HIGH,0.6992543041706085,82.85714154548606,CRITICAL,Urgent stock replenishment required
FOODS_1_008_TX_1_validation,FOODS_1_008,FOODS_1,FOODS,TX_1,TX,d_1907,0,2016-04-18,11612,Monday,3,4,2016,,,,,0,0,0,3.54,0,2,0.0,0.0,0.14285714285714285,0.37796447300922725,0,0,0.31438103,0.37796447300922725,1.65,3.850667142868042,0.37725726,HIGH,3.4734098851680755,90.20280788489605,CRITICAL,Urgent stock replenishment required
FOODS_1_002_CA_3_validation,FOODS_1_002,FOODS_1,FOODS,CA_3,CA,d_1907,0,2016-04-18,11612,Monday,3,4,2016,,,,,0,0,0,9.48,0,2,0.0,0.0,0.7142857142857143,0.7559289460184545,0,0,0.52002484,0.7559289460184545,3.3,6.94017391204834,0.6240298,HIGH,6.316144096851349,91.00844124217612,CRITICAL,Urgent stock replenishment required
FOODS_1_010_CA_1_validation,FOODS_1_010,FOODS_1,FOODS,CA_1,CA,d_1907,0,2016-04-18,11612,Monday,3,4,2016,,,,,0,0,0,5.64,0,2,0.0,0.0,0.0,0.0,0,0,0.09730765,0.0,0.0,0.6811535358428955,0.11676919,HIGH,0.5643843486905098,82.85714145080532,CRITICAL,Urgent stock replenishment required
FOODS_1_009_CA_1_validation,FOODS_1_009,FOODS_1,FOODS,CA_1,CA,d_1907,0,2016-04-18,11612,Monday,3,4,2016,,,,,0,0,0,2.24,0,2,0.0,0.0,0.0,0.0,0,0,0.12056109,0.0,0.0,0.8439276218414307,0.14467332,HIGH,0.6992543041706085,82.85714154548606,CRITICAL,Urgent stock replenishment required
FOODS_1_010_WI_3_validation,FOODS_1_010,FOODS_1,FOODS,WI_3,WI,d_1907,2,2016-04-18,11612,Monday,3,4,2016,,,,,0,0,0,6.77,0,2,0.0,0.0,0.42857142857142855,0.786795792469443,0,0,0.43510816,0.786795792469443,3.4347488991191186,6.480505954401711,0.52212983,HIGH,5.958376120703439,91.94306991811912,CRITICAL,Urgent stock replenishment required
FOODS_1_011_TX_2_validation,FOODS_1_011,FOODS_1,FOODS,TX_2,TX,d_1907,1,2016-04-18,11612,Monday,3,4,2016,,,,,0,0,0,2.68,0,2,0.0,0.0,0.2857142857142857,0.48795003647426666,0,0,0.43522835,0.48795003647426666,2.1301408404140796,5.176739274862322,0.522274,HIGH,4.654465257528337,89.91113924029186,CRITICAL,Urgent stock replenishment required
FOODS_1_011_CA_3_validation,FOODS_1_011,FOODS_1,FOODS,CA_3,CA,d_1907,0,2016-04-18,11612,Monday,3,4,2016,,,,,0,0,0,2.68,0,2,1.0,1.0,1.8571428571428572,1.3451854182690965,0,0,1.4829065,1.3451854182690965,5.872393038617212,16.25273838316067,1.7794878,HIGH,14.473250534878808,89.0511506041002,CRITICAL,Urgent stock replenishment required
FOODS_1_002_CA_4_validation,FOODS_1_002,FOODS_1,FOODS,CA_4,CA,d_1907,0,2016-04-18,11612,Monday,3,4,2016,,,,,0,0,0,9.48,0,2,0.0,0.0,0.0,0.0,0,0,0.10654569,0.0,0.0,0.7458198070526123,0.12785482,HIGH,0.6179649829864502,82.85714285714286,CRITICAL,Urgent stock replenishment required
FOODS_1_003_CA_3_validation,FOODS_1_003,FOODS_1,FOODS,CA_3,CA,d_1907,3,2016-04-18,11612,Monday,3,4,2016,,,,,0,0,0,3.23,0,2,3.0,0.0,0.8571428571428571,1.2149857925879115,0,0,0.6926604,1.2149857925879115,5.304007918546124,10.1526307174658,0.8311925,HIGH,9.32143822402708,91.81303332535477,CRITICAL,Urgent stock replenishment required
FOODS_1_003_WI_1_validation,FOODS_1_003,FOODS_1,FOODS,WI_1,WI,d_1907,0,2016-04-18,11612,Monday,3,4,2016,,,,,0,0,0,3.23,0,2,1.0,0.0,0.2857142857142857,0.48795003647426954,0,0,0.3830633,0.48795003647426954,2.130140840414092,4.811583816412017,0.45967597,HIGH,4.351907848718688,90.44647281991841,CRITICAL,Urgent stock replenishment required
FOODS_1_004_TX_2_validation,FOODS_1_004,FOODS_1,FOODS,TX_2,TX,d_1907,0,2016-04-18,11612,Monday,3,4,2016,,,,,0,0,0,1.96,0,2,0.0,0.0,0.0,0.0,0,0,0.269218,0.0,0.0,1.884526014328003,0.32306162,HIGH,1.56146439909935,82.85714217939027,CRITICAL,Urgent stock replenishment required
FOODS_1_008_CA_3_validation,FOODS_1_008,FOODS_1,FOODS,CA_3,CA,d_1907,0,2016-04-18,11612,Monday,3,4,2016,,,,,0,0,0,3.54,0,2,0.0,0.0,0.14285714285714285,0.37796447300922725,0,0,0.31438103,0.37796447300922725,1.65,3.850667142868042,0.37725726,HIGH,3.4734098851680755,90.20280788489605,CRITICAL,Urgent stock replenishment required
FOODS_1_002_WI_1_validation,FOODS_1_002,FOODS_1,FOODS,WI_1,WI,d_1907,1,2016-04-18,11612,Monday,3,4,2016,,,,,0,0,0,9.48,0,2,0.0,2.0,1.0,0.5773502691896278,0,0,0.80671674,0.5773502691896278,2.520416632225721,8.167433634331434,0.96806014,HIGH,7.199373498490065,88.14731555611088,CRITICAL,Urgent stock replenishment required
FOODS_1_003_WI_2_validation,FOODS_1_003,FOODS_1,FOODS,WI_2,WI,d_1907,0,2016-04-18,11612,Monday,3,4,2016,,,,,0,0,0,3.23,0,2,0.0,0.0,0.0,0.0,0,0,0.0835081,0.0,0.0,0.5845566987991333,0.10020972,HIGH,0.48434697836637497,82.85714274789406,CRITICAL,Urgent stock replenishment required
FOODS_1_006_CA_2_validation,FOODS_1_006,FOODS_1,FOODS,CA_2,CA,d_1907,0,2016-04-18,11612,Monday,3,4,2016,,,,,0,0,0,2.48,0,2,1.0,1.0,1.1428571428571428,1.0690449676496976,0,0,1.0257581,1.0690449676496976,4.666904755831214,11.847211667299721,1.2309098,HIGH,10.616301842928383,89.61013056119481,CRITICAL,Urgent stock replenishment required
FOODS_1_006_TX_1_validation,FOODS_1_006,FOODS_1,FOODS,TX_1,TX,d_1907,0,2016-04-18,11612,Monday,3,4,2016,,,,,0,0,0,2.48,0,2,0.0,2.0,0.42857142857142855,0.7867957924694432,0,0,0.68738896,0.7867957924694432,3.434748899119119,8.246471654551248,0.8248668,HIGH,7.42160488285325,89.99733696722583,CRITICAL,Urgent stock replenishment required
FOODS_1_003_CA_2_validation,FOODS_1_003,FOODS_1,FOODS,CA_2,CA,d_1907,0,2016-04-18,11612,Monday,3,4,2016,,,,,0,0,0,3.23,0,2,1.0,0.0,1.2857142857142858,0.9511897312113419,0,0,1.045374,0.9511897312113419,4.152408939398913,11.470027309455066,1.2544489,HIGH,10.21557841876903,89.0632440809277,CRITICAL,Urgent stock replenishment required
FOODS_1_004_CA_2_validation,FOODS_1_004,FOODS_1,FOODS,CA_2,CA,d_1907,0,2016-04-18,11612,Monday,3,4,2016,,,,,0,0,0,1.96,0,2,0.0,0.0,0.0,0.0,0,0,0.269218,0.0,0.0,1.884526014328003,0.32306162,HIGH,1.56146439909935,82.85714217939027,CRITICAL,Urgent stock replenishment required
FOODS_1_003_CA_1_validation,FOODS_1_003,FOODS_1,FOODS,CA_1,CA,d_1907,1,2016-04-18,11612,Monday,3,4,2016,,,,,0,0,0,3.23,0,2,0.0,1.0,1.1428571428571428,1.2149857925879122,0,0,0.9888196,1.2149857925879122,5.304007918546127,12.225745112607406,1.1865835,HIGH,11.039161593625472,90.29438690196226,CRITICAL,Urgent stock replenishment required
FOODS_1_001_CA_2_validation,FOODS_1_001,FOODS_1,FOODS,CA_2,CA,d_1907,0,2016-04-18,11612,Monday,3,4,2016,,,,,0,0,0,2.24,0,2,0.0,1.0,2.4285714285714284,5.159365040297849,0,0,0.9427762,5.159365040297849,22.523154752387597,29.12258817447622,1.1313314,HIGH,27.9912567306896,96.11527850131758,CRITICAL,Urgent stock replenishment required
FOODS_1_010_TX_1_validation,FOODS_1_010,FOODS_1,FOODS,TX_1,TX,d_1907,2,2016-04-18,11612,Monday,3,4,2016,,,,,0,0,0,6.27,0,2,0.0,0.0,1.1428571428571428,1.0690449676496974,0,0,0.7750128,1.0690449676496974,4.6669047558312124,10.091994115114659,0.9300154,HIGH,9.16197872996375,90.78462220109664,CRITICAL,Urgent stock replenishment required
FOODS_1_004_WI_2_validation,FOODS_1_004,FOODS_1,FOODS,WI_2,WI,d_1907,0,2016-04-18,11612,Monday,3,4,2016,,,,,0,0,0,1.96,0,2,0.0,0.0,0.0,7.389734084383283e-07,0,0,0.329304,7.389734084383283e-07,3.2259807759590005e-06,2.3051313235149555,0.39516482,HIGH,1.9099665059433155,82.85716681125668,CRITICAL,Urgent stock replenishment required
FOODS_1_004_TX_3_validation,FOODS_1_004,FOODS_1,FOODS,TX_3,TX,d_1907,0,2016-04-18,11612,Monday,3,4,2016,,,,,0,0,0,1.96,0,2,0.0,0.0,0.0,0.0,0,0,0.269218,0.0,0.0,1.884526014328003,0.32306162,HIGH,1.56146439909935,82.85714217939027,CRITICAL,Urgent stock replenishment required
FOODS_1_011_TX_3_validation,FOODS_1_011,FOODS_1,FOODS,TX_3,TX,d_1907,0,2016-04-18,11612,Monday,3,4,2016,,,,,0,0,0,2.68,0,2,0.0,0.0,0.42857142857142855,0.7867957924694432,0,0,0.5101849,0.7867957924694432,3.434748899119119,7.00604320682786,0.6122219,HIGH,6.393821310179453,91.26151697078095,CRITICAL,Urgent stock replenishment required
FOODS_1_001_WI_2_validation,FOODS_1_001,FOODS_1,FOODS,WI_2,WI,d_1907,0,2016-04-18,11612,Monday,3,4,2016,,,,,0,0,0,2.24,0,2,2.0,0.0,0.7142857142857143,1.2535663410560176,0,0,0.69724643,1.2535663410560176,5.47243090408641,10.353155811007797,0.83669573,HIGH,9.51646008032161,91.91844741874176,CRITICAL,Urgent stock replenishment required
FOODS_1_003_WI_3_validation,FOODS_1_003,FOODS_1,FOODS,WI_3,WI,d_1907,0,2016-04-18,11612,Monday,3,4,2016,,,,,0,0,0,3.23,0,2,0.0,0.0,0.14285714285714285,0.37796447300922725,0,0,0.31420454,0.37796447300922725,1.65,3.8494318962097167,0.37704548,HIGH,3.4723864138126372,90.20516552667598,CRITICAL,Urgent stock replenishment required
FOODS_1_008_CA_1_validation,FOODS_1_008,FOODS_1,FOODS,CA_1,CA,d_1907,0,2016-04-18,11612,Monday,3,4,2016,,,,,0,0,0,3.54,0,2,0.0,0.0,0.14285714285714285,0.37796447300922725,0,0,0.31438103,0.37796447300922725,1.65,3.850667142868042,0.37725726,HIGH,3.4734098851680755,90.20280788489605,CRITICAL,Urgent stock replenishment required
FOODS_1_002_CA_1_validation,FOODS_1_002,FOODS_1,FOODS,CA_1,CA,d_1907,0,2016-04-18,11612,Monday,3,4,2016,,,,,0,0,0,9.48,0,2,1.0,0.0,1.0,1.0,0,0,0.69314104,1.0,4.365489663256574,9.217477025164534,0.8317693,HIGH,8.385707737578322,90.9761718383956,CRITICAL,Urgent stock replenishment required
FOODS_1_004_CA_4_validation,FOODS_1_004,FOODS_1,FOODS,CA_4,CA,d_1907,0,2016-04-18,11612,Monday,3,4,2016,,,,,0,0,0,1.96,0,2,0.0,0.0,0.0,0.0,0,0,0.269218,0.0,0.0,1.884526014328003,0.32306162,HIGH,1.56146439909935,82.85714217939027,CRITICAL,Urgent stock replenishment required
FOODS_1_002_TX_3_validation,FOODS_1_002,FOODS_1,FOODS,TX_3,TX,d_1907,0,2016-04-18,11612,Monday,3,4,2016,,,,,0,0,0,9.48,0,2,0.0,1.0,0.0,0.0,0,0,0.21093518,0.0,0.0,1.476546287536621,0.2531222,HIGH,1.2234240770339966,82.85714354915903,CRITICAL,Urgent stock replenishment required
FOODS_1_010_WI_1_validation,FOODS_1_010,FOODS_1,FOODS,WI_1,WI,d_1907,2,2016-04-18,11612,Monday,3,4,2016,,,,,0,0,0,6.77,0,2,1.0,2.0,3.142857142857143,2.6726124191242437,0,0,1.7533684,2.6726124191242437,11.667261889578034,23.940840533376864,2.104042,HIGH,21.836798480154208,91.21149464117883,CRITICAL,Urgent stock replenishment required
FOODS_1_001_TX_3_validation,FOODS_1_001,FOODS_1,FOODS,TX_3,TX,d_1907,1,2016-04-18,11612,Monday,3,4,2016,,,,,0,0,0,2.24,0,2,1.0,0.0,0.5714285714285714,0.534522483824849,0,0,0.62810767,0.534522483824849,2.333452377915608,6.730206165909992,0.7537292,HIGH,5.976476941704975,88.80080036741185,CRITICAL,Urgent stock replenishment required
FOODS_1_001_WI_3_validation,FOODS_1_001,FOODS_1,FOODS,WI_3,WI,d_1907,0,2016-04-18,11612,Monday,3,4,2016,,,,,0,0,0,2.24,0,2,1.0,0.0,0.2857142857142857,0.48795003647426666,0,0,0.4904001,0.48795003647426666,2.1301408404140796,5.562941610219988,0.5884802,HIGH,4.974461435678514,89.42142097158914,CRITICAL,Urgent stock replenishment required
FOODS_1_009_WI_3_validation,FOODS_1_009,FOODS_1,FOODS,WI_3,WI,d_1907,0,2016-04-18,11612,Monday,3,4,2016,,,,,0,0,0,2.24,0,2,0.0,0.0,0.0,0.0,0,0,0.12056109,0.0,0.0,0.8439276218414307,0.14467332,HIGH,0.6992543041706085,82.85714154548606,CRITICAL,Urgent stock replenishment required
FOODS_1_004_TX_1_validation,FOODS_1_004,FOODS_1,FOODS,TX_1,TX,d_1907,0,2016-04-18,11612,Monday,3,4,2016,,,,,0,0,0,1.96,0,2,0.0,0.0,0.0,0.0,0,0,0.269218,0.0,0.0,1.884526014328003,0.32306162,HIGH,1.56146439909935,82.85714217939027,CRITICAL,Urgent stock replenishment required
FOODS_1_003_TX_1_validation,FOODS_1_003,FOODS_1,FOODS,TX_1,TX,d_1908,0,2016-04-19,11612,Tuesday,4,4,2016,,,,,0,0,0,3.23,0,2,1.0,0.0,0.2857142857142857,0.4879500364742666,0,0,0.3830633,0.4879500364742666,2.1301408404140796,4.811583816412004,0.45967597,HIGH,4.3519078487186755,90.44647281991838,CRITICAL,Urgent stock replenishment required
FOODS_1_006_WI_2_validation,FOODS_1_006,FOODS_1,FOODS,WI_2,WI,d_1908,0,2016-04-19,11612,Tuesday,4,4,2016,,,,,0,0,0,2.48,0,2,0.0,1.0,1.1428571428571428,1.3451854182690943,0,0,0.9768805,1.3451854182690943,5.8723930386172025,12.710556414471695,1.1722566,HIGH,11.538299825535843,90.7772991935965,CRITICAL,Urgent stock replenishment required
FOODS_1_004_TX_3_validation,FOODS_1_004,FOODS_1,FOODS,TX_3,TX,d_1908,0,2016-04-19,11612,Tuesday,4,4,2016,,,,,0,0,0,1.96,0,2,0.0,0.0,0.0,0.0,0,0,0.269218,0.0,0.0,1.884526014328003,0.32306162,HIGH,1.56146439909935,82.85714217939027,CRITICAL,Urgent stock replenishment required
FOODS_1_004_CA_4_validation,FOODS_1_004,FOODS_1,FOODS,CA_4,CA,d_1908,0,2016-04-19,11612,Tuesday,4,4,2016,,,,,0,0,0,1.96,0,2,0.0,0.0,0.0,0.0,0,0,0.269218,0.0,0.0,1.884526014328003,0.32306162,HIGH,1.56146439909935,82.85714217939027,CRITICAL,Urgent stock replenishment required
FOODS_1_009_CA_3_validation,FOODS_1_009,FOODS_1,FOODS,CA_3,CA,d_1908,0,2016-04-19,11612,Tuesday,4,4,2016,,,,,0,0,0,1.98,0,2,0.0,0.0,0.0,0.0,0,0,0.1231853,0.0,0.0,0.8622971177101135,0.14782237,HIGH,0.7144747525453568,82.85714261027466,CRITICAL,Urgent stock replenishment required
FOODS_1_003_TX_2_validation,FOODS_1_003,FOODS_1,FOODS,TX_2,TX,d_1908,0,2016-04-19,11612,Tuesday,4,4,2016,,,,,0,0,0,3.23,0,2,1.0,0.0,0.14285714285714285,0.3779644730092279,0,0,0.31420454,0.3779644730092279,1.6500000000000028,3.84943189620972,0.37704548,HIGH,3.4723864138126403,90.205165526676,CRITICAL,Urgent stock replenishment required
FOODS_1_003_CA_4_validation,FOODS_1_003,FOODS_1,FOODS,CA_4,CA,d_1908,1,2016-04-19,11612,Tuesday,4,4,2016,,,,,0,0,0,3.23,0,2,0.0,0.0,0.2857142857142857,0.48795003647426666,0,0,0.3830633,0.48795003647426666,2.1301408404140796,4.811583816412004,0.45967597,HIGH,4.3519078487186755,90.44647281991838,CRITICAL,Urgent stock replenishment required
FOODS_1_002_WI_3_validation,FOODS_1_002,FOODS_1,FOODS,WI_3,WI,d_1908,0,2016-04-19,11612,Tuesday,4,4,2016,,,,,0,0,0,9.48,0,2,0.0,1.0,0.14285714285714285,0.37796447300922725,0,0,0.37572008,0.37796447300922725,1.65,4.280040645599366,0.4508641,HIGH,3.8291765391826633,89.46589194473492,CRITICAL,Urgent stock replenishment required
FOODS_1_004_WI_2_validation,FOODS_1_004,FOODS_1,FOODS,WI_2,WI,d_1908,0,2016-04-19,11612,Tuesday,4,4,2016,,,,,0,0,0,1.96,0,2,0.0,0.0,0.0,7.389734084383283e-07,0,0,0.329304,7.389734084383283e-07,3.2259807759590005e-06,2.3051313235149555,0.39516482,HIGH,1.9099665059433155,82.85716681125668,CRITICAL,Urgent stock replenishment required
FOODS_1_001_TX_1_validation,FOODS_1_001,FOODS_1,FOODS,TX_1,TX,d_1908,0,2016-04-19,11612,Tuesday,4,4,2016,,,,,0,0,0,2.24,0,2,0.0,0.0,0.0,0.0,0,0,0.12056109,0.0,0.0,0.8439276218414307,0.14467332,HIGH,0.6992543041706085,82.85714154548606,CRITICAL,Urgent stock replenishment required
FOODS_1_011_TX_1_validation,FOODS_1_011,FOODS_1,FOODS,TX_1,TX,d_1908,3,2016-04-19,11612,Tuesday,4,4,2016,,,,,0,0,0,2.68,0,2,0.0,2.0,0.14285714285714285,0.37796447300922725,0,0,0.45770833,0.37796447300922725,1.65,4.85395827293396,0.54925,HIGH,4.30470826625824,88.68449261835686,CRITICAL,Urgent stock replenishment required
FOODS_1_003_TX_3_validation,FOODS_1_003,FOODS_1,FOODS,TX_3,TX,d_1908,0,2016-04-19,11612,Tuesday,4,4,2016,,,,,0,0,0,3.23,0,2,0.0,0.0,0.0,0.0,0,0,0.0835081,0.0,0.0,0.5845566987991333,0.10020972,HIGH,0.48434697836637497,82.85714274789406,CRITICAL,Urgent stock replenishment required
FOODS_1_001_TX_3_validation,FOODS_1_001,FOODS_1,FOODS,TX_3,TX,d_1908,0,2016-04-19,11612,Tuesday,4,4,2016,,,,,0,0,0,2.24,0,2,0.0,0.0,0.5714285714285714,0.534522483824849,0,0,0.62810767,0.534522483824849,2.333452377915608,6.730206165909992,0.7537292,HIGH,5.976476941704975,88.80080036741185,CRITICAL,Urgent stock replenishment required
FOODS_1_003_WI_1_validation,FOODS_1_003,FOODS_1,FOODS,WI_1,WI,d_1908,0,2016-04-19,11612,Tuesday,4,4,2016,,,,,0,0,0,3.23,0,2,0.0,4.0,0.14285714285714285,0.3779644730092316,0,0,0.52988845,0.3779644730092316,1.650000000000019,5.359219217300434,0.63586617,HIGH,4.723353052139301,88.13509693523166,CRITICAL,Urgent stock replenishment required
FOODS_1_005_WI_2_validation,FOODS_1_005,FOODS_1,FOODS,WI_2,WI,d_1908,1,2016-04-19,11612,Tuesday,4,4,2016,,,,,0,0,0,3.54,0,2,8.0,3.0,2.2857142857142856,2.563479777846622,0,0,2.0143554,2.563479777846622,11.190844472156687,25.291332181202097,2.4172266,HIGH,22.87410562823884,90.44247042565883,CRITICAL,Urgent stock replenishment required
FOODS_1_001_CA_3_validation,FOODS_1_001,FOODS_1,FOODS,CA_3,CA,d_1908,0,2016-04-19,11612,Tuesday,4,4,2016,,,,,0,0,0,2.24,0,2,0.0,0.0,1.8571428571428572,4.913538149119954,0,0,1.9759183,4.913538149119954,21.45,35.281428527832034,2.371102,HIGH,32.910326433181766,93.27946119647676,CRITICAL,Urgent stock replenishment required
FOODS_1_005_CA_1_validation,FOODS_1_005,FOODS_1,FOODS,CA_1,CA,d_1908,0,2016-04-19,11612,Tuesday,4,4,2016,,,,,0,0,0,3.54,0,2,0.0,3.0,1.4285714285714286,0.9759000729485234,0,0,1.3423954,0.9759000729485234,4.260281680828116,13.657049297100087,1.6108745,HIGH,12.046174763446828,88.20481277756456,CRITICAL,Urgent stock replenishment required
FOODS_1_009_WI_2_validation,FOODS_1_009,FOODS_1,FOODS,WI_2,WI,d_1908,0,2016-04-19,11612,Tuesday,4,4,2016,,,,,0,0,0,2.24,0,2,0.0,0.0,0.0,0.0,0,0,0.12056109,0.0,0.0,0.8439276218414307,0.14467332,HIGH,0.6992543041706085,82.85714154548606,CRITICAL,Urgent stock replenishment required
FOODS_1_002_CA_3_validation,FOODS_1_002,FOODS_1,FOODS,CA_3,CA,d_1908,0,2016-04-19,11612,Tuesday,4,4,2016,,,,,0,0,0,9.48,0,2,0.0,0.0,0.7142857142857143,0.7559289460184545,0,0,0.52002484,0.7559289460184545,3.3,6.94017391204834,0.6240298,HIGH,6.316144096851349,91.00844124217612,CRITICAL,Urgent stock replenishment required
FOODS_1_002_TX_3_validation,FOODS_1_002,FOODS_1,FOODS,TX_3,TX,d_1908,2,2016-04-19,11612,Tuesday,4,4,2016,,,,,0,0,0,9.48,0,2,0.0,0.0,0.0,0.0,0,0,0.10654569,0.0,0.0,0.7458198070526123,0.12785482,HIGH,0.6179649829864502,82.85714285714286,CRITICAL,Urgent stock replenishment required
FOODS_1_008_TX_2_validation,FOODS_1_008,FOODS_1,FOODS,TX_2,TX,d_1908,0,2016-04-19,11612,Tuesday,4,4,2016,,,,,0,0,0,3.54,0,2,0.0,0.0,0.14285714285714285,0.37796447300922725,0,0,0.31438103,0.37796447300922725,1.65,3.850667142868042,0.37725726,HIGH,3.4734098851680755,90.20280788489605,CRITICAL,Urgent stock replenishment required
FOODS_1_006_CA_1_validation,FOODS_1_006,FOODS_1,FOODS,CA_1,CA,d_1908,2,2016-04-19,11612,Tuesday,4,4,2016,,,,,0,0,0,2.48,0,2,0.0,0.0,1.0,1.1547005383792508,0,0,0.8428507,1.1547005383792508,5.040833264451421,10.940788060288824,1.0114208,HIGH,9.929367214303412,90.75550279914012,CRITICAL,Urgent stock replenishment required
FOODS_1_005_CA_2_validation,FOODS_1_005,FOODS_1,FOODS,CA_2,CA,d_1908,8,2016-04-19,11612,Tuesday,4,4,2016,,,,,0,0,0,3.54,0,2,10.0,2.0,5.571428571428571,4.995235825502232,0,0,2.9010546,4.995235825502232,21.806650361758916,42.114032945377076,3.4812658,HIGH,38.63276716206714,91.7337154866521,CRITICAL,Urgent stock replenishment required
FOODS_1_002_CA_1_validation,FOODS_1_002,FOODS_1,FOODS,CA_1,CA,d_1908,0,2016-04-19,11612,Tuesday,4,4,2016,,,,,0,0,0,9.48,0,2,0.0,1.0,0.8571428571428571,1.0690449676496976,0,0,0.6648053,1.0690449676496976,4.666904755831214,9.320541688204262,0.7977664,HIGH,8.522775300741646,91.44077228395169,CRITICAL,Urgent stock replenishment required
FOODS_1_010_WI_3_validation,FOODS_1_010,FOODS_1,FOODS,WI_3,WI,d_1908,0,2016-04-19,11612,Tuesday,4,4,2016,,,,,0,0,0,6.77,0,2,2.0,0.0,0.7142857142857143,0.9511897312113419,0,0,0.5734484,0.9511897312113419,4.152408939398913,8.166548114813953,0.6881381,HIGH,7.478409987486987,91.57369652817331,CRITICAL,Urgent stock replenishment required
FOODS_1_005_WI_3_validation,FOODS_1_005,FOODS_1,FOODS,WI_3,WI,d_1908,1,2016-04-19,11612,Tuesday,4,4,2016,,,,,0,0,0,3.54,0,2,3.0,4.0,3.0,2.0816659994661335,0,0,2.5135741,2.0816659994661335,9.08749140302207,26.68250978986289,3.016289,HIGH,23.666220794120093,88.69563238429417,CRITICAL,Urgent stock replenishment required
FOODS_1_006_TX_2_validation,FOODS_1_006,FOODS_1,FOODS,TX_2,TX,d_1908,0,2016-04-19,11612,Tuesday,4,4,2016,,,,,0,0,0,2.48,0,2,2.0,0.0,0.42857142857142855,0.7867957924694431,0,0,0.5182513,0.7867957924694431,3.4347488991191186,7.062507878916482,0.6219016,HIGH,6.440606307165841,91.1943238519112,CRITICAL,Urgent stock replenishment required
FOODS_1_004_TX_1_validation,FOODS_1_004,FOODS_1,FOODS,TX_1,TX,d_1908,0,2016-04-19,11612,Tuesday,4,4,2016,,,,,0,0,0,1.96,0,2,0.0,0.0,0.0,0.0,0,0,0.269218,0.0,0.0,1.884526014328003,0.32306162,HIGH,1.56146439909935,82.85714217939027,CRITICAL,Urgent stock replenishment required
FOODS_1_008_CA_4_validation,FOODS_1_008,FOODS_1,FOODS,CA_4,CA,d_1908,0,2016-04-19,11612,Tuesday,4,4,2016,,,,,0,0,0,3.54,0,2,0.0,0.0,0.2857142857142857,0.48795003647426666,0,0,0.37570843,0.48795003647426666,2.1301408404140796,4.760099946859392,0.45085013,HIGH,4.30924981773189,90.52855750592038,CRITICAL,Urgent stock replenishment required
FOODS_1_008_TX_1_validation,FOODS_1_008,FOODS_1,FOODS,TX_1,TX,d_1908,0,2016-04-19,11612,Tuesday,4,4,2016,,,,,0,0,0,3.54,0,2,0.0,0.0,0.14285714285714285,0.37796447300922725,0,0,0.31438103,0.37796447300922725,1.65,3.850667142868042,0.37725726,HIGH,3.4734098851680755,90.20280788489605,CRITICAL,Urgent stock replenishment required
FOODS_1_008_WI_3_validation,FOODS_1_008,FOODS_1,FOODS,WI_3,WI,d_1908,0,2016-04-19,11612,Tuesday,4,4,2016,,,,,0,0,0,3.54,0,2,0.0,1.0,0.2857142857142857,0.4879500364742666,0,0,0.45290267,0.4879500364742666,2.1301408404140796,5.300459443929705,0.54348326,HIGH,4.756976186636003,89.74648777067581,CRITICAL,Urgent stock replenishment required
FOODS_1_001_WI_1_validation,FOODS_1_001,FOODS_1,FOODS,WI_1,WI,d_1908,2,2016-04-19,11612,Tuesday,4,4,2016,,,,,0,0,0,2.24,0,2,0.0,0.0,0.14285714285714285,0.3779644730092273,0,0,0.42011037,0.3779644730092273,1.6500000000000004,4.590772533416748,0.50413245,HIGH,4.086640083789826,89.01857049206238,CRITICAL,Urgent stock replenishment required
FOODS_1_004_TX_2_validation,FOODS_1_004,FOODS_1,FOODS,TX_2,TX,d_1908,0,2016-04-19,11612,Tuesday,4,4,2016,,,,,0,0,0,1.96,0,2,0.0,0.0,0.0,0.0,0,0,0.269218,0.0,0.0,1.884526014328003,0.32306162,HIGH,1.56146439909935,82.85714217939027,CRITICAL,Urgent stock replenishment required
FOODS_1_011_WI_3_validation,FOODS_1_011,FOODS_1,FOODS,WI_3,WI,d_1908,0,2016-04-19,11612,Tuesday,4,4,2016,,,,,0,0,0,2.68,0,2,0.0,0.0,0.2857142857142857,0.7559289460184545,0,0,0.4610019,0.7559289460184545,3.3,6.527013349533081,0.55320233,HIGH,5.973811018466949,91.5244185749106,CRITICAL,Urgent stock replenishment required
FOODS_1_004_CA_1_validation,FOODS_1_004,FOODS_1,FOODS,CA_1,CA,d_1908,0,2016-04-19,11612,Tuesday,4,4,2016,,,,,0,0,0,1.96,0,2,0.0,0.0,0.0,0.0,0,0,0.269218,0.0,0.0,1.884526014328003,0.32306162,HIGH,1.56146439909935,82.85714217939027,CRITICAL,Urgent stock replenishment required
FOODS_1_009_CA_2_validation,FOODS_1_009,FOODS_1,FOODS,CA_2,CA,d_1908,0,2016-04-19,11612,Tuesday,4,4,2016,,,,,0,0,0,2.24,0,2,0.0,0.0,0.0,0.0,0,0,0.12056109,0.0,0.0,0.8439276218414307,0.14467332,HIGH,0.6992543041706085,82.85714154548606,CRITICAL,Urgent stock replenishment required
FOODS_1_006_TX_1_validation,FOODS_1_006,FOODS_1,FOODS,TX_1,TX,d_1908,0,2016-04-19,11612,Tuesday,4,4,2016,,,,,0,0,0,2.48,0,2,0.0,2.0,0.42857142857142855,0.7867957924694432,0,0,0.68738896,0.7867957924694432,3.434748899119119,8.246471654551248,0.8248668,HIGH,7.42160488285325,89.99733696722583,CRITICAL,Urgent stock replenishment required
FOODS_1_011_CA_1_validation,FOODS_1_011,FOODS_1,FOODS,CA_1,CA,d_1908,3,2016-04-19,11612,Tuesday,4,4,2016,,,,,0,0,0,2.68,0,2,2.0,0.0,0.7142857142857143,0.9511897312113419,0,0,0.69716185,0.9511897312113419,4.152408939398913,9.03254209140697,0.8365943,HIGH,8.19594780782619,90.73799739746946,CRITICAL,Urgent stock replenishment required
FOODS_1_006_WI_3_validation,FOODS_1_006,FOODS_1,FOODS,WI_3,WI,d_1908,0,2016-04-19,11612,Tuesday,4,4,2016,,,,,0,0,0,2.48,0,2,0.0,1.0,0.2857142857142857,0.4879500364742538,0,0,0.50979114,0.4879500364742538,2.130140840414023,5.698678790929771,0.6117494,HIGH,5.086929380300498,89.26506593768795,CRITICAL,Urgent stock replenishment required
FOODS_1_001_CA_2_validation,FOODS_1_001,FOODS_1,FOODS,CA_2,CA,d_1908,1,2016-04-19,11612,Tuesday,4,4,2016,,,,,0,0,0,2.24,0,2,0.0,0.0,2.4285714285714284,5.159365040297849,0,0,0.9733165,5.159365040297849,22.523154752387597,29.336370008124902,1.1679798,HIGH,28.168390171660974,96.01866271750579,CRITICAL,Urgent stock replenishment required
FOODS_1_005_TX_2_validation,FOODS_1_005,FOODS_1,FOODS,TX_2,TX,d_1908,1,2016-04-19,11612,Tuesday,4,4,2016,,,,,0,0,0,3.54,0,2,1.0,1.0,1.2857142857142858,0.7559289460184535,0,0,1.0274981,0.7559289460184535,3.299999999999996,10.492486763000484,1.2329978,HIGH,9.259488987922664,88.24875548639504,CRITICAL,Urgent stock replenishment required
FOODS_1_010_CA_2_validation,FOODS_1_010,FOODS_1,FOODS,CA_2,CA,d_1908,0,2016-04-19,11612,Tuesday,4,4,2016,,,,,0,0,0,5.64,0,2,0.0,0.0,0.2857142857142857,0.48795003647426666,0,0,0.37037605,0.48795003647426666,2.1301408404140796,4.7227731341152515,0.44445127,HIGH,4.278321861627611,90.58918860029252,CRITICAL,Urgent stock replenishment required
FOODS_1_009_CA_1_validation,FOODS_1_009,FOODS_1,FOODS,CA_1,CA,d_1908,0,2016-04-19,11612,Tuesday,4,4,2016,,,,,0,0,0,2.24,0,2,0.0,0.0,0.0,0.0,0,0,0.12056109,0.0,0.0,0.8439276218414307,0.14467332,HIGH,0.6992543041706085,82.85714154548606,CRITICAL,Urgent stock replenishment required
FOODS_1_006_WI_1_validation,FOODS_1_006,FOODS_1,FOODS,WI_1,WI,d_1908,3,2016-04-19,11612,Tuesday,4,4,2016,,,,,0,0,0,2.48,0,2,0.0,1.0,1.4285714285714286,2.5727509827124004,0,0,0.9768657,2.5727509827124004,11.231317821164177,18.069377723355338,1.172239,HIGH,16.89713877739434,93.5125660445637,CRITICAL,Urgent stock replenishment required
FOODS_1_003_CA_1_validation,FOODS_1_003,FOODS_1,FOODS,CA_1,CA,d_1908,1,2016-04-19,11612,Tuesday,4,4,2016,,,,,0,0,0,3.23,0,2,1.0,2.0,1.2857142857142858,1.112697280528374,0,0,1.1712369,1.112697280528374,4.857468476480317,13.05612646598227,1.4054843,HIGH,11.650642147249055,89.23505894037406,CRITICAL,Urgent stock replenishment required
FOODS_1_002_CA_2_validation,FOODS_1_002,FOODS_1,FOODS,CA_2,CA,d_1908,0,2016-04-19,11612,Tuesday,4,4,2016,,,,,0,0,0,9.48,0,2,2.0,1.0,1.1428571428571428,1.2149857925879117,0,0,0.75276226,1.2149857925879117,5.304007918546126,10.573343665311263,0.90331477,HIGH,9.670028896043227,91.45667824803986,CRITICAL,Urgent stock replenishment required
FOODS_1_005_WI_1_validation,FOODS_1_005,FOODS_1,FOODS,WI_1,WI,d_1908,4,2016-04-19,11612,Tuesday,4,4,2016,,,,,0,0,0,3.54,0,2,2.0,1.0,1.7142857142857142,1.2535663410560145,0,0,1.4791304,1.2535663410560145,5.472430904086397,15.826343257602023,1.7749566,HIGH,14.051386673625277,88.78479661987514,CRITICAL,Urgent stock replenishment required
FOODS_1_009_TX_1_validation,FOODS_1_009,FOODS_1,FOODS,TX_1,TX,d_1908,0,2016-04-19,11612,Tuesday,4,4,2016,,,,,0,0,0,2.24,0,2,0.0,0.0,0.0,0.0,0,0,0.12056109,0.0,0.0,0.8439276218414307,0.14467332,HIGH,0.6992543041706085,82.85714154548606,CRITICAL,Urgent stock replenishment required
FOODS_1_008_TX_3_validation,FOODS_1_008,FOODS_1,FOODS,TX_3,TX,d_1908,0,2016-04-19,11612,Tuesday,4,4,2016,,,,,0,0,0,3.54,0,2,0.0,0.0,0.42857142857142855,0.7867957924694432,0,0,0.4522982,0.7867957924694432,3.434748899119119,6.600836288111429,0.54275787,HIGH,6.058078419344644,91.77743781126144,CRITICAL,Urgent stock replenishment required
FOODS_1_011_TX_2_validation,FOODS_1_011,FOODS_1,FOODS,TX_2,TX,d_1908,0,2016-04-19,11612,Tuesday,4,4,2016,,,,,0,0,0,2.68,0,2,0.0,0.0,0.42857142857142855,0.5345224838248488,0,0,0.5101849,0.5345224838248488,2.333452377915607,5.904746685624348,0.6122219,HIGH,5.292524788975941,89.63169922024059,CRITICAL,Urgent stock replenishment required
FOODS_1_010_WI_2_validation,FOODS_1_010,FOODS_1,FOODS,WI_2,WI,d_1908,0,2016-04-19,11612,Tuesday,4,4,2016,,,,,0,0,0,6.77,0,2,0.0,0.0,0.14285714285714285,0.37796447300922775,0,0,0.31334114,0.37796447300922775,1.6500000000000024,3.8433879852294943,0.37600937,HIGH,3.4673786103725455,90.21672086445635,CRITICAL,Urgent stock replenishment required
FOODS_1_008_CA_2_validation,FOODS_1_008,FOODS_1,FOODS,CA_2,CA,d_1908,0,2016-04-19,11612,Tuesday,4,4,2016,,,,,0,0,0,3.54,0,2,1.0,0.0,0.42857142857142855,0.7867957924694432,0,0,0.4522982,0.7867957924694432,3.434748899119119,6.600836288111429,0.54275787,HIGH,6.058078419344644,91.77743781126144,CRITICAL,Urgent stock replenishment required
FOODS_1_010_TX_2_validation,FOODS_1_010,FOODS_1,FOODS,TX_2,TX,d_1908,1,2016-04-19,11612,Tuesday,4,4,2016,,,,,0,0,0,6.27,0,2,0.0,0.0,0.2857142857142857,0.7559289460184545,0,0,0.38890207,0.7559289460184545,3.3,6.022314357757568,0.4666825,HIGH,5.555631864070892,92.25077825627743,CRITICAL,Urgent stock replenishment required
FOODS_1_003_WI_3_validation,FOODS_1_003,FOODS_1,FOODS,WI_3,WI,d_1908,0,2016-04-19,11612,Tuesday,4,4,2016,,,,,0,0,0,3.23,0,2,0.0,0.0,0.14285714285714285,0.37796447300922725,0,0,0.31420454,0.37796447300922725,1.65,3.8494318962097167,0.37704548,HIGH,3.4723864138126372,90.20516552667598,CRITICAL,Urgent stock replenishment required
FOODS_1_011_CA_2_validation,FOODS_1_011,FOODS_1,FOODS,CA_2,CA,d_1908,1,2016-04-19,11612,Tuesday,4,4,2016,,,,,0,0,0,2.68,0,2,1.0,0.0,2.5714285714285716,1.6183471874253743,0,0,1.8879932,1.6183471874253743,7.064877918265822,20.280830791495802,2.2655919,HIGH,18.015238931678297,88.82890014166719,CRITICAL,Urgent stock replenishment required
FOODS_1_005_TX_3_validation,FOODS_1_005,FOODS_1,FOODS,TX_3,TX,d_1908,2,2016-04-19,11612,Tuesday,4,4,2016,,,,,0,0,0,3.54,0,2,0.0,0.0,1.0,1.1547005383792512,0,0,0.84882736,1.1547005383792512,5.040833264451423,10.98262479887525,1.0185928,HIGH,9.964031964402594,90.72541534354363,CRITICAL,Urgent stock replenishment required
FOODS_1_009_TX_2_validation,FOODS_1_009,FOODS_1,FOODS,TX_2,TX,d_1908,0,2016-04-19,11612,Tuesday,4,4,2016,,,,,0,0,0,2.24,0,2,0.0,0.0,0.0,0.0,0,0,0.12056109,0.0,0.0,0.8439276218414307,0.14467332,HIGH,0.6992543041706085,82.85714154548606,CRITICAL,Urgent stock replenishment required
FOODS_1_008_WI_1_validation,FOODS_1_008,FOODS_1,FOODS,WI_1,WI,d_1908,0,2016-04-19,11612,Tuesday,4,4,2016,,,,,0,0,0,3.54,0,2,0.0,0.0,0.14285714285714285,0.377964473009228,0,0,0.31438103,0.377964473009228,1.6500000000000032,3.850667142868045,0.37725726,HIGH,3.4734098851680786,90.20280788489605,CRITICAL,Urgent stock replenishment required
FOODS_1_010_CA_3_validation,FOODS_1_010,FOODS_1,FOODS,CA_3,CA,d_1908,0,2016-04-19,11612,Tuesday,4,4,2016,,,,,0,0,0,5.64,0,2,0.0,1.0,0.42857142857142855,0.5345224838248498,0,0,0.52253574,0.5345224838248498,2.3334523779156116,5.991202507615318,0.6270429,HIGH,5.364159618020286,89.5339393252355,CRITICAL,Urgent stock replenishment required
FOODS_1_001_TX_2_validation,FOODS_1_001,FOODS_1,FOODS,TX_2,TX,d_1908,0,2016-04-19,11612,Tuesday,4,4,2016,,,,,0,0,0,2.24,0,2,0.0,0.0,0.7142857142857143,1.1126972805283737,0,0,0.72412616,1.1126972805283737,4.857468476480316,9.926351418680024,0.86895144,HIGH,9.057399978822541,91.24601373449023,CRITICAL,Urgent stock replenishment required
FOODS_1_004_CA_3_validation,FOODS_1_004,FOODS_1,FOODS,CA_3,CA,d_1908,0,2016-04-19,11612,Tuesday,4,4,2016,,,,,0,0,0,1.5,0,2,0.0,0.0,0.0,0.0,0,0,0.39481968,0.0,0.0,2.763737678527832,0.47378364,HIGH,2.289954036474228,82.85714140909437,CRITICAL,Urgent stock replenishment required
FOODS_1_004_WI_3_validation,FOODS_1_004,FOODS_1,FOODS,WI_3,WI,d_1908,0,2016-04-19,11612,Tuesday,4,4,2016,,,,,0,0,0,1.96,0,2,0.0,0.0,0.0,4.272243734249905e-07,0,0,0.29254904,4.272243734249905e-07,1.8650435860780626e-06,2.0478450828933177,0.35105887,HIGH,1.6967862123393473,82.85715684811599,CRITICAL,Urgent stock replenishment required
FOODS_1_006_CA_3_validation,FOODS_1_006,FOODS_1,FOODS,CA_3,CA,d_1908,3,2016-04-19,11612,Tuesday,4,4,2016,,,,,0,0,0,2.48,0,2,0.0,0.0,1.0,1.2909944487358063,0,0,0.8319101,1.2909944487358063,5.635822921277781,11.459193377973339,0.99829215,HIGH,10.460901229860088,91.28828604959097,CRITICAL,Urgent stock replenishment required
FOODS_1_004_WI_1_validation,FOODS_1_004,FOODS_1,FOODS,WI_1,WI,d_1908,0,2016-04-19,11612,Tuesday,4,4,2016,,,,,0,0,0,1.96,0,2,0.0,0.0,0.0,0.0,0,0,0.269218,0.0,0.0,1.884526014328003,0.32306162,HIGH,1.56146439909935,82.85714217939027,CRITICAL,Urgent stock replenishment required
FOODS_1_003_CA_3_validation,FOODS_1_003,FOODS_1,FOODS,CA_3,CA,d_1908,0,2016-04-19,11612,Tuesday,4,4,2016,,,,,0,0,0,3.23,0,2,0.0,0.0,0.8571428571428571,1.2149857925879115,0,0,0.68527514,1.2149857925879115,5.304007918546124,10.10093394012205,0.8223302,HIGH,9.278603763291759,91.85886986584573,CRITICAL,Urgent stock replenishment required
FOODS_1_010_TX_1_validation,FOODS_1_010,FOODS_1,FOODS,TX_1,TX,d_1908,1,2016-04-19,11612,Tuesday,4,4,2016,,,,,0,0,0,6.27,0,2,1.0,0.0,1.4285714285714286,0.9759000729485331,0,0,0.9120595,0.9759000729485331,4.260281680828158,10.644698261028353,1.0944715,HIGH,9.550226806407991,89.71815426062977,CRITICAL,Urgent stock replenishment required
FOODS_1_004_CA_2_validation,FOODS_1_004,FOODS_1,FOODS,CA_2,CA,d_1908,0,2016-04-19,11612,Tuesday,4,4,2016,,,,,0,0,0,1.96,0,2,0.0,0.0,0.0,0.0,0,0,0.269218,0.0,0.0,1.884526014328003,0.32306162,HIGH,1.56146439909935,82.85714217939027,CRITICAL,Urgent stock replenishment required
FOODS_1_003_CA_2_validation,FOODS_1_003,FOODS_1,FOODS,CA_2,CA,d_1908,1,2016-04-19,11612,Tuesday,4,4,2016,,,,,0,0,0,3.23,0,2,1.0,2.0,1.1428571428571428,1.0690449676496976,0,0,1.1079073,1.0690449676496976,4.666904755831214,12.42225582242057,1.3294888,HIGH,11.09276706814811,89.29752555994777,CRITICAL,Urgent stock replenishment required
FOODS_1_011_TX_3_validation,FOODS_1_011,FOODS_1,FOODS,TX_3,TX,d_1908,0,2016-04-19,11612,Tuesday,4,4,2016,,,,,0,0,0,2.68,0,2,0.0,1.0,0.42857142857142855,0.7867957924694432,0,0,0.5833156,0.7867957924694432,3.434748899119119,7.517957936899881,0.69997877,HIGH,6.81797916807435,90.68924334638967,CRITICAL,Urgent stock replenishment required
FOODS_1_006_CA_2_validation,FOODS_1_006,FOODS_1,FOODS,CA_2,CA,d_1908,0,2016-04-19,11612,Tuesday,4,4,2016,,,,,0,0,0,2.48,0,2,0.0,3.0,1.0,1.1547005383792515,0,0,1.1096576,1.1547005383792515,5.0408332644514235,12.808436661820808,1.3315892,HIGH,11.476847439866463,89.60381147901111,CRITICAL,Urgent stock replenishment required
FOODS_1_003_WI_2_validation,FOODS_1_003,FOODS_1,FOODS,WI_2,WI,d_1908,0,2016-04-19,11612,Tuesday,4,4,2016,,,,,0,0,0,3.23,0,2,0.0,0.0,0.0,0.0,0,0,0.0835081,0.0,0.0,0.5845566987991333,0.10020972,HIGH,0.48434697836637497,82.85714274789406,CRITICAL,Urgent stock replenishment required
FOODS_1_008_CA_3_validation,FOODS_1_008,FOODS_1,FOODS,CA_3,CA,d_1908,0,2016-04-19,11612,Tuesday,4,4,2016,,,,,0,0,0,3.54,0,2,0.0,0.0,0.14285714285714285,0.37796447300922725,0,0,0.31438103,0.37796447300922725,1.65,3.850667142868042,0.37725726,HIGH,3.4734098851680755,90.20280788489605,CRITICAL,Urgent stock replenishment required
FOODS_1_001_WI_2_validation,FOODS_1_001,FOODS_1,FOODS,WI_2,WI,d_1908,1,2016-04-19,11612,Tuesday,4,4,2016,,,,,0,0,0,2.24,0,2,0.0,0.0,0.42857142857142855,1.133893419027682,0,0,0.5986359,1.133893419027682,4.950000000000001,9.140451622009278,0.7183631,HIGH,8.422088515758515,92.14083574906718,CRITICAL,Urgent stock replenishment required
FOODS_1_002_CA_4_validation,FOODS_1_002,FOODS_1,FOODS,CA_4,CA,d_1908,0,2016-04-19,11612,Tuesday,4,4,2016,,,,,0,0,0,9.48,0,2,0.0,0.0,0.0,0.0,0,0,0.10654569,0.0,0.0,0.7458198070526123,0.12785482,HIGH,0.6179649829864502,82.85714285714286,CRITICAL,Urgent stock replenishment required
FOODS_1_010_WI_1_validation,FOODS_1_010,FOODS_1,FOODS,WI_1,WI,d_1908,0,2016-04-19,11612,Tuesday,4,4,2016,,,,,0,0,0,6.77,0,2,2.0,2.0,3.2857142857142856,2.5634797778466227,0,0,1.8062478,2.5634797778466227,11.190844472156693,23.83457940410249,2.1674974,HIGH,21.667082007633375,90.90608078405596,CRITICAL,Urgent stock replenishment required
FOODS_1_008_CA_1_validation,FOODS_1_008,FOODS_1,FOODS,CA_1,CA,d_1908,0,2016-04-19,11612,Tuesday,4,4,2016,,,,,0,0,0,3.54,0,2,0.0,0.0,0.14285714285714285,0.37796447300922725,0,0,0.31438103,0.37796447300922725,1.65,3.850667142868042,0.37725726,HIGH,3.4734098851680755,90.20280788489605,CRITICAL,Urgent stock replenishment required
FOODS_1_002_WI_1_validation,FOODS_1_002,FOODS_1,FOODS,WI_1,WI,d_1908,0,2016-04-19,11612,Tuesday,4,4,2016,,,,,0,0,0,9.48,0,2,1.0,0.0,1.1428571428571428,0.37796447300923,0,0,0.69878304,0.37796447300923,1.650000000000012,6.541481399536145,0.83853966,HIGH,5.7029417395591855,87.18119629543821,CRITICAL,Urgent stock replenishment required
FOODS_1_009_WI_3_validation,FOODS_1_009,FOODS_1,FOODS,WI_3,WI,d_1908,0,2016-04-19,11612,Tuesday,4,4,2016,,,,,0,0,0,2.24,0,2,0.0,0.0,0.0,0.0,0,0,0.12056109,0.0,0.0,0.8439276218414307,0.14467332,HIGH,0.6992543041706085,82.85714154548606,CRITICAL,Urgent stock replenishment required
FOODS_1_011_CA_3_validation,FOODS_1_011,FOODS_1,FOODS,CA_3,CA,d_1908,1,2016-04-19,11612,Tuesday,4,4,2016,,,,,0,0,0,2.68,0,2,0.0,0.0,1.7142857142857142,1.4960264830861894,0,0,1.289635,1.4960264830861894,6.530888147870845,15.558332987348384,1.547562,HIGH,14.010770984212703,90.05316312233376,CRITICAL,Urgent stock replenishment required
FOODS_1_001_WI_3_validation,FOODS_1_001,FOODS_1,FOODS,WI_3,WI,d_1908,0,2016-04-19,11612,Tuesday,4,4,2016,,,,,0,0,0,2.24,0,2,0.0,0.0,0.14285714285714285,0.3779644730092273,0,0,0.42011037,0.3779644730092273,1.6500000000000004,4.590772533416748,0.50413245,HIGH,4.086640083789826,89.01857049206238,CRITICAL,Urgent stock replenishment required
FOODS_1_009_CA_4_validation,FOODS_1_009,FOODS_1,FOODS,CA_4,CA,d_1908,0,2016-04-19,11612,Tuesday,4,4,2016,,,,,0,0,0,2.24,0,2,0.0,0.0,0.0,0.0,0,0,0.12056109,0.0,0.0,0.8439276218414307,0.14467332,HIGH,0.6992543041706085,82.85714154548606,CRITICAL,Urgent stock replenishment required
FOODS_1_001_CA_4_validation,FOODS_1_001,FOODS_1,FOODS,CA_4,CA,d_1908,0,2016-04-19,11612,Tuesday,4,4,2016,,,,,0,0,0,2.24,0,2,0.0,0.0,0.2857142857142857,0.7559289460184545,0,0,0.5125748,0.7559289460184545,3.3,6.8880236625671385,0.6150898,HIGH,6.272933888435364,91.0701559073545,CRITICAL,Urgent stock replenishment required
FOODS_1_005_CA_3_validation,FOODS_1_005,FOODS_1,FOODS,CA_3,CA,d_1908,0,2016-04-19,11612,Tuesday,4,4,2016,,,,,0,0,0,3.54,0,2,3.0,1.0,1.8571428571428572,1.3451854182690974,0,0,1.5986543,1.3451854182690974,5.872393038617217,17.06297340665921,1.9183851,HIGH,15.14458825861081,88.75702902227049,CRITICAL,Urgent stock replenishment required
FOODS_1_011_CA_4_validation,FOODS_1_011,FOODS_1,FOODS,CA_4,CA,d_1908,4,2016-04-19,11612,Tuesday,4,4,2016,,,,,0,0,0,2.68,0,2,2.0,2.0,1.1428571428571428,1.573591584938886,0,0,1.0667074,1.573591584938886,6.869497798238237,14.336449168477495,1.2800488,HIGH,13.056400321279009,91.071367587917,CRITICAL,Urgent stock replenishment required
FOODS_1_010_CA_4_validation,FOODS_1_010,FOODS_1,FOODS,CA_4,CA,d_1908,0,2016-04-19,11612,Tuesday,4,4,2016,,,,,0,0,0,5.64,0,2,0.0,0.0,0.0,0.0,0,0,0.09730765,0.0,0.0,0.6811535358428955,0.11676919,HIGH,0.5643843486905098,82.85714145080532,CRITICAL,Urgent stock replenishment required
FOODS_1_005_TX_1_validation,FOODS_1_005,FOODS_1,FOODS,TX_1,TX,d_1908,1,2016-04-19,11612,Tuesday,4,4,2016,,,,,0,0,0,3.54,0,2,1.0,1.0,0.5714285714285714,1.1338934190276817,0,0,0.64074636,1.1338934190276817,4.95,9.435224723815917,0.7688957,HIGH,8.666329038143157,91.85079626421665,CRITICAL,Urgent stock replenishment required
FOODS_1_002_TX_1_validation,FOODS_1_002,FOODS_1,FOODS,TX_1,TX,d_1908,0,2016-04-19,11612,Tuesday,4,4,2016,,,,,0,0,0,9.48,0,2,0.0,0.0,0.2857142857142857,0.48795003647426666,0,0,0.3540678,0.48795003647426666,2.1301408404140796,4.608615457418474,0.42488137,HIGH,4.183734088542971,90.78071553590844,CRITICAL,Urgent stock replenishment required
FOODS_1_010_TX_3_validation,FOODS_1_010,FOODS_1,FOODS,TX_3,TX,d_1908,0,2016-04-19,11612,Tuesday,4,4,2016,,,,,0,0,0,6.27,0,2,0.0,0.0,0.8571428571428571,0.899735410842438,0,0,0.61294794,0.899735410842438,3.9277856356985703,8.218421221483482,0.7355375,HIGH,7.482883692491782,91.0501359182107,CRITICAL,Urgent stock replenishment required
FOODS_1_011_WI_2_validation,FOODS_1_011,FOODS_1,FOODS,WI_2,WI,d_1908,0,2016-04-19,11612,Tuesday,4,4,2016,,,,,0,0,0,2.68,0,2,0.0,0.0,1.0,1.7320508075688772,0,0,0.76799315,1.7320508075688772,7.561249896677135,12.937202140482068,0.9215918,HIGH,12.015610322149396,92.87642097321105,CRITICAL,Urgent stock replenishment required
FOODS_1_002_TX_2_validation,FOODS_1_002,FOODS_1,FOODS,TX_2,TX,d_1908,0,2016-04-19,11612,Tuesday,4,4,2016,,,,,0,0,0,9.48,0,2,0.0,0.0,0.0,0.0,0,0,0.10654569,0.0,0.0,0.7458198070526123,0.12785482,HIGH,0.6179649829864502,82.85714285714286,CRITICAL,Urgent stock replenishment required
FOODS_1_006_TX_3_validation,FOODS_1_006,FOODS_1,FOODS,TX_3,TX,d_1908,0,2016-04-19,11612,Tuesday,4,4,2016,,,,,0,0,0,2.48,0,2,0.0,0.0,0.42857142857142855,0.5345224838248493,0,0,0.52489275,0.5345224838248493,2.3334523779156093,6.007701550126303,0.6298713,HIGH,5.377830241322744,89.51560253870606,CRITICAL,Urgent stock replenishment required
FOODS_1_009_TX_3_validation,FOODS_1_009,FOODS_1,FOODS,TX_3,TX,d_1908,0,2016-04-19,11612,Tuesday,4,4,2016,,,,,0,0,0,2.24,0,2,0.0,0.0,0.0,0.0,0,0,0.12056109,0.0,0.0,0.8439276218414307,0.14467332,HIGH,0.6992543041706085,82.85714154548606,CRITICAL,Urgent stock replenishment required
FOODS_1_005_CA_4_validation,FOODS_1_005,FOODS_1,FOODS,CA_4,CA,d_1908,0,2016-04-19,11612,Tuesday,4,4,2016,,,,,0,0,0,3.54,0,2,2.0,1.0,1.4285714285714286,0.975900072948533,0,0,1.2010437,0.975900072948533,4.260281680828157,12.667587398296419,1.4412525,HIGH,11.22633492827994,88.62251804783044,CRITICAL,Urgent stock replenishment required
FOODS_1_011_WI_1_validation,FOODS_1_011,FOODS_1,FOODS,WI_1,WI,d_1908,3,2016-04-19,11612,Tuesday,4,4,2016,,,,,0,0,0,2.68,0,2,1.0,0.0,1.5714285714285714,1.9023794624226837,0,0,1.1956629,1.9023794624226837,8.304817878797826,16.674458229139624,1.4347955,HIGH,15.239662730291663,91.39524967389603,CRITICAL,Urgent stock replenishment required
FOODS_1_008_WI_2_validation,FOODS_1_008,FOODS_1,FOODS,WI_2,WI,d_1908,0,2016-04-19,11612,Tuesday,4,4,2016,,,,,0,0,0,3.54,0,2,1.0,0.0,0.2857142857142857,0.4879500364742666,0,0,0.37570843,0.4879500364742666,2.1301408404140796,4.760099946859392,0.45085013,HIGH,4.30924981773189,90.52855750592038,CRITICAL,Urgent stock replenishment required
FOODS_1_009_WI_1_validation,FOODS_1_009,FOODS_1,FOODS,WI_1,WI,d_1908,0,2016-04-19,11612,Tuesday,4,4,2016,,,,,0,0,0,2.24,0,2,0.0,0.0,0.0,0.0,0,0,0.12056109,0.0,0.0,0.8439276218414307,0.14467332,HIGH,0.6992543041706085,82.85714154548606,CRITICAL,Urgent stock replenishment required
FOODS_1_002_WI_2_validation,FOODS_1_002,FOODS_1,FOODS,WI_2,WI,d_1908,1,2016-04-19,11612,Tuesday,4,4,2016,,,,,0,0,0,9.48,0,2,2.0,0.0,0.42857142857142855,0.7867957924694432,0,0,0.39643347,0.7867957924694432,3.434748899119119,6.209783326761942,0.4757202,HIGH,5.734063129799585,92.33918203051992,CRITICAL,Urgent stock replenishment required
FOODS_1_010_CA_1_validation,FOODS_1_010,FOODS_1,FOODS,CA_1,CA,d_1908,0,2016-04-19,11612,Tuesday,4,4,2016,,,,,0,0,0,5.64,0,2,0.0,0.0,0.0,0.0,0,0,0.09730765,0.0,0.0,0.6811535358428955,0.11676919,HIGH,0.5643843486905098,82.85714145080532,CRITICAL,Urgent stock replenishment required
FOODS_1_001_CA_1_validation,FOODS_1_001,FOODS_1,FOODS,CA_1,CA,d_1908,1,2016-04-19,11612,Tuesday,4,4,2016,,,,,0,0,0,2.24,0,2,0.0,2.0,1.1428571428571428,1.4638501094227998,0,0,1.0647007,1.4638501094227998,6.390422521242238,13.843327699312306,1.2776409,HIGH,12.565686760553456,90.77070942398973,CRITICAL,Urgent stock replenishment required
FOODS_1_006_CA_4_validation,FOODS_1_006,FOODS_1,FOODS,CA_4,CA,d_1908,1,2016-04-19,11612,Tuesday,4,4,2016,,,,,0,0,0,2.48,0,2,1.0,0.0,1.7142857142857142,1.7043362064926941,0,0,1.3212386,1.7043362064926941,7.440262092157779,16.68893267016071,1.5854864,HIGH,15.10344625811237,90.4997734523602,CRITICAL,Urgent stock replenishment required
FOODS_1_002_CA_3_validation,FOODS_1_002,FOODS_1,FOODS,CA_3,CA,d_1909,1,2016-04-20,11612,Wednesday,5,4,2016,,,,,0,0,0,9.48,0,2,1.0,0.0,0.7142857142857143,0.7559289460184545,0,0,0.52002484,0.7559289460184545,3.3,6.94017391204834,0.6240298,HIGH,6.316144096851349,91.00844124217612,CRITICAL,Urgent stock replenishment required
FOODS_1_004_TX_1_validation,FOODS_1_004,FOODS_1,FOODS,TX_1,TX,d_1909,0,2016-04-20,11612,Wednesday,5,4,2016,,,,,0,0,0,1.96,0,2,0.0,0.0,0.0,0.0,0,0,0.269218,0.0,0.0,1.884526014328003,0.32306162,HIGH,1.56146439909935,82.85714217939027,CRITICAL,Urgent stock replenishment required
FOODS_1_009_WI_3_validation,FOODS_1_009,FOODS_1,FOODS,WI_3,WI,d_1909,0,2016-04-20,11612,Wednesday,5,4,2016,,,,,0,0,0,2.24,0,2,0.0,0.0,0.0,0.0,0,0,0.12056109,0.0,0.0,0.8439276218414307,0.14467332,HIGH,0.6992543041706085,82.85714154548606,CRITICAL,Urgent stock replenishment required
FOODS_1_002_WI_1_validation,FOODS_1_002,FOODS_1,FOODS,WI_1,WI,d_1909,2,2016-04-20,11612,Wednesday,5,4,2016,,,,,0,0,0,9.48,0,2,1.0,1.0,1.0,0.5773502691896278,0,0,0.74620724,0.5773502691896278,2.520416632225721,7.743867292931288,0.89544874,HIGH,6.84841854863426,88.43667239604679,CRITICAL,Urgent stock replenishment required
FOODS_1_001_TX_1_validation,FOODS_1_001,FOODS_1,FOODS,TX_1,TX,d_1909,0,2016-04-20,11612,Wednesday,5,4,2016,,,,,0,0,0,2.24,0,2,0.0,1.0,0.0,0.0,0,0,0.19266139,0.0,0.0,1.3486297130584717,0.23119368,HIGH,1.1174360364675522,82.85714200478276,CRITICAL,Urgent stock replenishment required
FOODS_1_008_CA_1_validation,FOODS_1_008,FOODS_1,FOODS,CA_1,CA,d_1909,0,2016-04-20,11612,Wednesday,5,4,2016,,,,,0,0,0,3.54,0,2,0.0,2.0,0.14285714285714285,0.37796447300922725,0,0,0.41818205,0.37796447300922725,1.65,4.577274227142334,0.5018185,HIGH,4.075455749034882,89.03673991975907,CRITICAL,Urgent stock replenishment required
FOODS_1_003_TX_3_validation,FOODS_1_003,FOODS_1,FOODS,TX_3,TX,d_1909,0,2016-04-20,11612,Wednesday,5,4,2016,,,,,0,0,0,3.23,0,2,0.0,1.0,0.0,0.0,0,0,0.16552208,0.0,0.0,1.1586545705795288,0.1986265,HIGH,0.9600280672311783,82.85714237945804,CRITICAL,Urgent stock replenishment required
FOODS_1_011_WI_2_validation,FOODS_1_011,FOODS_1,FOODS,WI_2,WI,d_1909,2,2016-04-20,11612,Wednesday,5,4,2016,,,,,0,0,0,2.68,0,2,0.0,0.0,1.0,1.7320508075688772,0,0,0.76799315,1.7320508075688772,7.561249896677135,12.937202140482068,0.9215918,HIGH,12.015610322149396,92.87642097321105,CRITICAL,Urgent stock replenishment required
FOODS_1_002_CA_4_validation,FOODS_1_002,FOODS_1,FOODS,CA_4,CA,d_1909,0,2016-04-20,11612,Wednesday,5,4,2016,,,,,0,0,0,9.48,0,2,0.0,0.0,0.0,0.0,0,0,0.10654569,0.0,0.0,0.7458198070526123,0.12785482,HIGH,0.6179649829864502,82.85714285714286,CRITICAL,Urgent stock replenishment required
FOODS_1_004_TX_2_validation,FOODS_1_004,FOODS_1,FOODS,TX_2,TX,d_1909,0,2016-04-20,11612,Wednesday,5,4,2016,,,,,0,0,0,1.96,0,2,0.0,0.0,0.0,0.0,0,0,0.269218,0.0,0.0,1.884526014328003,0.32306162,HIGH,1.56146439909935,82.85714217939027,CRITICAL,Urgent stock replenishment required
FOODS_1_003_TX_1_validation,FOODS_1_003,FOODS_1,FOODS,TX_1,TX,d_1909,0,2016-04-20,11612,Wednesday,5,4,2016,,,,,0,0,0,3.23,0,2,0.0,0.0,0.14285714285714285,0.37796447300922725,0,0,0.31420454,0.37796447300922725,1.65,3.8494318962097167,0.37704548,HIGH,3.4723864138126372,90.20516552667598,CRITICAL,Urgent stock replenishment required
FOODS_1_005_TX_1_validation,FOODS_1_005,FOODS_1,FOODS,TX_1,TX,d_1909,0,2016-04-20,11612,Wednesday,5,4,2016,,,,,0,0,0,3.54,0,2,0.0,0.0,0.5714285714285714,1.1338934190276817,0,0,0.54956865,1.1338934190276817,4.95,8.796980571746825,0.6594824,HIGH,8.137498152256011,92.5033093558389,CRITICAL,Urgent stock replenishment required
FOODS_1_008_CA_3_validation,FOODS_1_008,FOODS_1,FOODS,CA_3,CA,d_1909,0,2016-04-20,11612,Wednesday,5,4,2016,,,,,0,0,0,3.54,0,2,0.0,0.0,0.14285714285714285,0.37796447300922725,0,0,0.31438103,0.37796447300922725,1.65,3.850667142868042,0.37725726,HIGH,3.4734098851680755,90.20280788489605,CRITICAL,Urgent stock replenishment required
FOODS_1_010_CA_1_validation,FOODS_1_010,FOODS_1,FOODS,CA_1,CA,d_1909,0,2016-04-20,11612,Wednesday,5,4,2016,,,,,0,0,0,5.64,0,2,0.0,0.0,0.0,0.0,0,0,0.09730765,0.0,0.0,0.6811535358428955,0.11676919,HIGH,0.5643843486905098,82.85714145080532,CRITICAL,Urgent stock replenishment required
FOODS_1_009_CA_4_validation,FOODS_1_009,FOODS_1,FOODS,CA_4,CA,d_1909,0,2016-04-20,11612,Wednesday,5,4,2016,,,,,0,0,0,2.24,0,2,0.0,0.0,0.0,0.0,0,0,0.12056109,0.0,0.0,0.8439276218414307,0.14467332,HIGH,0.6992543041706085,82.85714154548606,CRITICAL,Urgent stock replenishment required
FOODS_1_003_WI_3_validation,FOODS_1_003,FOODS_1,FOODS,WI_3,WI,d_1909,0,2016-04-20,11612,Wednesday,5,4,2016,,,,,0,0,0,3.23,0,2,0.0,0.0,0.14285714285714285,0.37796447300922725,0,0,0.31420454,0.37796447300922725,1.65,3.8494318962097167,0.37704548,HIGH,3.4723864138126372,90.20516552667598,CRITICAL,Urgent stock replenishment required
FOODS_1_009_CA_3_validation,FOODS_1_009,FOODS_1,FOODS,CA_3,CA,d_1909,0,2016-04-20,11612,Wednesday,5,4,2016,,,,,0,0,0,1.98,0,2,0.0,0.0,0.0,0.0,0,0,0.1231853,0.0,0.0,0.8622971177101135,0.14782237,HIGH,0.7144747525453568,82.85714261027466,CRITICAL,Urgent stock replenishment required
FOODS_1_003_CA_3_validation,FOODS_1_003,FOODS_1,FOODS,CA_3,CA,d_1909,3,2016-04-20,11612,Wednesday,5,4,2016,,,,,0,0,0,3.23,0,2,0.0,0.0,0.8571428571428571,1.2149857925879115,0,0,0.68527514,1.2149857925879115,5.304007918546124,10.10093394012205,0.8223302,HIGH,9.278603763291759,91.85886986584573,CRITICAL,Urgent stock replenishment required
FOODS_1_004_WI_3_validation,FOODS_1_004,FOODS_1,FOODS,WI_3,WI,d_1909,0,2016-04-20,11612,Wednesday,5,4,2016,,,,,0,0,0,1.96,0,2,0.0,0.0,0.0,4.272243734249905e-07,0,0,0.29254904,4.272243734249905e-07,1.8650435860780626e-06,2.0478450828933177,0.35105887,HIGH,1.6967862123393473,82.85715684811599,CRITICAL,Urgent stock replenishment required
FOODS_1_010_TX_1_validation,FOODS_1_010,FOODS_1,FOODS,TX_1,TX,d_1909,0,2016-04-20,11612,Wednesday,5,4,2016,,,,,0,0,0,6.27,0,2,2.0,0.0,1.4285714285714286,0.9759000729485331,0,0,0.9075346,0.9759000729485331,4.260281680828158,10.613023875957552,1.0890416,HIGH,9.52398228526694,89.73863054093661,CRITICAL,Urgent stock replenishment required
FOODS_1_001_CA_2_validation,FOODS_1_001,FOODS_1,FOODS,CA_2,CA,d_1909,1,2016-04-20,11612,Wednesday,5,4,2016,,,,,0,0,0,2.24,0,2,2.0,0.0,2.5714285714285716,5.094347941825426,0,0,1.1100509,5.094347941825426,22.2393232810713,30.00967945935499,1.3320612,HIGH,28.677618287823314,95.56122825858297,CRITICAL,Urgent stock replenishment required
FOODS_1_008_WI_3_validation,FOODS_1_008,FOODS_1,FOODS,WI_3,WI,d_1909,0,2016-04-20,11612,Wednesday,5,4,2016,,,,,0,0,0,3.54,0,2,0.0,1.0,0.2857142857142857,0.48795003647426666,0,0,0.45290267,0.48795003647426666,2.1301408404140796,5.300459443929705,0.54348326,HIGH,4.756976186636003,89.74648777067581,CRITICAL,Urgent stock replenishment required
FOODS_1_004_CA_2_validation,FOODS_1_004,FOODS_1,FOODS,CA_2,CA,d_1909,0,2016-04-20,11612,Wednesday,5,4,2016,,,,,0,0,0,1.96,0,2,0.0,0.0,0.0,0.0,0,0,0.269218,0.0,0.0,1.884526014328003,0.32306162,HIGH,1.56146439909935,82.85714217939027,CRITICAL,Urgent stock replenishment required
FOODS_1_009_CA_1_validation,FOODS_1_009,FOODS_1,FOODS,CA_1,CA,d_1909,0,2016-04-20,11612,Wednesday,5,4,2016,,,,,0,0,0,2.24,0,2,0.0,0.0,0.0,0.0,0,0,0.12056109,0.0,0.0,0.8439276218414307,0.14467332,HIGH,0.6992543041706085,82.85714154548606,CRITICAL,Urgent stock replenishment required
FOODS_1_010_CA_4_validation,FOODS_1_010,FOODS_1,FOODS,CA_4,CA,d_1909,0,2016-04-20,11612,Wednesday,5,4,2016,,,,,0,0,0,5.64,0,2,0.0,0.0,0.0,0.0,0,0,0.09730765,0.0,0.0,0.6811535358428955,0.11676919,HIGH,0.5643843486905098,82.85714145080532,CRITICAL,Urgent stock replenishment required
FOODS_1_011_TX_3_validation,FOODS_1_011,FOODS_1,FOODS,TX_3,TX,d_1909,1,2016-04-20,11612,Wednesday,5,4,2016,,,,,0,0,0,2.68,0,2,0.0,0.0,0.42857142857142855,0.7867957924694432,0,0,0.5101849,0.7867957924694432,3.434748899119119,7.00604320682786,0.6122219,HIGH,6.393821310179453,91.26151697078095,CRITICAL,Urgent stock replenishment required
FOODS_1_006_TX_1_validation,FOODS_1_006,FOODS_1,FOODS,TX_1,TX,d_1909,0,2016-04-20,11612,Wednesday,5,4,2016,,,,,0,0,0,2.48,0,2,0.0,0.0,0.42857142857142855,0.7867957924694432,0,0,0.52489275,0.7867957924694432,3.434748899119119,7.108998071329813,0.6298713,HIGH,6.4791267625262545,91.13980194559633,CRITICAL,Urgent stock replenishment required
FOODS_1_003_WI_2_validation,FOODS_1_003,FOODS_1,FOODS,WI_2,WI,d_1909,0,2016-04-20,11612,Wednesday,5,4,2016,,,,,0,0,0,3.23,0,2,0.0,0.0,0.0,0.0,0,0,0.0835081,0.0,0.0,0.5845566987991333,0.10020972,HIGH,0.48434697836637497,82.85714274789406,CRITICAL,Urgent stock replenishment required
FOODS_1_011_CA_1_validation,FOODS_1_011,FOODS_1,FOODS,CA_1,CA,d_1909,2,2016-04-20,11612,Wednesday,5,4,2016,,,,,0,0,0,2.68,0,2,0.0,0.0,0.8571428571428571,1.2149857925879117,0,0,0.70001286,1.2149857925879117,5.304007918546126,10.204098136136459,0.8400155,HIGH,9.36408266515486,91.7678616985582,CRITICAL,Urgent stock replenishment required
FOODS_1_011_CA_4_validation,FOODS_1_011,FOODS_1,FOODS,CA_4,CA,d_1909,0,2016-04-20,11612,Wednesday,5,4,2016,,,,,0,0,0,2.68,0,2,0.0,1.0,1.4285714285714286,1.9023794624226835,0,0,1.1189555,1.9023794624226835,8.304817878797824,16.137506210401828,1.3427466,HIGH,14.794759594991977,91.67934253345568,CRITICAL,Urgent stock replenishment required
FOODS_1_002_TX_2_validation,FOODS_1_002,FOODS_1,FOODS,TX_2,TX,d_1909,0,2016-04-20,11612,Wednesday,5,4,2016,,,,,0,0,0,9.48,0,2,0.0,0.0,0.0,0.0,0,0,0.10654569,0.0,0.0,0.7458198070526123,0.12785482,HIGH,0.6179649829864502,82.85714285714286,CRITICAL,Urgent stock replenishment required
FOODS_1_005_CA_1_validation,FOODS_1_005,FOODS_1,FOODS,CA_1,CA,d_1909,2,2016-04-20,11612,Wednesday,5,4,2016,,,,,0,0,0,3.54,0,2,1.0,0.0,1.4285714285714286,0.9759000729485234,0,0,1.1681274,0.9759000729485234,4.260281680828116,12.437173961406728,1.401753,HIGH,11.035421012645742,88.7293290814239,CRITICAL,Urgent stock replenishment required
FOODS_1_005_TX_3_validation,FOODS_1_005,FOODS_1,FOODS,TX_3,TX,d_1909,1,2016-04-20,11612,Wednesday,5,4,2016,,,,,0,0,0,3.54,0,2,0.0,1.0,1.2857142857142858,1.1126972805283735,0,0,1.0994043,1.1126972805283735,4.8574684764803155,12.553298821634124,1.3192853,HIGH,11.234013548082183,89.49052920433704,CRITICAL,Urgent stock replenishment required
FOODS_1_004_CA_1_validation,FOODS_1_004,FOODS_1,FOODS,CA_1,CA,d_1909,0,2016-04-20,11612,Wednesday,5,4,2016,,,,,0,0,0,1.96,0,2,0.0,0.0,0.0,0.0,0,0,0.269218,0.0,0.0,1.884526014328003,0.32306162,HIGH,1.56146439909935,82.85714217939027,CRITICAL,Urgent stock replenishment required
FOODS_1_011_WI_3_validation,FOODS_1_011,FOODS_1,FOODS,WI_3,WI,d_1909,1,2016-04-20,11612,Wednesday,5,4,2016,,,,,0,0,0,2.68,0,2,0.0,0.0,0.2857142857142857,0.7559289460184545,0,0,0.4610019,0.7559289460184545,3.3,6.527013349533081,0.55320233,HIGH,5.973811018466949,91.5244185749106,CRITICAL,Urgent stock replenishment required
FOODS_1_008_TX_1_validation,FOODS_1_008,FOODS_1,FOODS,TX_1,TX,d_1909,0,2016-04-20,11612,Wednesday,5,4,2016,,,,,0,0,0,3.54,0,2,0.0,0.0,0.14285714285714285,0.37796447300922725,0,0,0.31438103,0.37796447300922725,1.65,3.850667142868042,0.37725726,HIGH,3.4734098851680755,90.20280788489605,CRITICAL,Urgent stock replenishment required
FOODS_1_008_WI_2_validation,FOODS_1_008,FOODS_1,FOODS,WI_2,WI,d_1909,0,2016-04-20,11612,Wednesday,5,4,2016,,,,,0,0,0,3.54,0,2,0.0,0.0,0.14285714285714285,0.37796447300922725,0,0,0.31438103,0.37796447300922725,1.65,3.850667142868042,0.37725726,HIGH,3.4734098851680755,90.20280788489605,CRITICAL,Urgent stock replenishment required
FOODS_1_011_CA_2_validation,FOODS_1_011,FOODS_1,FOODS,CA_2,CA,d_1909,12,2016-04-20,11612,Wednesday,5,4,2016,,,,,0,0,0,2.68,0,2,5.0,3.0,2.5714285714285716,1.6183471874253743,0,0,1.9909179,1.6183471874253743,7.064877918265822,21.001303127311232,2.3891015,HIGH,18.61220162203169,88.62403208602507,CRITICAL,Urgent stock replenishment required
FOODS_1_001_WI_1_validation,FOODS_1_001,FOODS_1,FOODS,WI_1,WI,d_1909,0,2016-04-20,11612,Wednesday,5,4,2016,,,,,0,0,0,2.24,0,2,0.0,0.0,0.42857142857142855,0.7867957924694432,0,0,0.58106107,0.7867957924694432,3.434748899119119,7.502176534311991,0.6972733,HIGH,6.804903220312815,90.70571972266816,CRITICAL,Urgent stock replenishment required
FOODS_1_009_WI_1_validation,FOODS_1_009,FOODS_1,FOODS,WI_1,WI,d_1909,0,2016-04-20,11612,Wednesday,5,4,2016,,,,,0,0,0,2.24,0,2,0.0,0.0,0.0,0.0,0,0,0.12056109,0.0,0.0,0.8439276218414307,0.14467332,HIGH,0.6992543041706085,82.85714154548606,CRITICAL,Urgent stock replenishment required
FOODS_1_010_CA_2_validation,FOODS_1_010,FOODS_1,FOODS,CA_2,CA,d_1909,0,2016-04-20,11612,Wednesday,5,4,2016,,,,,0,0,0,5.64,0,2,0.0,0.0,0.2857142857142857,0.48795003647426666,0,0,0.37037605,0.48795003647426666,2.1301408404140796,4.7227731341152515,0.44445127,HIGH,4.278321861627611,90.58918860029252,CRITICAL,Urgent stock replenishment required
FOODS_1_008_TX_3_validation,FOODS_1_008,FOODS_1,FOODS,TX_3,TX,d_1909,0,2016-04-20,11612,Wednesday,5,4,2016,,,,,0,0,0,3.54,0,2,0.0,0.0,0.42857142857142855,0.7867957924694432,0,0,0.4522982,0.7867957924694432,3.434748899119119,6.600836288111429,0.54275787,HIGH,6.058078419344644,91.77743781126144,CRITICAL,Urgent stock replenishment required
FOODS_1_008_CA_2_validation,FOODS_1_008,FOODS_1,FOODS,CA_2,CA,d_1909,0,2016-04-20,11612,Wednesday,5,4,2016,,,,,0,0,0,3.54,0,2,0.0,0.0,0.2857142857142857,0.7559289460184545,0,0,0.40311542,0.7559289460184545,3.3,6.121807861328125,0.4837385,HIGH,5.638069349527359,92.09811018642753,CRITICAL,Urgent stock replenishment required
FOODS_1_009_CA_2_validation,FOODS_1_009,FOODS_1,FOODS,CA_2,CA,d_1909,0,2016-04-20,11612,Wednesday,5,4,2016,,,,,0,0,0,2.24,0,2,0.0,0.0,0.0,0.0,0,0,0.12056109,0.0,0.0,0.8439276218414307,0.14467332,HIGH,0.6992543041706085,82.85714154548606,CRITICAL,Urgent stock replenishment required
FOODS_1_008_WI_1_validation,FOODS_1_008,FOODS_1,FOODS,WI_1,WI,d_1909,0,2016-04-20,11612,Wednesday,5,4,2016,,,,,0,0,0,3.54,0,2,0.0,1.0,0.14285714285714285,0.377964473009228,0,0,0.37676004,0.377964473009228,1.6500000000000032,4.287320280075076,0.45211205,HIGH,3.8352082312107116,89.45467053241826,CRITICAL,Urgent stock replenishment required
FOODS_1_010_WI_1_validation,FOODS_1_010,FOODS_1,FOODS,WI_1,WI,d_1909,1,2016-04-20,11612,Wednesday,5,4,2016,,,,,0,0,0,6.77,0,2,2.0,1.0,3.0,2.82842712474619,0,0,1.6610935,2.82842712474619,12.347469376354006,23.975123451976565,1.9933122,HIGH,21.981811212329653,91.6859145954363,CRITICAL,Urgent stock replenishment required
FOODS_1_010_WI_2_validation,FOODS_1_010,FOODS_1,FOODS,WI_2,WI,d_1909,0,2016-04-20,11612,Wednesday,5,4,2016,,,,,0,0,0,6.77,0,2,0.0,1.0,0.14285714285714285,0.37796447300922775,0,0,0.37572008,0.37796447300922775,1.6500000000000024,4.280040645599367,0.4508641,HIGH,3.829176539182665,89.46589194473492,CRITICAL,Urgent stock replenishment required
FOODS_1_010_WI_3_validation,FOODS_1_010,FOODS_1,FOODS,WI_3,WI,d_1909,0,2016-04-20,11612,Wednesday,5,4,2016,,,,,0,0,0,6.77,0,2,0.0,0.0,0.42857142857142855,0.786795792469443,0,0,0.43510816,0.786795792469443,3.4347488991191186,6.480505954401711,0.52212983,HIGH,5.958376120703439,91.94306991811912,CRITICAL,Urgent stock replenishment required
FOODS_1_011_TX_2_validation,FOODS_1_011,FOODS_1,FOODS,TX_2,TX,d_1909,0,2016-04-20,11612,Wednesday,5,4,2016,,,,,0,0,0,2.68,0,2,0.0,0.0,0.42857142857142855,0.5345224838248488,0,0,0.5101849,0.5345224838248488,2.333452377915607,5.904746685624348,0.6122219,HIGH,5.292524788975941,89.63169922024059,CRITICAL,Urgent stock replenishment required
FOODS_1_010_CA_3_validation,FOODS_1_010,FOODS_1,FOODS,CA_3,CA,d_1909,2,2016-04-20,11612,Wednesday,5,4,2016,,,,,0,0,0,5.64,0,2,1.0,1.0,0.42857142857142855,0.5345224838248498,0,0,0.52253574,0.5345224838248498,2.3334523779156116,5.991202507615318,0.6270429,HIGH,5.364159618020286,89.5339393252355,CRITICAL,Urgent stock replenishment required
FOODS_1_011_TX_1_validation,FOODS_1_011,FOODS_1,FOODS,TX_1,TX,d_1909,0,2016-04-20,11612,Wednesday,5,4,2016,,,,,0,0,0,2.68,0,2,0.0,0.0,0.5714285714285714,1.1338934190276817,0,0,0.5720153,1.1338934190276817,4.95,8.954106998443603,0.68641835,HIGH,8.267688643932342,92.33403895407355,CRITICAL,Urgent stock replenishment required
FOODS_1_005_CA_2_validation,FOODS_1_005,FOODS_1,FOODS,CA_2,CA,d_1909,7,2016-04-20,11612,Wednesday,5,4,2016,,,,,0,0,0,3.54,0,2,9.0,2.0,5.285714285714286,4.750939756661684,0,0,3.368812,4.750939756661684,20.740178398461286,44.32186251101011,4.042575,HIGH,40.279287628502786,90.87905008165419,CRITICAL,Urgent stock replenishment required
FOODS_1_009_WI_2_validation,FOODS_1_009,FOODS_1,FOODS,WI_2,WI,d_1909,0,2016-04-20,11612,Wednesday,5,4,2016,,,,,0,0,0,2.24,0,2,0.0,0.0,0.0,0.0,0,0,0.12056109,0.0,0.0,0.8439276218414307,0.14467332,HIGH,0.6992543041706085,82.85714154548606,CRITICAL,Urgent stock replenishment required
FOODS_1_006_CA_1_validation,FOODS_1_006,FOODS_1,FOODS,CA_1,CA,d_1909,1,2016-04-20,11612,Wednesday,5,4,2016,,,,,0,0,0,2.48,0,2,0.0,0.0,1.2857142857142858,1.1126972805283728,0,0,1.0379887,1.1126972805283728,4.857468476480312,12.123389115518398,1.2455864,HIGH,10.877802720254726,89.72575751388467,CRITICAL,Urgent stock replenishment required
FOODS_1_005_WI_1_validation,FOODS_1_005,FOODS_1,FOODS,WI_1,WI,d_1909,8,2016-04-20,11612,Wednesday,5,4,2016,,,,,0,0,0,3.54,0,2,2.0,0.0,2.0,1.527525231651944,0,0,1.7108388,1.527525231651944,6.668395609140167,18.644267648935088,2.0530066,HIGH,16.591260999917754,88.9885369182919,CRITICAL,Urgent stock replenishment required
FOODS_1_009_TX_1_validation,FOODS_1_009,FOODS_1,FOODS,TX_1,TX,d_1909,0,2016-04-20,11612,Wednesday,5,4,2016,,,,,0,0,0,2.24,0,2,0.0,0.0,0.0,0.0,0,0,0.12056109,0.0,0.0,0.8439276218414307,0.14467332,HIGH,0.6992543041706085,82.85714154548606,CRITICAL,Urgent stock replenishment required
FOODS_1_005_TX_2_validation,FOODS_1_005,FOODS_1,FOODS,TX_2,TX,d_1909,0,2016-04-20,11612,Wednesday,5,4,2016,,,,,0,0,0,3.54,0,2,2.0,2.0,1.2857142857142858,0.7559289460184535,0,0,1.0844235,0.7559289460184535,3.299999999999996,10.890964794158931,1.3013083,HIGH,9.589656519889827,88.05148764260973,CRITICAL,Urgent stock replenishment required
FOODS_1_003_CA_1_validation,FOODS_1_003,FOODS_1,FOODS,CA_1,CA,d_1909,0,2016-04-20,11612,Wednesday,5,4,2016,,,,,0,0,0,3.23,0,2,2.0,1.0,1.2857142857142858,1.112697280528374,0,0,1.0999371,1.112697280528374,4.857468476480317,12.557028165048433,1.3199246,HIGH,11.23710357207663,89.48855911109833,CRITICAL,Urgent stock replenishment required
FOODS_1_006_TX_3_validation,FOODS_1_006,FOODS_1,FOODS,TX_3,TX,d_1909,2,2016-04-20,11612,Wednesday,5,4,2016,,,,,0,0,0,2.48,0,2,1.0,0.0,0.42857142857142855,0.5345224838248493,0,0,0.52489275,0.5345224838248493,2.3334523779156093,6.007701550126303,0.6298713,HIGH,5.377830241322744,89.51560253870606,CRITICAL,Urgent stock replenishment required
FOODS_1_006_CA_3_validation,FOODS_1_006,FOODS_1,FOODS,CA_3,CA,d_1909,1,2016-04-20,11612,Wednesday,5,4,2016,,,,,0,0,0,2.48,0,2,0.0,1.0,1.4285714285714286,1.3972762620115446,0,0,1.1413375,1.3972762620115446,6.099795078525183,14.089157795199988,1.3696051,HIGH,12.719552730807898,90.279013946038,CRITICAL,Urgent stock replenishment required
FOODS_1_002_TX_3_validation,FOODS_1_002,FOODS_1,FOODS,TX_3,TX,d_1909,1,2016-04-20,11612,Wednesday,5,4,2016,,,,,0,0,0,9.48,0,2,0.0,0.0,0.2857142857142857,0.7559289460184545,0,0,0.36461985,0.7559289460184545,3.3,5.852339076995849,0.43754384,HIGH,5.414795237779617,92.52360751043778,CRITICAL,Urgent stock replenishment required
FOODS_1_002_CA_1_validation,FOODS_1_002,FOODS_1,FOODS,CA_1,CA,d_1909,1,2016-04-20,11612,Wednesday,5,4,2016,,,,,0,0,0,9.48,0,2,0.0,0.0,0.8571428571428571,1.0690449676496976,0,0,0.57600343,1.0690449676496976,4.666904755831214,8.698928662538979,0.69120413,HIGH,8.007724531889412,92.05414646488407,CRITICAL,Urgent stock replenishment required
FOODS_1_001_WI_3_validation,FOODS_1_001,FOODS_1,FOODS,WI_3,WI,d_1909,0,2016-04-20,11612,Wednesday,5,4,2016,,,,,0,0,0,2.24,0,2,0.0,1.0,0.14285714285714285,0.3779644730092273,0,0,0.46065488,0.3779644730092273,1.6500000000000004,4.874584102630616,0.5527859,HIGH,4.32179822921753,88.65983514132478,CRITICAL,Urgent stock replenishment required
FOODS_1_011_WI_1_validation,FOODS_1_011,FOODS_1,FOODS,WI_1,WI,d_1909,0,2016-04-20,11612,Wednesday,5,4,2016,,,,,0,0,0,2.68,0,2,2.0,0.0,1.8571428571428572,1.9518001458970666,0,0,1.4014348,1.9518001458970666,8.520563361656318,18.330606696617256,1.6817218,HIGH,16.64888489009107,90.82560749701464,CRITICAL,Urgent stock replenishment required
FOODS_1_005_CA_4_validation,FOODS_1_005,FOODS_1,FOODS,CA_4,CA,d_1909,0,2016-04-20,11612,Wednesday,5,4,2016,,,,,0,0,0,3.54,0,2,2.0,1.0,1.1428571428571428,1.0690449676496971,0,0,1.0304012,1.0690449676496971,4.6669047558312124,11.87971336484,1.2364815,HIGH,10.643231817484349,89.59165503929391,CRITICAL,Urgent stock replenishment required
FOODS_1_011_CA_3_validation,FOODS_1_011,FOODS_1,FOODS,CA_3,CA,d_1909,0,2016-04-20,11612,Wednesday,5,4,2016,,,,,0,0,0,2.68,0,2,1.0,10.0,1.8571428571428572,1.3451854182690965,0,0,2.0689795,1.3451854182690965,5.872393038617212,20.355249789105493,2.4827754,HIGH,17.872474339352685,87.80277581716716,CRITICAL,Urgent stock replenishment required
FOODS_1_009_TX_3_validation,FOODS_1_009,FOODS_1,FOODS,TX_3,TX,d_1909,0,2016-04-20,11612,Wednesday,5,4,2016,,,,,0,0,0,2.24,0,2,0.0,0.0,0.0,0.0,0,0,0.12056109,0.0,0.0,0.8439276218414307,0.14467332,HIGH,0.6992543041706085,82.85714154548606,CRITICAL,Urgent stock replenishment required
FOODS_1_008_CA_4_validation,FOODS_1_008,FOODS_1,FOODS,CA_4,CA,d_1909,0,2016-04-20,11612,Wednesday,5,4,2016,,,,,0,0,0,3.54,0,2,1.0,0.0,0.2857142857142857,0.48795003647426666,0,0,0.37570843,0.48795003647426666,2.1301408404140796,4.760099946859392,0.45085013,HIGH,4.30924981773189,90.52855750592038,CRITICAL,Urgent stock replenishment required
FOODS_1_006_CA_2_validation,FOODS_1_006,FOODS_1,FOODS,CA_2,CA,d_1909,1,2016-04-20,11612,Wednesday,5,4,2016,,,,,0,0,0,2.48,0,2,1.0,0.0,1.0,1.1547005383792515,0,0,0.85023606,1.1547005383792515,5.0408332644514235,10.992485791306892,1.0202833,HIGH,9.972202449899116,90.7183565139139,CRITICAL,Urgent stock replenishment required
FOODS_1_003_WI_1_validation,FOODS_1_003,FOODS_1,FOODS,WI_1,WI,d_1909,1,2016-04-20,11612,Wednesday,5,4,2016,,,,,0,0,0,3.23,0,2,0.0,1.0,0.14285714285714285,0.3779644730092316,0,0,0.3765835,0.3779644730092316,1.650000000000019,4.28608431816103,0.4519002,HIGH,3.834184104204197,89.45657200344758,CRITICAL,Urgent stock replenishment required
FOODS_1_006_TX_2_validation,FOODS_1_006,FOODS_1,FOODS,TX_2,TX,d_1909,0,2016-04-20,11612,Wednesday,5,4,2016,,,,,0,0,0,2.48,0,2,0.0,0.0,0.14285714285714285,0.377964473009227,0,0,0.34015453,0.377964473009227,1.6499999999999988,4.031081581115721,0.40818545,HIGH,3.622896128892897,89.87404635681308,CRITICAL,Urgent stock replenishment required
FOODS_1_003_TX_2_validation,FOODS_1_003,FOODS_1,FOODS,TX_2,TX,d_1909,0,2016-04-20,11612,Wednesday,5,4,2016,,,,,0,0,0,3.23,0,2,0.0,1.0,0.0,0.0,0,0,0.16552208,0.0,0.0,1.1586545705795288,0.1986265,HIGH,0.9600280672311783,82.85714237945804,CRITICAL,Urgent stock replenishment required
FOODS_1_002_TX_1_validation,FOODS_1_002,FOODS_1,FOODS,TX_1,TX,d_1909,0,2016-04-20,11612,Wednesday,5,4,2016,,,,,0,0,0,9.48,0,2,0.0,0.0,0.2857142857142857,0.48795003647426666,0,0,0.3540678,0.48795003647426666,2.1301408404140796,4.608615457418474,0.42488137,HIGH,4.183734088542971,90.78071553590844,CRITICAL,Urgent stock replenishment required
FOODS_1_005_WI_3_validation,FOODS_1_005,FOODS_1,FOODS,WI_3,WI,d_1909,3,2016-04-20,11612,Wednesday,5,4,2016,,,,,0,0,0,3.54,0,2,7.0,1.0,2.7142857142857144,2.2146697055682836,0,0,2.0802379,2.2146697055682836,9.668117707185823,24.22978228848465,2.4962854,HIGH,21.733496849947052,89.69744998606953,CRITICAL,Urgent stock replenishment required
FOODS_1_001_TX_2_validation,FOODS_1_001,FOODS_1,FOODS,TX_2,TX,d_1909,0,2016-04-20,11612,Wednesday,5,4,2016,,,,,0,0,0,2.24,0,2,0.0,0.0,0.7142857142857143,1.1126972805283737,0,0,0.72412616,1.1126972805283737,4.857468476480316,9.926351418680024,0.86895144,HIGH,9.057399978822541,91.24601373449023,CRITICAL,Urgent stock replenishment required
FOODS_1_010_TX_3_validation,FOODS_1_010,FOODS_1,FOODS,TX_3,TX,d_1909,1,2016-04-20,11612,Wednesday,5,4,2016,,,,,0,0,0,6.27,0,2,1.0,0.0,0.8571428571428571,0.899735410842438,0,0,0.61294794,0.899735410842438,3.9277856356985703,8.218421221483482,0.7355375,HIGH,7.482883692491782,91.0501359182107,CRITICAL,Urgent stock replenishment required
FOODS_1_004_CA_4_validation,FOODS_1_004,FOODS_1,FOODS,CA_4,CA,d_1909,0,2016-04-20,11612,Wednesday,5,4,2016,,,,,0,0,0,1.96,0,2,0.0,0.0,0.0,0.0,0,0,0.269218,0.0,0.0,1.884526014328003,0.32306162,HIGH,1.56146439909935,82.85714217939027,CRITICAL,Urgent stock replenishment required
FOODS_1_004_WI_1_validation,FOODS_1_004,FOODS_1,FOODS,WI_1,WI,d_1909,0,2016-04-20,11612,Wednesday,5,4,2016,,,,,0,0,0,1.96,0,2,0.0,0.0,0.0,0.0,0,0,0.269218,0.0,0.0,1.884526014328003,0.32306162,HIGH,1.56146439909935,82.85714217939027,CRITICAL,Urgent stock replenishment required
FOODS_1_003_CA_2_validation,FOODS_1_003,FOODS_1,FOODS,CA_2,CA,d_1909,0,2016-04-20,11612,Wednesday,5,4,2016,,,,,0,0,0,3.23,0,2,2.0,1.0,1.1428571428571428,1.0690449676496976,0,0,1.0257581,1.0690449676496976,4.666904755831214,11.847211667299721,1.2309098,HIGH,10.616301842928383,89.61013056119481,CRITICAL,Urgent stock replenishment required
FOODS_1_001_TX_3_validation,FOODS_1_001,FOODS_1,FOODS,TX_3,TX,d_1909,0,2016-04-20,11612,Wednesday,5,4,2016,,,,,0,0,0,2.24,0,2,0.0,0.0,0.5714285714285714,0.5345224838248489,0,0,0.62810767,0.5345224838248489,2.3334523779156076,6.730206165909992,0.7537292,HIGH,5.976476941704975,88.80080036741185,CRITICAL,Urgent stock replenishment required
FOODS_1_009_TX_2_validation,FOODS_1_009,FOODS_1,FOODS,TX_2,TX,d_1909,0,2016-04-20,11612,Wednesday,5,4,2016,,,,,0,0,0,2.24,0,2,0.0,0.0,0.0,0.0,0,0,0.12056109,0.0,0.0,0.8439276218414307,0.14467332,HIGH,0.6992543041706085,82.85714154548606,CRITICAL,Urgent stock replenishment required
FOODS_1_008_TX_2_validation,FOODS_1_008,FOODS_1,FOODS,TX_2,TX,d_1909,1,2016-04-20,11612,Wednesday,5,4,2016,,,,,0,0,0,3.54,0,2,0.0,0.0,0.14285714285714285,0.37796447300922725,0,0,0.31438103,0.37796447300922725,1.65,3.850667142868042,0.37725726,HIGH,3.4734098851680755,90.20280788489605,CRITICAL,Urgent stock replenishment required
FOODS_1_001_WI_2_validation,FOODS_1_001,FOODS_1,FOODS,WI_2,WI,d_1909,1,2016-04-20,11612,Wednesday,5,4,2016,,,,,0,0,0,2.24,0,2,3.0,0.0,0.5714285714285714,1.133893419027682,0,0,0.6281441,1.133893419027682,4.950000000000001,9.347008419036866,0.7537729,HIGH,8.593235504627229,91.93567737807487,CRITICAL,Urgent stock replenishment required
FOODS_1_010_TX_2_validation,FOODS_1_010,FOODS_1,FOODS,TX_2,TX,d_1909,0,2016-04-20,11612,Wednesday,5,4,2016,,,,,0,0,0,6.27,0,2,0.0,1.0,0.42857142857142855,0.7867957924694432,0,0,0.52253574,0.7867957924694432,3.434748899119119,7.0924990288188265,0.6270429,HIGH,6.465456139223795,91.15906978559772,CRITICAL,Urgent stock replenishment required
FOODS_1_005_CA_3_validation,FOODS_1_005,FOODS_1,FOODS,CA_3,CA,d_1909,1,2016-04-20,11612,Wednesday,5,4,2016,,,,,0,0,0,3.54,0,2,1.0,5.0,1.4285714285714286,1.3972762620115429,0,0,1.457734,1.3972762620115429,6.099795078525176,16.3039328806492,1.7492808,HIGH,14.55465207029306,89.27080463860149,CRITICAL,Urgent stock replenishment required
FOODS_1_004_TX_3_validation,FOODS_1_004,FOODS_1,FOODS,TX_3,TX,d_1909,0,2016-04-20,11612,Wednesday,5,4,2016,,,,,0,0,0,1.96,0,2,0.0,0.0,0.0,0.0,0,0,0.269218,0.0,0.0,1.884526014328003,0.32306162,HIGH,1.56146439909935,82.85714217939027,CRITICAL,Urgent stock replenishment required
FOODS_1_002_CA_2_validation,FOODS_1_002,FOODS_1,FOODS,CA_2,CA,d_1909,0,2016-04-20,11612,Wednesday,5,4,2016,,,,,0,0,0,9.48,0,2,3.0,2.0,0.8571428571428571,1.2149857925879117,0,0,0.6925742,1.2149857925879117,5.304007918546126,10.152027518460677,0.8310891,HIGH,9.320938439080642,91.81356553783209,CRITICAL,Urgent stock replenishment required
FOODS_1_006_WI_1_validation,FOODS_1_006,FOODS_1,FOODS,WI_1,WI,d_1909,1,2016-04-20,11612,Wednesday,5,4,2016,,,,,0,0,0,2.48,0,2,2.0,1.0,1.8571428571428572,2.5448360411214077,0,0,1.2817917,2.5448360411214077,11.109455432198288,20.08199724128032,1.5381501,HIGH,18.54384716918254,92.34065191017966,CRITICAL,Urgent stock replenishment required
FOODS_1_001_CA_1_validation,FOODS_1_001,FOODS_1,FOODS,CA_1,CA,d_1909,1,2016-04-20,11612,Wednesday,5,4,2016,,,,,0,0,0,2.24,0,2,1.0,2.0,1.2857142857142858,1.3801311186847087,0,0,1.1488912,1.3801311186847087,6.024948132556829,14.067186368030463,1.3786695,HIGH,12.68851686767951,90.19939407723949,CRITICAL,Urgent stock replenishment required
FOODS_1_006_WI_3_validation,FOODS_1_006,FOODS_1,FOODS,WI_3,WI,d_1909,3,2016-04-20,11612,Wednesday,5,4,2016,,,,,0,0,0,2.48,0,2,1.0,0.0,0.2857142857142857,0.4879500364742538,0,0,0.4427983,0.4879500364742538,2.130140840414023,5.2297287577419045,0.53135794,HIGH,4.698370813730216,89.83966533206747,CRITICAL,Urgent stock replenishment required
FOODS_1_001_CA_3_validation,FOODS_1_001,FOODS_1,FOODS,CA_3,CA,d_1909,0,2016-04-20,11612,Wednesday,5,4,2016,,,,,0,0,0,2.24,0,2,0.0,1.0,1.8571428571428572,4.913538149119954,0,0,1.95663,4.913538149119954,21.45,35.146410179138186,2.3479562,HIGH,32.79845399856568,93.31949929280066,CRITICAL,Urgent stock replenishment required
FOODS_1_002_WI_2_validation,FOODS_1_002,FOODS_1,FOODS,WI_2,WI,d_1909,0,2016-04-20,11612,Wednesday,5,4,2016,,,,,0,0,0,9.48,0,2,0.0,0.0,0.2857142857142857,0.48795003647426666,0,0,0.3540678,0.48795003647426666,2.1301408404140796,4.608615457418474,0.42488137,HIGH,4.183734088542971,90.78071553590844,CRITICAL,Urgent stock replenishment required
FOODS_1_003_CA_4_validation,FOODS_1_003,FOODS_1,FOODS,CA_4,CA,d_1909,0,2016-04-20,11612,Wednesday,5,4,2016,,,,,0,0,0,3.23,0,2,0.0,1.0,0.42857142857142855,0.5345224838248488,0,0,0.53971654,0.5345224838248488,2.333452377915607,6.111468229890095,0.6476599,HIGH,5.463808332085835,89.40254823486325,CRITICAL,Urgent stock replenishment required
FOODS_1_006_CA_4_validation,FOODS_1_006,FOODS_1,FOODS,CA_4,CA,d_1909,0,2016-04-20,11612,Wednesday,5,4,2016,,,,,0,0,0,2.48,0,2,2.0,3.0,1.7142857142857142,1.7043362064926941,0,0,1.5219553,1.7043362064926941,7.440262092157779,18.09394861559528,1.8263464,HIGH,16.26760221819538,89.90631378368256,CRITICAL,Urgent stock replenishment required
FOODS_1_005_WI_2_validation,FOODS_1_005,FOODS_1,FOODS,WI_2,WI,d_1909,5,2016-04-20,11612,Wednesday,5,4,2016,,,,,0,0,0,3.54,0,2,1.0,0.0,1.2857142857142858,0.48795003647425456,0,0,0.9387354,0.48795003647425456,2.1301408404140267,8.701288759115199,1.1264826,HIGH,7.574806153181056,87.05384182597004,CRITICAL,Urgent stock replenishment required
FOODS_1_002_WI_3_validation,FOODS_1_002,FOODS_1,FOODS,WI_3,WI,d_1909,0,2016-04-20,11612,Wednesday,5,4,2016,,,,,0,0,0,9.48,0,2,0.0,0.0,0.14285714285714285,0.37796447300922725,0,0,0.31334114,0.37796447300922725,1.65,3.843387985229492,0.37600937,HIGH,3.4673786103725432,90.21672086445633,CRITICAL,Urgent stock replenishment required
FOODS_1_006_WI_2_validation,FOODS_1_006,FOODS_1,FOODS,WI_2,WI,d_1909,1,2016-04-20,11612,Wednesday,5,4,2016,,,,,0,0,0,2.48,0,2,0.0,2.0,1.1428571428571428,1.3451854182690943,0,0,1.0637755,1.3451854182690943,5.8723930386172025,13.318821814404556,1.2765307,HIGH,12.042291071759292,90.41558810205966,CRITICAL,Urgent stock replenishment required
FOODS_1_004_WI_2_validation,FOODS_1_004,FOODS_1,FOODS,WI_2,WI,d_1909,0,2016-04-20,11612,Wednesday,5,4,2016,,,,,0,0,0,1.96,0,2,0.0,0.0,0.0,7.389734084383283e-07,0,0,0.329304,7.389734084383283e-07,3.2259807759590005e-06,2.3051313235149555,0.39516482,HIGH,1.9099665059433155,82.85716681125668,CRITICAL,Urgent stock replenishment required
FOODS_1_004_CA_3_validation,FOODS_1_004,FOODS_1,FOODS,CA_3,CA,d_1909,0,2016-04-20,11612,Wednesday,5,4,2016,,,,,0,0,0,1.5,0,2,0.0,0.0,0.0,0.0,0,0,0.39481968,0.0,0.0,2.763737678527832,0.47378364,HIGH,2.289954036474228,82.85714140909437,CRITICAL,Urgent stock replenishment required
FOODS_1_001_CA_4_validation,FOODS_1_001,FOODS_1,FOODS,CA_4,CA,d_1909,0,2016-04-20,11612,Wednesday,5,4,2016,,,,,0,0,0,2.24,0,2,0.0,1.0,0.2857142857142857,0.7559289460184545,0,0,0.5559476,0.7559289460184545,3.3,7.19163327217102,0.66713715,HIGH,6.524496126174927,90.7234265048293,CRITICAL,Urgent stock replenishment required
FOODS_1_008_TX_3_validation,FOODS_1_008,FOODS_1,FOODS,TX_3,TX,d_1910,1,2016-04-21,11612,Thursday,6,4,2016,,,,,0,0,0,3.54,0,2,0.0,0.0,0.42857142857142855,0.7867957924694432,0,0,0.4522982,0.7867957924694432,3.434748899119119,6.600836288111429,0.54275787,HIGH,6.058078419344644,91.77743781126144,CRITICAL,Urgent stock replenishment required
FOODS_1_011_WI_1_validation,FOODS_1_011,FOODS_1,FOODS,WI_1,WI,d_1910,1,2016-04-21,11612,Thursday,6,4,2016,,,,,0,0,0,2.68,0,2,0.0,1.0,1.5714285714285714,2.0701966780270626,0,0,1.2176996,2.0701966780270626,9.037422198835241,17.56131936985575,1.4612396,HIGH,16.100079793516027,91.67921529376683,CRITICAL,Urgent stock replenishment required
FOODS_1_001_CA_4_validation,FOODS_1_001,FOODS_1,FOODS,CA_4,CA,d_1910,0,2016-04-21,11612,Thursday,6,4,2016,,,,,0,0,0,2.24,0,2,0.0,0.0,0.2857142857142857,0.7559289460184545,0,0,0.5125748,0.7559289460184545,3.3,6.8880236625671385,0.6150898,HIGH,6.272933888435364,91.0701559073545,CRITICAL,Urgent stock replenishment required
FOODS_1_002_WI_2_validation,FOODS_1_002,FOODS_1,FOODS,WI_2,WI,d_1910,1,2016-04-21,11612,Thursday,6,4,2016,,,,,0,0,0,9.48,0,2,0.0,0.0,0.2857142857142857,0.48795003647426666,0,0,0.3540678,0.48795003647426666,2.1301408404140796,4.608615457418474,0.42488137,HIGH,4.183734088542971,90.78071553590844,CRITICAL,Urgent stock replenishment required
FOODS_1_010_TX_2_validation,FOODS_1_010,FOODS_1,FOODS,TX_2,TX,d_1910,0,2016-04-21,11612,Thursday,6,4,2016,,,,,0,0,0,6.27,0,2,0.0,1.0,0.42857142857142855,0.7867957924694432,0,0,0.52253574,0.7867957924694432,3.434748899119119,7.0924990288188265,0.6270429,HIGH,6.465456139223795,91.15906978559772,CRITICAL,Urgent stock replenishment required
FOODS_1_009_TX_2_validation,FOODS_1_009,FOODS_1,FOODS,TX_2,TX,d_1910,0,2016-04-21,11612,Thursday,6,4,2016,,,,,0,0,0,2.24,0,2,0.0,0.0,0.0,0.0,0,0,0.12056109,0.0,0.0,0.8439276218414307,0.14467332,HIGH,0.6992543041706085,82.85714154548606,CRITICAL,Urgent stock replenishment required
FOODS_1_010_WI_2_validation,FOODS_1_010,FOODS_1,FOODS,WI_2,WI,d_1910,0,2016-04-21,11612,Thursday,6,4,2016,,,,,0,0,0,6.77,0,2,1.0,0.0,0.14285714285714285,0.37796447300922775,0,0,0.31334114,0.37796447300922775,1.6500000000000024,3.8433879852294943,0.37600937,HIGH,3.4673786103725455,90.21672086445635,CRITICAL,Urgent stock replenishment required
FOODS_1_011_TX_1_validation,FOODS_1_011,FOODS_1,FOODS,TX_1,TX,d_1910,0,2016-04-21,11612,Thursday,6,4,2016,,,,,0,0,0,2.68,0,2,0.0,2.0,0.5714285714285714,1.1338934190276817,0,0,0.78352064,1.1338934190276817,4.95,10.434644412994384,0.9402248,HIGH,9.494419586658477,90.98939274667536,CRITICAL,Urgent stock replenishment required
FOODS_1_011_TX_2_validation,FOODS_1_011,FOODS_1,FOODS,TX_2,TX,d_1910,0,2016-04-21,11612,Thursday,6,4,2016,,,,,0,0,0,2.68,0,2,1.0,1.0,0.42857142857142855,0.5345224838248488,0,0,0.5833156,0.5345224838248488,2.333452377915607,6.416661415696369,0.69997877,HIGH,5.716682646870838,89.09123103934937,CRITICAL,Urgent stock replenishment required
FOODS_1_010_TX_3_validation,FOODS_1_010,FOODS_1,FOODS,TX_3,TX,d_1910,1,2016-04-21,11612,Thursday,6,4,2016,,,,,0,0,0,6.27,0,2,1.0,2.0,0.8571428571428571,0.899735410842438,0,0,0.784981,0.899735410842438,3.9277856356985703,9.422652960527671,0.94197726,HIGH,8.480675698030723,90.00305682016545,CRITICAL,Urgent stock replenishment required
FOODS_1_001_CA_3_validation,FOODS_1_001,FOODS_1,FOODS,CA_3,CA,d_1910,0,2016-04-21,11612,Thursday,6,4,2016,,,,,0,0,0,2.24,0,2,0.0,1.0,1.8571428571428572,4.913538149119954,0,0,1.95663,4.913538149119954,21.45,35.146410179138186,2.3479562,HIGH,32.79845399856568,93.31949929280066,CRITICAL,Urgent stock replenishment required
FOODS_1_005_WI_2_validation,FOODS_1_005,FOODS_1,FOODS,WI_2,WI,d_1910,2,2016-04-21,11612,Thursday,6,4,2016,,,,,0,0,0,3.54,0,2,1.0,1.0,1.8571428571428572,1.463850109422797,0,0,1.5516337,1.463850109422797,6.390422521242225,17.25185841143998,1.8619605,HIGH,15.389897881158912,89.20718866411302,CRITICAL,Urgent stock replenishment required
FOODS_1_006_TX_3_validation,FOODS_1_006,FOODS_1,FOODS,TX_3,TX,d_1910,0,2016-04-21,11612,Thursday,6,4,2016,,,,,0,0,0,2.48,0,2,1.0,0.0,0.5714285714285714,0.7867957924694435,0,0,0.5806449,0.7867957924694435,3.434748899119121,7.499263059275371,0.6967739,HIGH,6.802489172594768,90.70876856601521,CRITICAL,Urgent stock replenishment required
FOODS_1_005_CA_2_validation,FOODS_1_005,FOODS_1,FOODS,CA_2,CA,d_1910,1,2016-04-21,11612,Thursday,6,4,2016,,,,,0,0,0,3.54,0,2,13.0,18.0,5.0,4.5460605656619535,0,0,3.2530394,4.5460605656619535,19.845780407935596,42.61705497458598,3.9036474,HIGH,38.713407551795456,90.8401755468124,CRITICAL,Urgent stock replenishment required
FOODS_1_009_WI_2_validation,FOODS_1_009,FOODS_1,FOODS,WI_2,WI,d_1910,0,2016-04-21,11612,Thursday,6,4,2016,,,,,0,0,0,2.24,0,2,0.0,0.0,0.0,0.0,0,0,0.12056109,0.0,0.0,0.8439276218414307,0.14467332,HIGH,0.6992543041706085,82.85714154548606,CRITICAL,Urgent stock replenishment required
FOODS_1_008_CA_2_validation,FOODS_1_008,FOODS_1,FOODS,CA_2,CA,d_1910,0,2016-04-21,11612,Thursday,6,4,2016,,,,,0,0,0,3.54,0,2,0.0,2.0,0.2857142857142857,0.7559289460184545,0,0,0.5795626,0.7559289460184545,3.3,7.356938171386719,0.69547516,HIGH,6.6614630103111265,90.5466765538346,CRITICAL,Urgent stock replenishment required
FOODS_1_010_CA_2_validation,FOODS_1_010,FOODS_1,FOODS,CA_2,CA,d_1910,0,2016-04-21,11612,Thursday,6,4,2016,,,,,0,0,0,5.64,0,2,0.0,1.0,0.2857142857142857,0.48795003647426666,0,0,0.45004895,0.48795003647426666,2.1301408404140796,5.28048354327968,0.5400588,HIGH,4.7404247516422595,89.77255042628174,CRITICAL,Urgent stock replenishment required
FOODS_1_009_WI_1_validation,FOODS_1_009,FOODS_1,FOODS,WI_1,WI,d_1910,0,2016-04-21,11612,Thursday,6,4,2016,,,,,0,0,0,2.24,0,2,0.0,0.0,0.0,0.0,0,0,0.12056109,0.0,0.0,0.8439276218414307,0.14467332,HIGH,0.6992543041706085,82.85714154548606,CRITICAL,Urgent stock replenishment required
FOODS_1_001_WI_1_validation,FOODS_1_001,FOODS_1,FOODS,WI_1,WI,d_1910,0,2016-04-21,11612,Thursday,6,4,2016,,,,,0,0,0,2.24,0,2,0.0,0.0,0.42857142857142855,0.7867957924694432,0,0,0.58106107,0.7867957924694432,3.434748899119119,7.502176534311991,0.6972733,HIGH,6.804903220312815,90.70571972266816,CRITICAL,Urgent stock replenishment required
FOODS_1_005_TX_2_validation,FOODS_1_005,FOODS_1,FOODS,TX_2,TX,d_1910,2,2016-04-21,11612,Thursday,6,4,2016,,,,,0,0,0,3.54,0,2,0.0,4.0,1.0,0.8164965809277248,0,0,1.1636615,0.8164965809277248,3.564407384124318,11.710037266936817,1.3963938,HIGH,10.313643490996876,88.07524054699087,CRITICAL,Urgent stock replenishment required
FOODS_1_004_WI_3_validation,FOODS_1_004,FOODS_1,FOODS,WI_3,WI,d_1910,0,2016-04-21,11612,Thursday,6,4,2016,,,,,0,0,0,1.96,0,2,0.0,0.0,0.0,4.272243734249905e-07,0,0,0.29254904,4.272243734249905e-07,1.8650435860780626e-06,2.0478450828933177,0.35105887,HIGH,1.6967862123393473,82.85715684811599,CRITICAL,Urgent stock replenishment required
FOODS_1_006_TX_2_validation,FOODS_1_006,FOODS_1,FOODS,TX_2,TX,d_1910,1,2016-04-21,11612,Thursday,6,4,2016,,,,,0,0,0,2.48,0,2,0.0,0.0,0.14285714285714285,0.377964473009227,0,0,0.34015453,0.377964473009227,1.6499999999999988,4.031081581115721,0.40818545,HIGH,3.622896128892897,89.87404635681308,CRITICAL,Urgent stock replenishment required
FOODS_1_005_CA_4_validation,FOODS_1_005,FOODS_1,FOODS,CA_4,CA,d_1910,0,2016-04-21,11612,Thursday,6,4,2016,,,,,0,0,0,3.54,0,2,1.0,3.0,0.8571428571428571,1.0690449676496971,0,0,0.99937487,1.0690449676496971,4.6669047558312124,11.662528821230381,1.1992499,HIGH,10.463278957605809,89.71706838193217,CRITICAL,Urgent stock replenishment required
FOODS_1_010_WI_1_validation,FOODS_1_010,FOODS_1,FOODS,WI_1,WI,d_1910,2,2016-04-21,11612,Thursday,6,4,2016,,,,,0,0,0,6.77,0,2,3.0,1.0,2.857142857142857,2.911389784311004,0,0,1.4120556,2.911389784311004,12.709642009120474,22.59403093276549,1.6944668,HIGH,20.899564103465565,92.50037837718173,CRITICAL,Urgent stock replenishment required
FOODS_1_009_CA_1_validation,FOODS_1_009,FOODS_1,FOODS,CA_1,CA,d_1910,0,2016-04-21,11612,Thursday,6,4,2016,,,,,0,0,0,2.24,0,2,0.0,0.0,0.0,0.0,0,0,0.12056109,0.0,0.0,0.8439276218414307,0.14467332,HIGH,0.6992543041706085,82.85714154548606,CRITICAL,Urgent stock replenishment required
FOODS_1_002_CA_1_validation,FOODS_1_002,FOODS_1,FOODS,CA_1,CA,d_1910,2,2016-04-21,11612,Thursday,6,4,2016,,,,,0,0,0,9.48,0,2,1.0,0.0,1.0,1.0,0,0,0.69314104,1.0,4.365489663256574,9.217477025164534,0.8317693,HIGH,8.385707737578322,90.9761718383956,CRITICAL,Urgent stock replenishment required
FOODS_1_006_CA_4_validation,FOODS_1_006,FOODS_1,FOODS,CA_4,CA,d_1910,0,2016-04-21,11612,Thursday,6,4,2016,,,,,0,0,0,2.48,0,2,0.0,3.0,1.4285714285714286,1.8126539343499322,0,0,1.2643696,1.8126539343499322,7.91312201346599,16.763708904640307,1.5172436,HIGH,15.246465280906786,90.94923663752276,CRITICAL,Urgent stock replenishment required
FOODS_1_011_CA_1_validation,FOODS_1_011,FOODS_1,FOODS,CA_1,CA,d_1910,3,2016-04-21,11612,Thursday,6,4,2016,,,,,0,0,0,2.68,0,2,0.0,0.0,1.1428571428571428,1.2149857925879117,0,0,0.9220359,1.2149857925879117,5.304007918546126,11.758259207913802,1.106443,HIGH,10.651816160390304,90.59007776611341,CRITICAL,Urgent stock replenishment required
FOODS_1_002_CA_3_validation,FOODS_1_002,FOODS_1,FOODS,CA_3,CA,d_1910,0,2016-04-21,11612,Thursday,6,4,2016,,,,,0,0,0,9.48,0,2,2.0,0.0,0.7142857142857143,0.7559289460184545,0,0,0.5089564,0.7559289460184545,3.3,6.862694549560547,0.6107477,HIGH,6.2519468545913695,91.10046803688375,CRITICAL,Urgent stock replenishment required
FOODS_1_009_CA_4_validation,FOODS_1_009,FOODS_1,FOODS,CA_4,CA,d_1910,0,2016-04-21,11612,Thursday,6,4,2016,,,,,0,0,0,2.24,0,2,0.0,0.0,0.0,0.0,0,0,0.12056109,0.0,0.0,0.8439276218414307,0.14467332,HIGH,0.6992543041706085,82.85714154548606,CRITICAL,Urgent stock replenishment required
FOODS_1_005_WI_3_validation,FOODS_1_005,FOODS_1,FOODS,WI_3,WI,d_1910,0,2016-04-21,11612,Thursday,6,4,2016,,,,,0,0,0,3.54,0,2,1.0,0.0,2.142857142857143,1.214985792587913,0,0,1.7347473,1.214985792587913,5.304007918546131,17.44723931045287,2.0816967,HIGH,15.365542561719348,88.06861812523917,CRITICAL,Urgent stock replenishment required
FOODS_1_006_WI_1_validation,FOODS_1_006,FOODS_1,FOODS,WI_1,WI,d_1910,1,2016-04-21,11612,Thursday,6,4,2016,,,,,0,0,0,2.48,0,2,0.0,2.0,1.7142857142857142,2.5634797778466236,0,0,1.2661468,2.5634797778466236,11.190844472156694,20.05387204478853,1.5193762,HIGH,18.534495886074236,92.42352721050128,CRITICAL,Urgent stock replenishment required
FOODS_1_008_TX_2_validation,FOODS_1_008,FOODS_1,FOODS,TX_2,TX,d_1910,0,2016-04-21,11612,Thursday,6,4,2016,,,,,0,0,0,3.54,0,2,0.0,0.0,0.2857142857142857,0.4879500364742666,0,0,0.37570843,0.4879500364742666,2.1301408404140796,4.760099946859392,0.45085013,HIGH,4.30924981773189,90.52855750592038,CRITICAL,Urgent stock replenishment required
FOODS_1_008_WI_3_validation,FOODS_1_008,FOODS_1,FOODS,WI_3,WI,d_1910,0,2016-04-21,11612,Thursday,6,4,2016,,,,,0,0,0,3.54,0,2,0.0,0.0,0.2857142857142857,0.48795003647426666,0,0,0.37570843,0.48795003647426666,2.1301408404140796,4.760099946859392,0.45085013,HIGH,4.30924981773189,90.52855750592038,CRITICAL,Urgent stock replenishment required
FOODS_1_010_CA_3_validation,FOODS_1_010,FOODS_1,FOODS,CA_3,CA,d_1910,0,2016-04-21,11612,Thursday,6,4,2016,,,,,0,0,0,5.64,0,2,1.0,0.0,0.5714285714285714,0.7867957924694438,0,0,0.48249418,0.7867957924694438,3.4347488991191213,6.812208186762554,0.578993,HIGH,6.23321516432069,91.50065578490452,CRITICAL,Urgent stock replenishment required
FOODS_1_001_TX_2_validation,FOODS_1_001,FOODS_1,FOODS,TX_2,TX,d_1910,0,2016-04-21,11612,Thursday,6,4,2016,,,,,0,0,0,2.24,0,2,1.0,1.0,0.7142857142857143,1.1126972805283737,0,0,0.8039455,1.1126972805283737,4.857468476480316,10.48508678931601,0.9647346,HIGH,9.520352175420594,90.79898303866733,CRITICAL,Urgent stock replenishment required
FOODS_1_008_TX_1_validation,FOODS_1_008,FOODS_1,FOODS,TX_1,TX,d_1910,0,2016-04-21,11612,Thursday,6,4,2016,,,,,0,0,0,3.54,0,2,1.0,0.0,0.14285714285714285,0.37796447300922725,0,0,0.31438103,0.37796447300922725,1.65,3.850667142868042,0.37725726,HIGH,3.4734098851680755,90.20280788489605,CRITICAL,Urgent stock replenishment required
FOODS_1_008_WI_1_validation,FOODS_1_008,FOODS_1,FOODS,WI_1,WI,d_1910,0,2016-04-21,11612,Thursday,6,4,2016,,,,,0,0,0,3.54,0,2,0.0,0.0,0.14285714285714285,0.377964473009228,0,0,0.31438103,0.377964473009228,1.6500000000000032,3.850667142868045,0.37725726,HIGH,3.4734098851680786,90.20280788489605,CRITICAL,Urgent stock replenishment required
FOODS_1_005_TX_3_validation,FOODS_1_005,FOODS_1,FOODS,TX_3,TX,d_1910,2,2016-04-21,11612,Thursday,6,4,2016,,,,,0,0,0,3.54,0,2,1.0,1.0,1.4285714285714286,0.9759000729485333,0,0,1.2010437,0.9759000729485333,4.260281680828159,12.66758739829642,1.4412525,HIGH,11.226334928279941,88.62251804783044,CRITICAL,Urgent stock replenishment required
FOODS_1_001_CA_1_validation,FOODS_1_001,FOODS_1,FOODS,CA_1,CA,d_1910,0,2016-04-21,11612,Thursday,6,4,2016,,,,,0,0,0,2.24,0,2,1.0,0.0,1.2857142857142858,1.3801311186847087,0,0,1.0232732,1.3801311186847087,6.024948132556829,13.187860501331244,1.2279279,HIGH,11.95993257812873,90.68895274499937,CRITICAL,Urgent stock replenishment required
FOODS_1_009_CA_2_validation,FOODS_1_009,FOODS_1,FOODS,CA_2,CA,d_1910,0,2016-04-21,11612,Thursday,6,4,2016,,,,,0,0,0,2.24,0,2,0.0,0.0,0.0,0.0,0,0,0.12056109,0.0,0.0,0.8439276218414307,0.14467332,HIGH,0.6992543041706085,82.85714154548606,CRITICAL,Urgent stock replenishment required
FOODS_1_004_CA_1_validation,FOODS_1_004,FOODS_1,FOODS,CA_1,CA,d_1910,0,2016-04-21,11612,Thursday,6,4,2016,,,,,0,0,0,1.96,0,2,0.0,0.0,0.0,0.0,0,0,0.269218,0.0,0.0,1.884526014328003,0.32306162,HIGH,1.56146439909935,82.85714217939027,CRITICAL,Urgent stock replenishment required
FOODS_1_008_CA_4_validation,FOODS_1_008,FOODS_1,FOODS,CA_4,CA,d_1910,0,2016-04-21,11612,Thursday,6,4,2016,,,,,0,0,0,3.54,0,2,0.0,0.0,0.14285714285714285,0.3779644730092273,0,0,0.31438103,0.3779644730092273,1.6500000000000004,3.8506671428680423,0.37725726,HIGH,3.473409885168076,90.20280788489605,CRITICAL,Urgent stock replenishment required
FOODS_1_009_TX_3_validation,FOODS_1_009,FOODS_1,FOODS,TX_3,TX,d_1910,0,2016-04-21,11612,Thursday,6,4,2016,,,,,0,0,0,2.24,0,2,0.0,0.0,0.0,0.0,0,0,0.12056109,0.0,0.0,0.8439276218414307,0.14467332,HIGH,0.6992543041706085,82.85714154548606,CRITICAL,Urgent stock replenishment required
FOODS_1_011_CA_3_validation,FOODS_1_011,FOODS_1,FOODS,CA_3,CA,d_1910,1,2016-04-21,11612,Thursday,6,4,2016,,,,,0,0,0,2.68,0,2,3.0,3.0,1.7142857142857142,1.4960264830861894,0,0,1.5393536,1.4960264830861894,6.530888147870845,17.306363649885007,1.8472244,HIGH,15.45913929514105,89.32632878798759,CRITICAL,Urgent stock replenishment required
FOODS_1_011_CA_2_validation,FOODS_1_011,FOODS_1,FOODS,CA_2,CA,d_1910,3,2016-04-21,11612,Thursday,6,4,2016,,,,,0,0,0,2.68,0,2,3.0,4.0,3.5714285714285716,3.909694909544003,0,0,2.2913213,3.909694909544003,17.067732714101194,33.10698213426721,2.7495856,HIGH,30.35739650575769,91.69484667204512,CRITICAL,Urgent stock replenishment required
FOODS_1_006_WI_3_validation,FOODS_1_006,FOODS_1,FOODS,WI_3,WI,d_1910,0,2016-04-21,11612,Thursday,6,4,2016,,,,,0,0,0,2.48,0,2,0.0,2.0,0.5714285714285714,1.1338934190276762,0,0,0.79065865,1.1338934190276762,4.949999999999976,10.484610748290992,0.94879043,HIGH,9.535820317268348,90.95063752197669,CRITICAL,Urgent stock replenishment required
FOODS_1_008_WI_2_validation,FOODS_1_008,FOODS_1,FOODS,WI_2,WI,d_1910,0,2016-04-21,11612,Thursday,6,4,2016,,,,,0,0,0,3.54,0,2,0.0,0.0,0.14285714285714285,0.37796447300922725,0,0,0.31438103,0.37796447300922725,1.65,3.850667142868042,0.37725726,HIGH,3.4734098851680755,90.20280788489605,CRITICAL,Urgent stock replenishment required
FOODS_1_006_CA_1_validation,FOODS_1_006,FOODS_1,FOODS,CA_1,CA,d_1910,2,2016-04-21,11612,Thursday,6,4,2016,,,,,0,0,0,2.48,0,2,2.0,0.0,1.4285714285714286,0.9759000729485323,0,0,1.1413915,0.9759000729485323,4.260281680828155,12.250022052532255,1.3696699,HIGH,10.88035213828665,88.81904123623619,CRITICAL,Urgent stock replenishment required
FOODS_1_010_CA_1_validation,FOODS_1_010,FOODS_1,FOODS,CA_1,CA,d_1910,0,2016-04-21,11612,Thursday,6,4,2016,,,,,0,0,0,5.64,0,2,0.0,0.0,0.0,0.0,0,0,0.09730765,0.0,0.0,0.6811535358428955,0.11676919,HIGH,0.5643843486905098,82.85714145080532,CRITICAL,Urgent stock replenishment required
FOODS_1_005_WI_1_validation,FOODS_1_005,FOODS_1,FOODS,WI_1,WI,d_1910,2,2016-04-21,11612,Thursday,6,4,2016,,,,,0,0,0,3.54,0,2,3.0,2.0,2.857142857142857,2.7342623276105873,0,0,2.0891402,2.7342623276105873,11.93639392781588,26.560375403645956,2.5069683,HIGH,24.053407143834555,90.56124688859907,CRITICAL,Urgent stock replenishment required
FOODS_1_008_CA_3_validation,FOODS_1_008,FOODS_1,FOODS,CA_3,CA,d_1910,0,2016-04-21,11612,Thursday,6,4,2016,,,,,0,0,0,3.54,0,2,0.0,0.0,0.14285714285714285,0.37796447300922725,0,0,0.31438103,0.37796447300922725,1.65,3.850667142868042,0.37725726,HIGH,3.4734098851680755,90.20280788489605,CRITICAL,Urgent stock replenishment required
FOODS_1_004_TX_2_validation,FOODS_1_004,FOODS_1,FOODS,TX_2,TX,d_1910,0,2016-04-21,11612,Thursday,6,4,2016,,,,,0,0,0,1.96,0,2,0.0,0.0,0.0,0.0,0,0,0.269218,0.0,0.0,1.884526014328003,0.32306162,HIGH,1.56146439909935,82.85714217939027,CRITICAL,Urgent stock replenishment required
FOODS_1_002_CA_4_validation,FOODS_1_002,FOODS_1,FOODS,CA_4,CA,d_1910,0,2016-04-21,11612,Thursday,6,4,2016,,,,,0,0,0,9.48,0,2,0.0,0.0,0.0,0.0,0,0,0.10654569,0.0,0.0,0.7458198070526123,0.12785482,HIGH,0.6179649829864502,82.85714285714286,CRITICAL,Urgent stock replenishment required
FOODS_1_002_CA_2_validation,FOODS_1_002,FOODS_1,FOODS,CA_2,CA,d_1910,0,2016-04-21,11612,Thursday,6,4,2016,,,,,0,0,0,9.48,0,2,0.0,0.0,0.42857142857142855,0.7867957924694431,0,0,0.41082597,0.7867957924694431,3.4347488991191186,6.310530673639993,0.49299118,HIGH,5.817539494412164,92.18780155388318,CRITICAL,Urgent stock replenishment required
FOODS_1_005_TX_1_validation,FOODS_1_005,FOODS_1,FOODS,TX_1,TX,d_1910,1,2016-04-21,11612,Thursday,6,4,2016,,,,,0,0,0,3.54,0,2,0.0,0.0,0.5714285714285714,1.1338934190276817,0,0,0.54956865,1.1338934190276817,4.95,8.796980571746825,0.6594824,HIGH,8.137498152256011,92.5033093558389,CRITICAL,Urgent stock replenishment required
FOODS_1_001_WI_2_validation,FOODS_1_001,FOODS_1,FOODS,WI_2,WI,d_1910,0,2016-04-21,11612,Thursday,6,4,2016,,,,,0,0,0,2.24,0,2,0.0,0.0,0.2857142857142857,0.4879500364742667,0,0,0.4904001,0.4879500364742667,2.1301408404140796,5.562941610219988,0.5884802,HIGH,4.974461435678514,89.42142097158914,CRITICAL,Urgent stock replenishment required
FOODS_1_003_TX_1_validation,FOODS_1_003,FOODS_1,FOODS,TX_1,TX,d_1910,0,2016-04-21,11612,Thursday,6,4,2016,,,,,0,0,0,3.23,0,2,0.0,0.0,0.14285714285714285,0.37796447300922725,0,0,0.31420454,0.37796447300922725,1.65,3.8494318962097167,0.37704548,HIGH,3.4723864138126372,90.20516552667598,CRITICAL,Urgent stock replenishment required
FOODS_1_003_CA_2_validation,FOODS_1_003,FOODS_1,FOODS,CA_2,CA,d_1910,1,2016-04-21,11612,Thursday,6,4,2016,,,,,0,0,0,3.23,0,2,1.0,1.0,0.8571428571428571,1.0690449676496978,0,0,0.8143507,1.0690449676496978,4.666904755831215,10.367359944582436,0.9772209,HIGH,9.390139051676247,90.57406226725209,CRITICAL,Urgent stock replenishment required
FOODS_1_003_CA_4_validation,FOODS_1_003,FOODS_1,FOODS,CA_4,CA,d_1910,1,2016-04-21,11612,Thursday,6,4,2016,,,,,0,0,0,3.23,0,2,0.0,0.0,0.42857142857142855,0.5345224838248488,0,0,0.45965314,0.5345224838248488,2.333452377915607,5.551024351716267,0.55158377,HIGH,4.999440584779011,90.06338772830789,CRITICAL,Urgent stock replenishment required
FOODS_1_003_WI_2_validation,FOODS_1_003,FOODS_1,FOODS,WI_2,WI,d_1910,0,2016-04-21,11612,Thursday,6,4,2016,,,,,0,0,0,3.23,0,2,0.0,0.0,0.0,0.0,0,0,0.0835081,0.0,0.0,0.5845566987991333,0.10020972,HIGH,0.48434697836637497,82.85714274789406,CRITICAL,Urgent stock replenishment required
FOODS_1_006_TX_1_validation,FOODS_1_006,FOODS_1,FOODS,TX_1,TX,d_1910,0,2016-04-21,11612,Thursday,6,4,2016,,,,,0,0,0,2.48,0,2,1.0,2.0,0.42857142857142855,0.7867957924694432,0,0,0.68738896,0.7867957924694432,3.434748899119119,8.246471654551248,0.8248668,HIGH,7.42160488285325,89.99733696722583,CRITICAL,Urgent stock replenishment required
FOODS_1_003_WI_1_validation,FOODS_1_003,FOODS_1,FOODS,WI_1,WI,d_1910,0,2016-04-21,11612,Thursday,6,4,2016,,,,,0,0,0,3.23,0,2,0.0,5.0,0.2857142857142857,0.48795003647426954,0,0,0.65078807,0.48795003647426954,2.130140840414092,6.685657083395049,0.7809457,HIGH,5.904711365106627,88.31908803357517,CRITICAL,Urgent stock replenishment required
FOODS_1_011_TX_3_validation,FOODS_1_011,FOODS_1,FOODS,TX_3,TX,d_1910,0,2016-04-21,11612,Thursday,6,4,2016,,,,,0,0,0,2.68,0,2,1.0,0.0,0.5714285714285714,0.7867957924694432,0,0,0.5659369,0.7867957924694432,3.434748899119119,7.3963072410991,0.67912436,HIGH,6.717182885782938,90.8180618627838,CRITICAL,Urgent stock replenishment required
FOODS_1_006_CA_2_validation,FOODS_1_006,FOODS_1,FOODS,CA_2,CA,d_1910,0,2016-04-21,11612,Thursday,6,4,2016,,,,,0,0,0,2.48,0,2,2.0,0.0,1.0,1.1547005383792515,0,0,0.85023606,1.1547005383792515,5.0408332644514235,10.992485791306892,1.0202833,HIGH,9.972202449899116,90.7183565139139,CRITICAL,Urgent stock replenishment required
FOODS_1_011_CA_4_validation,FOODS_1_011,FOODS_1,FOODS,CA_4,CA,d_1910,2,2016-04-21,11612,Thursday,6,4,2016,,,,,0,0,0,2.68,0,2,0.0,0.0,1.4285714285714286,1.9023794624226835,0,0,1.0698748,1.9023794624226835,8.304817878797824,15.79394122321921,1.2838497,HIGH,14.510091507032687,91.87125177913735,CRITICAL,Urgent stock replenishment required
FOODS_1_010_CA_4_validation,FOODS_1_010,FOODS_1,FOODS,CA_4,CA,d_1910,0,2016-04-21,11612,Thursday,6,4,2016,,,,,0,0,0,5.64,0,2,0.0,0.0,0.0,0.0,0,0,0.09730765,0.0,0.0,0.6811535358428955,0.11676919,HIGH,0.5643843486905098,82.85714145080532,CRITICAL,Urgent stock replenishment required
FOODS_1_001_CA_2_validation,FOODS_1_001,FOODS_1,FOODS,CA_2,CA,d_1910,4,2016-04-21,11612,Thursday,6,4,2016,,,,,0,0,0,2.24,0,2,0.0,0.0,2.4285714285714284,5.126959555693246,0,0,1.1011145,5.126959555693246,22.38168894431339,30.089490763161045,1.3213375,HIGH,28.768153301689487,95.60864132971872,CRITICAL,Urgent stock replenishment required
FOODS_1_004_WI_2_validation,FOODS_1_004,FOODS_1,FOODS,WI_2,WI,d_1910,0,2016-04-21,11612,Thursday,6,4,2016,,,,,0,0,0,1.96,0,2,0.0,0.0,0.0,7.389734084383283e-07,0,0,0.329304,7.389734084383283e-07,3.2259807759590005e-06,2.3051313235149555,0.39516482,HIGH,1.9099665059433155,82.85716681125668,CRITICAL,Urgent stock replenishment required
FOODS_1_002_TX_1_validation,FOODS_1_002,FOODS_1,FOODS,TX_1,TX,d_1910,0,2016-04-21,11612,Thursday,6,4,2016,,,,,0,0,0,9.48,0,2,0.0,0.0,0.2857142857142857,0.48795003647426666,0,0,0.3540678,0.48795003647426666,2.1301408404140796,4.608615457418474,0.42488137,HIGH,4.183734088542971,90.78071553590844,CRITICAL,Urgent stock replenishment required
FOODS_1_010_TX_1_validation,FOODS_1_010,FOODS_1,FOODS,TX_1,TX,d_1910,1,2016-04-21,11612,Thursday,6,4,2016,,,,,0,0,0,6.27,0,2,1.0,3.0,1.1428571428571428,1.0690449676496974,0,0,1.0441124,1.0690449676496974,4.6669047558312124,11.975692101717442,1.2529349,HIGH,10.722757169008702,89.53768248159072,CRITICAL,Urgent stock replenishment required
FOODS_1_004_CA_2_validation,FOODS_1_004,FOODS_1,FOODS,CA_2,CA,d_1910,0,2016-04-21,11612,Thursday,6,4,2016,,,,,0,0,0,1.96,0,2,0.0,0.0,0.0,0.0,0,0,0.269218,0.0,0.0,1.884526014328003,0.32306162,HIGH,1.56146439909935,82.85714217939027,CRITICAL,Urgent stock replenishment required
FOODS_1_006_WI_2_validation,FOODS_1_006,FOODS_1,FOODS,WI_2,WI,d_1910,0,2016-04-21,11612,Thursday,6,4,2016,,,,,0,0,0,2.48,0,2,3.0,2.0,1.2857142857142858,1.2535663410560127,0,0,1.1640177,1.2535663410560127,5.472430904086389,13.620554645236291,1.3968213,HIGH,12.22373338478402,89.74475491759215,CRITICAL,Urgent stock replenishment required
FOODS_1_011_WI_3_validation,FOODS_1_011,FOODS_1,FOODS,WI_3,WI,d_1910,0,2016-04-21,11612,Thursday,6,4,2016,,,,,0,0,0,2.68,0,2,0.0,0.0,0.42857142857142855,0.7867957924694432,0,0,0.5101849,0.7867957924694432,3.434748899119119,7.00604320682786,0.6122219,HIGH,6.393821310179453,91.26151697078095,CRITICAL,Urgent stock replenishment required
FOODS_1_009_CA_3_validation,FOODS_1_009,FOODS_1,FOODS,CA_3,CA,d_1910,0,2016-04-21,11612,Thursday,6,4,2016,,,,,0,0,0,1.98,0,2,0.0,0.0,0.0,0.0,0,0,0.1231853,0.0,0.0,0.8622971177101135,0.14782237,HIGH,0.7144747525453568,82.85714261027466,CRITICAL,Urgent stock replenishment required
FOODS_1_003_WI_3_validation,FOODS_1_003,FOODS_1,FOODS,WI_3,WI,d_1910,0,2016-04-21,11612,Thursday,6,4,2016,,,,,0,0,0,3.23,0,2,0.0,0.0,0.14285714285714285,0.37796447300922725,0,0,0.31420454,0.37796447300922725,1.65,3.8494318962097167,0.37704548,HIGH,3.4723864138126372,90.20516552667598,CRITICAL,Urgent stock replenishment required
FOODS_1_003_CA_3_validation,FOODS_1_003,FOODS_1,FOODS,CA_3,CA,d_1910,0,2016-04-21,11612,Thursday,6,4,2016,,,,,0,0,0,3.23,0,2,0.0,0.0,1.2857142857142858,1.3801311186847083,0,0,0.99020225,1.3801311186847083,6.024948132556826,12.956363690418154,1.1882428,HIGH,11.768120897334963,90.82888670405298,CRITICAL,Urgent stock replenishment required
FOODS_1_004_TX_3_validation,FOODS_1_004,FOODS_1,FOODS,TX_3,TX,d_1910,0,2016-04-21,11612,Thursday,6,4,2016,,,,,0,0,0,1.96,0,2,0.0,0.0,0.0,0.0,0,0,0.269218,0.0,0.0,1.884526014328003,0.32306162,HIGH,1.56146439909935,82.85714217939027,CRITICAL,Urgent stock replenishment required
FOODS_1_011_WI_2_validation,FOODS_1_011,FOODS_1,FOODS,WI_2,WI,d_1910,0,2016-04-21,11612,Thursday,6,4,2016,,,,,0,0,0,2.68,0,2,4.0,0.0,1.2857142857142858,1.7043362064926932,0,0,0.9981474,1.7043362064926932,7.440262092157775,14.427294028803283,1.1977769,HIGH,13.2295171151604,91.69784083382795,CRITICAL,Urgent stock replenishment required
FOODS_1_001_TX_3_validation,FOODS_1_001,FOODS_1,FOODS,TX_3,TX,d_1910,2,2016-04-21,11612,Thursday,6,4,2016,,,,,0,0,0,2.24,0,2,1.0,1.0,0.5714285714285714,0.5345224838248489,0,0,0.69181997,0.5345224838248489,2.3334523779156076,7.176191959977375,0.830184,HIGH,6.346007977128254,88.43141338081293,CRITICAL,Urgent stock replenishment required
FOODS_1_008_CA_1_validation,FOODS_1_008,FOODS_1,FOODS,CA_1,CA,d_1910,0,2016-04-21,11612,Thursday,6,4,2016,,,,,0,0,0,3.54,0,2,0.0,0.0,0.14285714285714285,0.37796447300922725,0,0,0.31438103,0.37796447300922725,1.65,3.850667142868042,0.37725726,HIGH,3.4734098851680755,90.20280788489605,CRITICAL,Urgent stock replenishment required
FOODS_1_002_TX_3_validation,FOODS_1_002,FOODS_1,FOODS,TX_3,TX,d_1910,0,2016-04-21,11612,Thursday,6,4,2016,,,,,0,0,0,9.48,0,2,0.0,1.0,0.42857142857142855,0.7867957924694432,0,0,0.49600148,0.7867957924694432,3.434748899119119,6.906759273188333,0.5952018,HIGH,6.311557482855539,91.38232900857953,CRITICAL,Urgent stock replenishment required
FOODS_1_005_CA_3_validation,FOODS_1_005,FOODS_1,FOODS,CA_3,CA,d_1910,0,2016-04-21,11612,Thursday,6,4,2016,,,,,0,0,0,3.54,0,2,2.0,2.0,1.4285714285714286,1.3972762620115429,0,0,1.2506716,1.3972762620115429,6.099795078525176,14.854496692905059,1.500806,HIGH,13.353690718898406,89.89662184432353,CRITICAL,Urgent stock replenishment required
FOODS_1_006_CA_3_validation,FOODS_1_006,FOODS_1,FOODS,CA_3,CA,d_1910,0,2016-04-21,11612,Thursday,6,4,2016,,,,,0,0,0,2.48,0,2,2.0,1.0,1.5714285714285714,1.2724180205607045,0,0,1.2857628,1.2724180205607045,5.554727716099147,14.555067224155788,1.5429155,HIGH,13.012151760708218,89.39946178409312,CRITICAL,Urgent stock replenishment required
FOODS_1_002_WI_1_validation,FOODS_1_002,FOODS_1,FOODS,WI_1,WI,d_1910,2,2016-04-21,11612,Thursday,6,4,2016,,,,,0,0,0,9.48,0,2,1.0,1.0,1.1428571428571428,0.6900655593423557,0,0,0.78432405,0.6900655593423557,3.01247406627842,8.502742296716653,0.9411889,HIGH,7.5615534248561485,88.9307609355167,CRITICAL,Urgent stock replenishment required
FOODS_1_004_CA_4_validation,FOODS_1_004,FOODS_1,FOODS,CA_4,CA,d_1910,0,2016-04-21,11612,Thursday,6,4,2016,,,,,0,0,0,1.96,0,2,0.0,0.0,0.0,0.0,0,0,0.269218,0.0,0.0,1.884526014328003,0.32306162,HIGH,1.56146439909935,82.85714217939027,CRITICAL,Urgent stock replenishment required
FOODS_1_003_CA_1_validation,FOODS_1_003,FOODS_1,FOODS,CA_1,CA,d_1910,1,2016-04-21,11612,Thursday,6,4,2016,,,,,0,0,0,3.23,0,2,0.0,0.0,1.0,1.1547005383792517,0,0,0.8428507,1.1547005383792517,5.040833264451424,10.940788060288828,1.0114208,HIGH,9.929367214303415,90.75550279914012,CRITICAL,Urgent stock replenishment required
FOODS_1_001_WI_3_validation,FOODS_1_001,FOODS_1,FOODS,WI_3,WI,d_1910,0,2016-04-21,11612,Thursday,6,4,2016,,,,,0,0,0,2.24,0,2,0.0,0.0,0.14285714285714285,0.3779644730092273,0,0,0.42011037,0.3779644730092273,1.6500000000000004,4.590772533416748,0.50413245,HIGH,4.086640083789826,89.01857049206238,CRITICAL,Urgent stock replenishment required
FOODS_1_004_WI_1_validation,FOODS_1_004,FOODS_1,FOODS,WI_1,WI,d_1910,0,2016-04-21,11612,Thursday,6,4,2016,,,,,0,0,0,1.96,0,2,0.0,0.0,0.0,0.0,0,0,0.269218,0.0,0.0,1.884526014328003,0.32306162,HIGH,1.56146439909935,82.85714217939027,CRITICAL,Urgent stock replenishment required
FOODS_1_005_CA_1_validation,FOODS_1_005,FOODS_1,FOODS,CA_1,CA,d_1910,2,2016-04-21,11612,Thursday,6,4,2016,,,,,0,0,0,3.54,0,2,2.0,0.0,1.5714285714285714,0.9759000729485233,0,0,1.3159223,0.9759000729485233,4.260281680828116,13.47173797965624,1.5791068,HIGH,11.8926311719475,88.27837350983697,CRITICAL,Urgent stock replenishment required
FOODS_1_002_WI_3_validation,FOODS_1_002,FOODS_1,FOODS,WI_3,WI,d_1910,0,2016-04-21,11612,Thursday,6,4,2016,,,,,0,0,0,9.48,0,2,0.0,0.0,0.14285714285714285,0.37796447300922725,0,0,0.31334114,0.37796447300922725,1.65,3.843387985229492,0.37600937,HIGH,3.4673786103725432,90.21672086445633,CRITICAL,Urgent stock replenishment required
FOODS_1_010_WI_3_validation,FOODS_1_010,FOODS_1,FOODS,WI_3,WI,d_1910,0,2016-04-21,11612,Thursday,6,4,2016,,,,,0,0,0,6.77,0,2,1.0,0.0,0.42857142857142855,0.786795792469443,0,0,0.43510816,0.786795792469443,3.4347488991191186,6.480505954401711,0.52212983,HIGH,5.958376120703439,91.94306991811912,CRITICAL,Urgent stock replenishment required
FOODS_1_001_TX_1_validation,FOODS_1_001,FOODS_1,FOODS,TX_1,TX,d_1910,0,2016-04-21,11612,Thursday,6,4,2016,,,,,0,0,0,2.24,0,2,0.0,0.0,0.0,0.0,0,0,0.12056109,0.0,0.0,0.8439276218414307,0.14467332,HIGH,0.6992543041706085,82.85714154548606,CRITICAL,Urgent stock replenishment required
FOODS_1_009_TX_1_validation,FOODS_1_009,FOODS_1,FOODS,TX_1,TX,d_1910,0,2016-04-21,11612,Thursday,6,4,2016,,,,,0,0,0,2.24,0,2,0.0,0.0,0.0,0.0,0,0,0.12056109,0.0,0.0,0.8439276218414307,0.14467332,HIGH,0.6992543041706085,82.85714154548606,CRITICAL,Urgent stock replenishment required
FOODS_1_003_TX_3_validation,FOODS_1_003,FOODS_1,FOODS,TX_3,TX,d_1910,0,2016-04-21,11612,Thursday,6,4,2016,,,,,0,0,0,3.23,0,2,0.0,0.0,0.0,0.0,0,0,0.0835081,0.0,0.0,0.5845566987991333,0.10020972,HIGH,0.48434697836637497,82.85714274789406,CRITICAL,Urgent stock replenishment required
FOODS_1_004_CA_3_validation,FOODS_1_004,FOODS_1,FOODS,CA_3,CA,d_1910,0,2016-04-21,11612,Thursday,6,4,2016,,,,,0,0,0,1.5,0,2,0.0,0.0,0.0,0.0,0,0,0.39481968,0.0,0.0,2.763737678527832,0.47378364,HIGH,2.289954036474228,82.85714140909437,CRITICAL,Urgent stock replenishment required
FOODS_1_004_TX_1_validation,FOODS_1_004,FOODS_1,FOODS,TX_1,TX,d_1910,0,2016-04-21,11612,Thursday,6,4,2016,,,,,0,0,0,1.96,0,2,0.0,0.0,0.0,0.0,0,0,0.269218,0.0,0.0,1.884526014328003,0.32306162,HIGH,1.56146439909935,82.85714217939027,CRITICAL,Urgent stock replenishment required
FOODS_1_009_WI_3_validation,FOODS_1_009,FOODS_1,FOODS,WI_3,WI,d_1910,0,2016-04-21,11612,Thursday,6,4,2016,,,,,0,0,0,2.24,0,2,0.0,0.0,0.0,0.0,0,0,0.12056109,0.0,0.0,0.8439276218414307,0.14467332,HIGH,0.6992543041706085,82.85714154548606,CRITICAL,Urgent stock replenishment required
FOODS_1_003_TX_2_validation,FOODS_1_003,FOODS_1,FOODS,TX_2,TX,d_1910,1,2016-04-21,11612,Thursday,6,4,2016,,,,,0,0,0,3.23,0,2,0.0,1.0,0.0,0.0,0,0,0.16552208,0.0,0.0,1.1586545705795288,0.1986265,HIGH,0.9600280672311783,82.85714237945804,CRITICAL,Urgent stock replenishment required
FOODS_1_002_TX_2_validation,FOODS_1_002,FOODS_1,FOODS,TX_2,TX,d_1910,0,2016-04-21,11612,Thursday,6,4,2016,,,,,0,0,0,9.48,0,2,0.0,0.0,0.0,0.0,0,0,0.10654569,0.0,0.0,0.7458198070526123,0.12785482,HIGH,0.6179649829864502,82.85714285714286,CRITICAL,Urgent stock replenishment required
FOODS_1_002_CA_3_validation,FOODS_1_002,FOODS_1,FOODS,CA_3,CA,d_1911,0,2016-04-22,11612,Friday,7,4,2016,,,,,0,0,0,9.48,0,2,1.0,1.0,0.42857142857142855,0.5345224838248489,0,0,0.49600148,0.5345224838248489,2.3334523779156076,5.805462751984821,0.5952018,HIGH,5.210260961652027,89.74755646947693,CRITICAL,Urgent stock replenishment required
FOODS_1_006_WI_2_validation,FOODS_1_006,FOODS_1,FOODS,WI_2,WI,d_1911,7,2016-04-22,11612,Friday,7,4,2016,,,,,0,0,0,2.48,0,2,1.0,1.0,0.8571428571428571,1.0690449676496927,0,0,0.8290885,1.0690449676496927,4.666904755831193,10.470524140596819,0.99490625,HIGH,9.475617893934679,90.4980282428781,CRITICAL,Urgent stock replenishment required
FOODS_1_006_TX_3_validation,FOODS_1_006,FOODS_1,FOODS,TX_3,TX,d_1911,0,2016-04-22,11612,Friday,7,4,2016,,,,,0,0,0,2.48,0,2,0.0,0.0,0.42857142857142855,0.7867957924694435,0,0,0.52489275,0.7867957924694435,3.434748899119121,7.108998071329815,0.6298713,HIGH,6.479126762526256,91.13980194559633,CRITICAL,Urgent stock replenishment required
FOODS_1_010_WI_1_validation,FOODS_1_010,FOODS_1,FOODS,WI_1,WI,d_1911,3,2016-04-22,11612,Friday,7,4,2016,,,,,0,0,0,6.77,0,2,2.0,4.0,2.7142857142857144,2.927700218845599,0,0,1.7461259,2.927700218845599,12.780845042484474,25.003726359623144,2.0953512,HIGH,22.908375140445898,91.61984422225605,CRITICAL,Urgent stock replenishment required
FOODS_1_008_WI_2_validation,FOODS_1_008,FOODS_1,FOODS,WI_2,WI,d_1911,0,2016-04-22,11612,Friday,7,4,2016,,,,,0,0,0,3.54,0,2,0.0,0.0,0.14285714285714285,0.37796447300922725,0,0,0.31438103,0.37796447300922725,1.65,3.850667142868042,0.37725726,HIGH,3.4734098851680755,90.20280788489605,CRITICAL,Urgent stock replenishment required
FOODS_1_008_TX_2_validation,FOODS_1_008,FOODS_1,FOODS,TX_2,TX,d_1911,0,2016-04-22,11612,Friday,7,4,2016,,,,,0,0,0,3.54,0,2,0.0,0.0,0.2857142857142857,0.48795003647426666,0,0,0.37570843,0.48795003647426666,2.1301408404140796,4.760099946859392,0.45085013,HIGH,4.30924981773189,90.52855750592038,CRITICAL,Urgent stock replenishment required
FOODS_1_009_CA_3_validation,FOODS_1_009,FOODS_1,FOODS,CA_3,CA,d_1911,0,2016-04-22,11612,Friday,7,4,2016,,,,,0,0,0,1.98,0,2,0.0,0.0,0.0,0.0,0,0,0.1231853,0.0,0.0,0.8622971177101135,0.14782237,HIGH,0.7144747525453568,82.85714261027466,CRITICAL,Urgent stock replenishment required
FOODS_1_002_TX_1_validation,FOODS_1_002,FOODS_1,FOODS,TX_1,TX,d_1911,0,2016-04-22,11612,Friday,7,4,2016,,,,,0,0,0,9.48,0,2,1.0,0.0,0.2857142857142857,0.48795003647426666,0,0,0.3540678,0.48795003647426666,2.1301408404140796,4.608615457418474,0.42488137,HIGH,4.183734088542971,90.78071553590844,CRITICAL,Urgent stock replenishment required
FOODS_1_004_WI_3_validation,FOODS_1_004,FOODS_1,FOODS,WI_3,WI,d_1911,0,2016-04-22,11612,Friday,7,4,2016,,,,,0,0,0,1.96,0,2,0.0,0.0,0.0,4.272243734249905e-07,0,0,0.29254904,4.272243734249905e-07,1.8650435860780626e-06,2.0478450828933177,0.35105887,HIGH,1.6967862123393473,82.85715684811599,CRITICAL,Urgent stock replenishment required
FOODS_1_003_CA_4_validation,FOODS_1_003,FOODS_1,FOODS,CA_4,CA,d_1911,0,2016-04-22,11612,Friday,7,4,2016,,,,,0,0,0,3.23,0,2,1.0,0.0,0.5714285714285714,0.5345224838248488,0,0,0.520916,0.5345224838248488,2.333452377915607,5.979864273667561,0.6250992,HIGH,5.354765091538654,89.54659916143011,CRITICAL,Urgent stock replenishment required
FOODS_1_010_CA_4_validation,FOODS_1_010,FOODS_1,FOODS,CA_4,CA,d_1911,1,2016-04-22,11612,Friday,7,4,2016,,,,,0,0,0,5.64,0,2,0.0,0.0,0.0,0.0,0,0,0.09730765,0.0,0.0,0.6811535358428955,0.11676919,HIGH,0.5643843486905098,82.85714145080532,CRITICAL,Urgent stock replenishment required
FOODS_1_005_CA_3_validation,FOODS_1_005,FOODS_1,FOODS,CA_3,CA,d_1911,3,2016-04-22,11612,Friday,7,4,2016,,,,,0,0,0,3.54,0,2,4.0,12.0,1.1428571428571428,1.463850109422799,0,0,1.4702659,1.463850109422799,6.390422521242234,16.682283101686572,1.7643191,HIGH,14.9179640394536,89.42399519610959,CRITICAL,Urgent stock replenishment required
FOODS_1_006_WI_3_validation,FOODS_1_006,FOODS_1,FOODS,WI_3,WI,d_1911,1,2016-04-22,11612,Friday,7,4,2016,,,,,0,0,0,2.48,0,2,0.0,1.0,0.5714285714285714,1.1338934190276762,0,0,0.6667489,1.1338934190276762,4.949999999999976,9.617242050170875,0.8000987,HIGH,8.817143332958198,91.68058043003647,CRITICAL,Urgent stock replenishment required
FOODS_1_011_WI_2_validation,FOODS_1_011,FOODS_1,FOODS,WI_2,WI,d_1911,0,2016-04-22,11612,Friday,7,4,2016,,,,,0,0,0,2.68,0,2,0.0,0.0,0.7142857142857143,1.2535663410560174,0,0,0.64005804,1.2535663410560174,5.4724309040864085,9.952837188418684,0.7680697,HIGH,9.184767503913221,92.28290717546145,CRITICAL,Urgent stock replenishment required
FOODS_1_005_TX_1_validation,FOODS_1_005,FOODS_1,FOODS,TX_1,TX,d_1911,0,2016-04-22,11612,Friday,7,4,2016,,,,,0,0,0,3.54,0,2,0.0,1.0,0.7142857142857143,1.1126972805283737,0,0,0.7388242,1.1126972805283737,4.857468476480316,10.029237618631196,0.88658905,HIGH,9.142648568338227,91.15995568151698,CRITICAL,Urgent stock replenishment required
FOODS_1_009_WI_1_validation,FOODS_1_009,FOODS_1,FOODS,WI_1,WI,d_1911,0,2016-04-22,11612,Friday,7,4,2016,,,,,0,0,0,2.24,0,2,0.0,0.0,0.0,0.0,0,0,0.12056109,0.0,0.0,0.8439276218414307,0.14467332,HIGH,0.6992543041706085,82.85714154548606,CRITICAL,Urgent stock replenishment required
FOODS_1_003_TX_1_validation,FOODS_1_003,FOODS_1,FOODS,TX_1,TX,d_1911,0,2016-04-22,11612,Friday,7,4,2016,,,,,0,0,0,3.23,0,2,0.0,0.0,0.14285714285714285,0.37796447300922725,0,0,0.31420454,0.37796447300922725,1.65,3.8494318962097167,0.37704548,HIGH,3.4723864138126372,90.20516552667598,CRITICAL,Urgent stock replenishment required
FOODS_1_003_TX_3_validation,FOODS_1_003,FOODS_1,FOODS,TX_3,TX,d_1911,0,2016-04-22,11612,Friday,7,4,2016,,,,,0,0,0,3.23,0,2,0.0,0.0,0.0,0.0,0,0,0.0835081,0.0,0.0,0.5845566987991333,0.10020972,HIGH,0.48434697836637497,82.85714274789406,CRITICAL,Urgent stock replenishment required
FOODS_1_011_TX_1_validation,FOODS_1_011,FOODS_1,FOODS,TX_1,TX,d_1911,2,2016-04-22,11612,Friday,7,4,2016,,,,,0,0,0,2.68,0,2,0.0,0.0,0.5714285714285714,1.1338934190276817,0,0,0.5720153,1.1338934190276817,4.95,8.954106998443603,0.68641835,HIGH,8.267688643932342,92.33403895407355,CRITICAL,Urgent stock replenishment required
FOODS_1_009_TX_3_validation,FOODS_1_009,FOODS_1,FOODS,TX_3,TX,d_1911,0,2016-04-22,11612,Friday,7,4,2016,,,,,0,0,0,2.24,0,2,0.0,0.0,0.0,0.0,0,0,0.12056109,0.0,0.0,0.8439276218414307,0.14467332,HIGH,0.6992543041706085,82.85714154548606,CRITICAL,Urgent stock replenishment required
FOODS_1_011_WI_1_validation,FOODS_1_011,FOODS_1,FOODS,WI_1,WI,d_1911,0,2016-04-22,11612,Friday,7,4,2016,,,,,0,0,0,2.68,0,2,0.0,0.0,1.7142857142857142,1.9760470401187076,0,0,1.2816705,1.9760470401187076,8.626412927746967,17.5981059666874,1.5380046,HIGH,16.060101329922873,91.26039677408515,CRITICAL,Urgent stock replenishment required
FOODS_1_005_CA_1_validation,FOODS_1_005,FOODS_1,FOODS,CA_1,CA,d_1911,1,2016-04-22,11612,Friday,7,4,2016,,,,,0,0,0,3.54,0,2,3.0,0.0,1.5714285714285714,0.9759000729485233,0,0,1.3159223,0.9759000729485233,4.260281680828116,13.47173797965624,1.5791068,HIGH,11.8926311719475,88.27837350983697,CRITICAL,Urgent stock replenishment required
FOODS_1_004_TX_1_validation,FOODS_1_004,FOODS_1,FOODS,TX_1,TX,d_1911,0,2016-04-22,11612,Friday,7,4,2016,,,,,0,0,0,1.96,0,2,0.0,0.0,0.0,0.0,0,0,0.269218,0.0,0.0,1.884526014328003,0.32306162,HIGH,1.56146439909935,82.85714217939027,CRITICAL,Urgent stock replenishment required
FOODS_1_011_CA_4_validation,FOODS_1_011,FOODS_1,FOODS,CA_4,CA,d_1911,1,2016-04-22,11612,Friday,7,4,2016,,,,,0,0,0,2.68,0,2,4.0,0.0,1.7142857142857142,1.7994708216848745,0,0,1.3120273,1.7994708216848745,7.8555712713971335,17.03976297519352,1.5744328,HIGH,15.465330125309485,90.76024207510343,CRITICAL,Urgent stock replenishment required
FOODS_1_008_TX_1_validation,FOODS_1_008,FOODS_1,FOODS,TX_1,TX,d_1911,0,2016-04-22,11612,Friday,7,4,2016,,,,,0,0,0,3.54,0,2,0.0,0.0,0.0,0.0,0,0,0.12974538,0.0,0.0,0.9082176685333252,0.15569445,HIGH,0.7525232136249542,82.85714313840636,CRITICAL,Urgent stock replenishment required
FOODS_1_010_TX_3_validation,FOODS_1_010,FOODS_1,FOODS,TX_3,TX,d_1911,2,2016-04-22,11612,Friday,7,4,2016,,,,,0,0,0,6.27,0,2,2.0,1.0,0.8571428571428571,0.899735410842438,0,0,0.69427794,0.899735410842438,3.9277856356985703,8.787731409776939,0.8331336,HIGH,7.9545978314764625,90.51935545761492,CRITICAL,Urgent stock replenishment required
FOODS_1_001_TX_1_validation,FOODS_1_001,FOODS_1,FOODS,TX_1,TX,d_1911,0,2016-04-22,11612,Friday,7,4,2016,,,,,0,0,0,2.24,0,2,0.0,2.0,0.0,0.0,0,0,0.22106874,0.0,0.0,1.5474811792373657,0.2652825,HIGH,1.2821986675262451,82.85714131645479,CRITICAL,Urgent stock replenishment required
FOODS_1_006_CA_4_validation,FOODS_1_006,FOODS_1,FOODS,CA_4,CA,d_1911,0,2016-04-22,11612,Friday,7,4,2016,,,,,0,0,0,2.48,0,2,5.0,3.0,1.4285714285714286,1.8126539343499322,0,0,1.314152,1.8126539343499322,7.91312201346599,17.112186268226733,1.5769825,HIGH,15.535203770057787,90.78444756590204,CRITICAL,Urgent stock replenishment required
FOODS_1_002_TX_2_validation,FOODS_1_002,FOODS_1,FOODS,TX_2,TX,d_1911,0,2016-04-22,11612,Friday,7,4,2016,,,,,0,0,0,9.48,0,2,0.0,0.0,0.0,0.0,0,0,0.10654569,0.0,0.0,0.7458198070526123,0.12785482,HIGH,0.6179649829864502,82.85714285714286,CRITICAL,Urgent stock replenishment required
FOODS_1_011_CA_2_validation,FOODS_1_011,FOODS_1,FOODS,CA_2,CA,d_1911,4,2016-04-22,11612,Friday,7,4,2016,,,,,0,0,0,2.68,0,2,1.0,7.0,3.5714285714285716,3.909694909544003,0,0,2.5129237,3.909694909544003,17.067732714101194,34.658198259755494,3.0155087,HIGH,31.642689608022096,91.29929193337509,CRITICAL,Urgent stock replenishment required
FOODS_1_008_WI_3_validation,FOODS_1_008,FOODS_1,FOODS,WI_3,WI,d_1911,0,2016-04-22,11612,Friday,7,4,2016,,,,,0,0,0,3.54,0,2,0.0,0.0,0.2857142857142857,0.48795003647426666,0,0,0.37570843,0.48795003647426666,2.1301408404140796,4.760099946859392,0.45085013,HIGH,4.30924981773189,90.52855750592038,CRITICAL,Urgent stock replenishment required
FOODS_1_003_CA_1_validation,FOODS_1_003,FOODS_1,FOODS,CA_1,CA,d_1911,0,2016-04-22,11612,Friday,7,4,2016,,,,,0,0,0,3.23,0,2,3.0,0.0,1.1428571428571428,1.0690449676496978,0,0,0.96961063,1.0690449676496978,4.666904755831215,11.454179116487953,1.1635329,HIGH,10.290646263361428,89.84184862753146,CRITICAL,Urgent stock replenishment required
FOODS_1_004_CA_4_validation,FOODS_1_004,FOODS_1,FOODS,CA_4,CA,d_1911,0,2016-04-22,11612,Friday,7,4,2016,,,,,0,0,0,1.96,0,2,0.0,0.0,0.0,0.0,0,0,0.269218,0.0,0.0,1.884526014328003,0.32306162,HIGH,1.56146439909935,82.85714217939027,CRITICAL,Urgent stock replenishment required
FOODS_1_006_CA_3_validation,FOODS_1_006,FOODS_1,FOODS,CA_3,CA,d_1911,0,2016-04-22,11612,Friday,7,4,2016,,,,,0,0,0,2.48,0,2,0.0,0.0,1.2857142857142858,1.3801311186847092,0,0,0.99020225,1.3801311186847092,6.02494813255683,12.956363690418158,1.1882428,HIGH,11.768120897334967,90.82888670405299,CRITICAL,Urgent stock replenishment required
FOODS_1_002_WI_1_validation,FOODS_1_002,FOODS_1,FOODS,WI_1,WI,d_1911,2,2016-04-22,11612,Friday,7,4,2016,,,,,0,0,0,9.48,0,2,1.0,1.0,1.2857142857142858,0.7559289460184555,0,0,0.8130099,0.7559289460184555,3.3000000000000047,8.991069602966313,0.9756119,HIGH,8.01545767784119,89.1491005163251,CRITICAL,Urgent stock replenishment required
FOODS_1_002_TX_3_validation,FOODS_1_002,FOODS_1,FOODS,TX_3,TX,d_1911,0,2016-04-22,11612,Friday,7,4,2016,,,,,0,0,0,9.48,0,2,0.0,2.0,0.42857142857142855,0.7867957924694432,0,0,0.6008915,0.7867957924694432,3.434748899119119,7.6409890762736605,0.7210698,HIGH,6.919919263499002,90.56313514419644,CRITICAL,Urgent stock replenishment required
FOODS_1_010_TX_2_validation,FOODS_1_010,FOODS_1,FOODS,TX_2,TX,d_1911,0,2016-04-22,11612,Friday,7,4,2016,,,,,0,0,0,6.27,0,2,0.0,0.0,0.42857142857142855,0.7867957924694432,0,0,0.43510816,0.7867957924694432,3.434748899119119,6.480505954401712,0.52212983,HIGH,5.95837612070344,91.94306991811912,CRITICAL,Urgent stock replenishment required
FOODS_1_004_WI_1_validation,FOODS_1_004,FOODS_1,FOODS,WI_1,WI,d_1911,0,2016-04-22,11612,Friday,7,4,2016,,,,,0,0,0,1.96,0,2,0.0,0.0,0.0,0.0,0,0,0.269218,0.0,0.0,1.884526014328003,0.32306162,HIGH,1.56146439909935,82.85714217939027,CRITICAL,Urgent stock replenishment required
FOODS_1_002_CA_4_validation,FOODS_1_002,FOODS_1,FOODS,CA_4,CA,d_1911,0,2016-04-22,11612,Friday,7,4,2016,,,,,0,0,0,9.48,0,2,0.0,0.0,0.0,0.0,0,0,0.10654569,0.0,0.0,0.7458198070526123,0.12785482,HIGH,0.6179649829864502,82.85714285714286,CRITICAL,Urgent stock replenishment required
FOODS_1_010_WI_3_validation,FOODS_1_010,FOODS_1,FOODS,WI_3,WI,d_1911,0,2016-04-22,11612,Friday,7,4,2016,,,,,0,0,0,6.77,0,2,0.0,0.0,0.2857142857142857,0.7559289460184542,0,0,0.38890207,0.7559289460184542,3.299999999999999,6.022314357757567,0.4666825,HIGH,5.555631864070891,92.25077825627743,CRITICAL,Urgent stock replenishment required
FOODS_1_003_TX_2_validation,FOODS_1_003,FOODS_1,FOODS,TX_2,TX,d_1911,0,2016-04-22,11612,Friday,7,4,2016,,,,,0,0,0,3.23,0,2,0.0,0.0,0.14285714285714285,0.37796447300922725,0,0,0.31420454,0.37796447300922725,1.65,3.8494318962097167,0.37704548,HIGH,3.4723864138126372,90.20516552667598,CRITICAL,Urgent stock replenishment required
FOODS_1_001_TX_3_validation,FOODS_1_001,FOODS_1,FOODS,TX_3,TX,d_1911,0,2016-04-22,11612,Friday,7,4,2016,,,,,0,0,0,2.24,0,2,0.0,0.0,0.7142857142857143,0.7559289460184546,0,0,0.6877217,0.7559289460184546,3.3000000000000007,8.114052104949952,0.8252661,HIGH,7.288785982131959,89.8291739793667,CRITICAL,Urgent stock replenishment required
FOODS_1_008_CA_3_validation,FOODS_1_008,FOODS_1,FOODS,CA_3,CA,d_1911,0,2016-04-22,11612,Friday,7,4,2016,,,,,0,0,0,3.54,0,2,0.0,0.0,0.14285714285714285,0.37796447300922725,0,0,0.31438103,0.37796447300922725,1.65,3.850667142868042,0.37725726,HIGH,3.4734098851680755,90.20280788489605,CRITICAL,Urgent stock replenishment required
FOODS_1_004_TX_2_validation,FOODS_1_004,FOODS_1,FOODS,TX_2,TX,d_1911,0,2016-04-22,11612,Friday,7,4,2016,,,,,0,0,0,1.96,0,2,0.0,0.0,0.0,0.0,0,0,0.269218,0.0,0.0,1.884526014328003,0.32306162,HIGH,1.56146439909935,82.85714217939027,CRITICAL,Urgent stock replenishment required
FOODS_1_008_CA_1_validation,FOODS_1_008,FOODS_1,FOODS,CA_1,CA,d_1911,0,2016-04-22,11612,Friday,7,4,2016,,,,,0,0,0,3.54,0,2,0.0,1.0,0.14285714285714285,0.37796447300922725,0,0,0.37676004,0.37796447300922725,1.65,4.287320280075074,0.45211205,HIGH,3.835208231210709,89.45467053241826,CRITICAL,Urgent stock replenishment required
FOODS_1_004_CA_3_validation,FOODS_1_004,FOODS_1,FOODS,CA_3,CA,d_1911,0,2016-04-22,11612,Friday,7,4,2016,,,,,0,0,0,1.5,0,2,0.0,0.0,0.0,0.0,0,0,0.39481968,0.0,0.0,2.763737678527832,0.47378364,HIGH,2.289954036474228,82.85714140909437,CRITICAL,Urgent stock replenishment required
FOODS_1_001_WI_2_validation,FOODS_1_001,FOODS_1,FOODS,WI_2,WI,d_1911,0,2016-04-22,11612,Friday,7,4,2016,,,,,0,0,0,2.24,0,2,0.0,2.0,0.2857142857142857,0.4879500364742667,0,0,0.6221798,0.4879500364742667,2.1301408404140796,6.485399305227312,0.74661577,HIGH,5.738783537748369,88.48774404874096,CRITICAL,Urgent stock replenishment required
FOODS_1_003_CA_2_validation,FOODS_1_003,FOODS_1,FOODS,CA_2,CA,d_1911,1,2016-04-22,11612,Friday,7,4,2016,,,,,0,0,0,3.23,0,2,3.0,3.0,0.8571428571428571,1.0690449676496978,0,0,1.0893945,1.0690449676496978,4.666904755831215,12.292665787935707,1.3072734,HIGH,10.985392400026772,89.36541991410908,CRITICAL,Urgent stock replenishment required
FOODS_1_004_TX_3_validation,FOODS_1_004,FOODS_1,FOODS,TX_3,TX,d_1911,0,2016-04-22,11612,Friday,7,4,2016,,,,,0,0,0,1.96,0,2,0.0,0.0,0.0,0.0,0,0,0.269218,0.0,0.0,1.884526014328003,0.32306162,HIGH,1.56146439909935,82.85714217939027,CRITICAL,Urgent stock replenishment required
FOODS_1_003_WI_3_validation,FOODS_1_003,FOODS_1,FOODS,WI_3,WI,d_1911,0,2016-04-22,11612,Friday,7,4,2016,,,,,0,0,0,3.23,0,2,0.0,0.0,0.14285714285714285,0.37796447300922725,0,0,0.31420454,0.37796447300922725,1.65,3.8494318962097167,0.37704548,HIGH,3.4723864138126372,90.20516552667598,CRITICAL,Urgent stock replenishment required
FOODS_1_011_WI_3_validation,FOODS_1_011,FOODS_1,FOODS,WI_3,WI,d_1911,0,2016-04-22,11612,Friday,7,4,2016,,,,,0,0,0,2.68,0,2,2.0,0.0,0.42857142857142855,0.7867957924694432,0,0,0.50354344,0.7867957924694432,3.434748899119119,6.95955301441453,0.60425216,HIGH,6.35530085481904,91.31765849984947,CRITICAL,Urgent stock replenishment required
FOODS_1_003_CA_3_validation,FOODS_1_003,FOODS_1,FOODS,CA_3,CA,d_1911,0,2016-04-22,11612,Friday,7,4,2016,,,,,0,0,0,3.23,0,2,0.0,1.0,1.2857142857142858,1.3801311186847083,0,0,1.0447645,1.3801311186847083,6.024948132556826,13.338299763721377,1.2537174,HIGH,12.084582341236025,90.60062043368288,CRITICAL,Urgent stock replenishment required
FOODS_1_004_CA_2_validation,FOODS_1_004,FOODS_1,FOODS,CA_2,CA,d_1911,0,2016-04-22,11612,Friday,7,4,2016,,,,,0,0,0,1.96,0,2,0.0,0.0,0.0,0.0,0,0,0.269218,0.0,0.0,1.884526014328003,0.32306162,HIGH,1.56146439909935,82.85714217939027,CRITICAL,Urgent stock replenishment required
FOODS_1_002_WI_2_validation,FOODS_1_002,FOODS_1,FOODS,WI_2,WI,d_1911,0,2016-04-22,11612,Friday,7,4,2016,,,,,0,0,0,9.48,0,2,0.0,0.0,0.42857142857142855,0.5345224838248489,0,0,0.41082597,0.5345224838248489,2.3334523779156076,5.209234152436482,0.49299118,HIGH,4.716242973208653,90.536206190746,CRITICAL,Urgent stock replenishment required
FOODS_1_001_WI_3_validation,FOODS_1_001,FOODS_1,FOODS,WI_3,WI,d_1911,0,2016-04-22,11612,Friday,7,4,2016,,,,,0,0,0,2.24,0,2,0.0,0.0,0.14285714285714285,0.3779644730092273,0,0,0.42011037,0.3779644730092273,1.6500000000000004,4.590772533416748,0.50413245,HIGH,4.086640083789826,89.01857049206238,CRITICAL,Urgent stock replenishment required
FOODS_1_010_TX_1_validation,FOODS_1_010,FOODS_1,FOODS,TX_1,TX,d_1911,0,2016-04-22,11612,Friday,7,4,2016,,,,,0,0,0,6.27,0,2,3.0,1.0,1.1428571428571428,1.0690449676496974,0,0,0.83921814,1.0690449676496974,4.6669047558312124,10.541431733370274,1.0070618,HIGH,9.534369894266575,90.4466313061089,CRITICAL,Urgent stock replenishment required
FOODS_1_004_WI_2_validation,FOODS_1_004,FOODS_1,FOODS,WI_2,WI,d_1911,0,2016-04-22,11612,Friday,7,4,2016,,,,,0,0,0,1.96,0,2,0.0,0.0,0.0,7.389734084383283e-07,0,0,0.329304,7.389734084383283e-07,3.2259807759590005e-06,2.3051313235149555,0.39516482,HIGH,1.9099665059433155,82.85716681125668,CRITICAL,Urgent stock replenishment required
FOODS_1_006_CA_2_validation,FOODS_1_006,FOODS_1,FOODS,CA_2,CA,d_1911,0,2016-04-22,11612,Friday,7,4,2016,,,,,0,0,0,2.48,0,2,1.0,0.0,0.7142857142857143,1.1126972805283735,0,0,0.6809318,1.1126972805283735,4.8574684764803155,9.623990884012054,0.8171182,HIGH,8.806872656530212,91.50956981017836,CRITICAL,Urgent stock replenishment required
FOODS_1_011_TX_3_validation,FOODS_1_011,FOODS_1,FOODS,TX_3,TX,d_1911,0,2016-04-22,11612,Friday,7,4,2016,,,,,0,0,0,2.68,0,2,0.0,0.0,0.42857142857142855,0.7867957924694432,0,0,0.5101849,0.7867957924694432,3.434748899119119,7.00604320682786,0.6122219,HIGH,6.393821310179453,91.26151697078095,CRITICAL,Urgent stock replenishment required
FOODS_1_003_WI_2_validation,FOODS_1_003,FOODS_1,FOODS,WI_2,WI,d_1911,0,2016-04-22,11612,Friday,7,4,2016,,,,,0,0,0,3.23,0,2,0.0,0.0,0.0,0.0,0,0,0.0835081,0.0,0.0,0.5845566987991333,0.10020972,HIGH,0.48434697836637497,82.85714274789406,CRITICAL,Urgent stock replenishment required
FOODS_1_006_TX_1_validation,FOODS_1_006,FOODS_1,FOODS,TX_1,TX,d_1911,1,2016-04-22,11612,Friday,7,4,2016,,,,,0,0,0,2.48,0,2,2.0,0.0,0.2857142857142857,0.7559289460184544,0,0,0.45565215,0.7559289460184544,3.3,6.4895649433135985,0.5467826,HIGH,5.942782330513,91.57443345468073,CRITICAL,Urgent stock replenishment required
FOODS_1_003_WI_1_validation,FOODS_1_003,FOODS_1,FOODS,WI_1,WI,d_1911,2,2016-04-22,11612,Friday,7,4,2016,,,,,0,0,0,3.23,0,2,0.0,1.0,0.2857142857142857,0.48795003647426954,0,0,0.45537233,0.48795003647426954,2.130140840414092,5.317747175100371,0.5464468,HIGH,4.771300374868438,89.72409213453027,CRITICAL,Urgent stock replenishment required
FOODS_1_001_CA_2_validation,FOODS_1_001,FOODS_1,FOODS,CA_2,CA,d_1911,0,2016-04-22,11612,Friday,7,4,2016,,,,,0,0,0,2.24,0,2,1.0,0.0,3.0,5.033222956847166,0,0,1.2983892,5.033222956847166,21.972482790981996,31.061206927334535,1.5580671,HIGH,29.50313984397577,94.98388106101689,CRITICAL,Urgent stock replenishment required
FOODS_1_009_TX_1_validation,FOODS_1_009,FOODS_1,FOODS,TX_1,TX,d_1911,0,2016-04-22,11612,Friday,7,4,2016,,,,,0,0,0,2.24,0,2,0.0,0.0,0.0,0.0,0,0,0.12056109,0.0,0.0,0.8439276218414307,0.14467332,HIGH,0.6992543041706085,82.85714154548606,CRITICAL,Urgent stock replenishment required
FOODS_1_005_WI_1_validation,FOODS_1_005,FOODS_1,FOODS,WI_1,WI,d_1911,1,2016-04-22,11612,Friday,7,4,2016,,,,,0,0,0,3.54,0,2,0.0,4.0,2.7142857142857144,2.751622897751173,0,0,2.1405113,2.751622897751173,12.01218131731285,26.995759999258652,2.5686135,HIGH,24.42714647005333,90.48512237004678,CRITICAL,Urgent stock replenishment required
FOODS_1_002_CA_2_validation,FOODS_1_002,FOODS_1,FOODS,CA_2,CA,d_1911,1,2016-04-22,11612,Friday,7,4,2016,,,,,0,0,0,9.48,0,2,1.0,0.0,0.42857142857142855,0.7867957924694431,0,0,0.41082597,0.7867957924694431,3.4347488991191186,6.310530673639993,0.49299118,HIGH,5.817539494412164,92.18780155388318,CRITICAL,Urgent stock replenishment required
FOODS_1_005_TX_3_validation,FOODS_1_005,FOODS_1,FOODS,TX_3,TX,d_1911,0,2016-04-22,11612,Friday,7,4,2016,,,,,0,0,0,3.54,0,2,2.0,3.0,1.5714285714285714,0.9759000729485334,0,0,1.4834794,0.9759000729485334,4.260281680828159,14.644637225872104,1.7801753,HIGH,12.864461897617405,87.84418281724497,CRITICAL,Urgent stock replenishment required
FOODS_1_008_WI_1_validation,FOODS_1_008,FOODS_1,FOODS,WI_1,WI,d_1911,1,2016-04-22,11612,Friday,7,4,2016,,,,,0,0,0,3.54,0,2,0.0,0.0,0.14285714285714285,0.377964473009228,0,0,0.31438103,0.377964473009228,1.6500000000000032,3.850667142868045,0.37725726,HIGH,3.4734098851680786,90.20280788489605,CRITICAL,Urgent stock replenishment required
FOODS_1_001_TX_2_validation,FOODS_1_001,FOODS_1,FOODS,TX_2,TX,d_1911,0,2016-04-22,11612,Friday,7,4,2016,,,,,0,0,0,2.24,0,2,3.0,1.0,0.5714285714285714,1.1338934190276817,0,0,0.7022089,1.1338934190276817,4.95,9.865462017059325,0.8426507,HIGH,9.022811305522918,91.45857832021149,CRITICAL,Urgent stock replenishment required
FOODS_1_010_CA_3_validation,FOODS_1_010,FOODS_1,FOODS,CA_3,CA,d_1911,0,2016-04-22,11612,Friday,7,4,2016,,,,,0,0,0,5.64,0,2,0.0,0.0,0.42857142857142855,0.7867957924694438,0,0,0.43510816,0.7867957924694438,3.4347488991191213,6.480505954401714,0.52212983,HIGH,5.958376120703441,91.94306991811912,CRITICAL,Urgent stock replenishment required
FOODS_1_006_WI_1_validation,FOODS_1_006,FOODS_1,FOODS,WI_1,WI,d_1911,0,2016-04-22,11612,Friday,7,4,2016,,,,,0,0,0,2.48,0,2,1.0,1.0,1.8571428571428572,2.478478796128211,0,0,1.2936573,2.478478796128211,10.819773565098304,19.87537468509342,1.5523888,HIGH,18.322985897823827,92.18938605251105,CRITICAL,Urgent stock replenishment required
FOODS_1_009_CA_4_validation,FOODS_1_009,FOODS_1,FOODS,CA_4,CA,d_1911,0,2016-04-22,11612,Friday,7,4,2016,,,,,0,0,0,2.24,0,2,0.0,0.0,0.0,0.0,0,0,0.12056109,0.0,0.0,0.8439276218414307,0.14467332,HIGH,0.6992543041706085,82.85714154548606,CRITICAL,Urgent stock replenishment required
FOODS_1_001_CA_1_validation,FOODS_1_001,FOODS_1,FOODS,CA_1,CA,d_1911,1,2016-04-22,11612,Friday,7,4,2016,,,,,0,0,0,2.24,0,2,0.0,1.0,1.1428571428571428,1.4638501094227998,0,0,0.98552936,1.4638501094227998,6.390422521242238,13.289128003725148,1.1826353,HIGH,12.106492696413136,91.10073055974401,CRITICAL,Urgent stock replenishment required
FOODS_1_005_WI_3_validation,FOODS_1_005,FOODS_1,FOODS,WI_3,WI,d_1911,1,2016-04-22,11612,Friday,7,4,2016,,,,,0,0,0,3.54,0,2,1.0,1.0,2.0,1.4142135623730963,0,0,1.688835,1.4142135623730963,6.173734688177009,17.995579742803475,2.026602,HIGH,15.96897771300306,88.73833430895239,CRITICAL,Urgent stock replenishment required
FOODS_1_002_CA_1_validation,FOODS_1_002,FOODS_1,FOODS,CA_1,CA,d_1911,0,2016-04-22,11612,Friday,7,4,2016,,,,,0,0,0,9.48,0,2,1.0,1.0,1.1428571428571428,1.0690449676496976,0,0,0.8082814,1.0690449676496976,4.666904755831214,10.324874707460854,0.96993774,HIGH,9.354936965704415,90.60581586471405,CRITICAL,Urgent stock replenishment required
FOODS_1_009_CA_1_validation,FOODS_1_009,FOODS_1,FOODS,CA_1,CA,d_1911,0,2016-04-22,11612,Friday,7,4,2016,,,,,0,0,0,2.24,0,2,0.0,0.0,0.0,0.0,0,0,0.12056109,0.0,0.0,0.8439276218414307,0.14467332,HIGH,0.6992543041706085,82.85714154548606,CRITICAL,Urgent stock replenishment required
FOODS_1_002_WI_3_validation,FOODS_1_002,FOODS_1,FOODS,WI_3,WI,d_1911,0,2016-04-22,11612,Friday,7,4,2016,,,,,0,0,0,9.48,0,2,0.0,0.0,0.14285714285714285,0.37796447300922725,0,0,0.31334114,0.37796447300922725,1.65,3.843387985229492,0.37600937,HIGH,3.4673786103725432,90.21672086445633,CRITICAL,Urgent stock replenishment required
FOODS_1_006_TX_2_validation,FOODS_1_006,FOODS_1,FOODS,TX_2,TX,d_1911,2,2016-04-22,11612,Friday,7,4,2016,,,,,0,0,0,2.48,0,2,0.0,1.0,0.2857142857142857,0.4879500364742664,0,0,0.50979114,0.4879500364742664,2.1301408404140783,5.698678790929826,0.6117494,HIGH,5.086929380300553,89.26506593768805,CRITICAL,Urgent stock replenishment required
FOODS_1_005_CA_4_validation,FOODS_1_005,FOODS_1,FOODS,CA_4,CA,d_1911,2,2016-04-22,11612,Friday,7,4,2016,,,,,0,0,0,3.54,0,2,0.0,2.0,0.7142857142857143,1.112697280528373,0,0,0.8455105,1.112697280528373,4.857468476480314,10.776041855996915,1.0146127,HIGH,9.76142918128378,90.5845514682323,CRITICAL,Urgent stock replenishment required
FOODS_1_010_CA_1_validation,FOODS_1_010,FOODS_1,FOODS,CA_1,CA,d_1911,0,2016-04-22,11612,Friday,7,4,2016,,,,,0,0,0,5.64,0,2,0.0,0.0,0.0,0.0,0,0,0.09730765,0.0,0.0,0.6811535358428955,0.11676919,HIGH,0.5643843486905098,82.85714145080532,CRITICAL,Urgent stock replenishment required
FOODS_1_011_CA_1_validation,FOODS_1_011,FOODS_1,FOODS,CA_1,CA,d_1911,1,2016-04-22,11612,Friday,7,4,2016,,,,,0,0,0,2.68,0,2,0.0,0.0,1.5714285714285714,1.2724180205607039,0,0,1.2295158,1.2724180205607039,5.554727716099144,14.161338014255882,1.475419,HIGH,12.685918969761254,89.58135846337854,CRITICAL,Urgent stock replenishment required
FOODS_1_005_TX_2_validation,FOODS_1_005,FOODS_1,FOODS,TX_2,TX,d_1911,1,2016-04-22,11612,Friday,7,4,2016,,,,,0,0,0,3.54,0,2,2.0,3.0,1.2857142857142858,0.7559289460184535,0,0,1.1523554,0.7559289460184535,3.299999999999996,11.366488265991206,1.3828266,HIGH,9.98366169929504,87.83417943751708,CRITICAL,Urgent stock replenishment required
FOODS_1_004_CA_1_validation,FOODS_1_004,FOODS_1,FOODS,CA_1,CA,d_1911,0,2016-04-22,11612,Friday,7,4,2016,,,,,0,0,0,1.96,0,2,0.0,0.0,0.0,0.0,0,0,0.269218,0.0,0.0,1.884526014328003,0.32306162,HIGH,1.56146439909935,82.85714217939027,CRITICAL,Urgent stock replenishment required
FOODS_1_008_TX_3_validation,FOODS_1_008,FOODS_1,FOODS,TX_3,TX,d_1911,0,2016-04-22,11612,Friday,7,4,2016,,,,,0,0,0,3.54,0,2,0.0,0.0,0.5714285714285714,0.7867957924694432,0,0,0.5135611,0.7867957924694432,3.434748899119119,7.029676686899881,0.6162734,HIGH,6.413403283732157,91.23326106425097,CRITICAL,Urgent stock replenishment required
FOODS_1_009_WI_2_validation,FOODS_1_009,FOODS_1,FOODS,WI_2,WI,d_1911,0,2016-04-22,11612,Friday,7,4,2016,,,,,0,0,0,2.24,0,2,0.0,0.0,0.0,0.0,0,0,0.12056109,0.0,0.0,0.8439276218414307,0.14467332,HIGH,0.6992543041706085,82.85714154548606,CRITICAL,Urgent stock replenishment required
FOODS_1_005_CA_2_validation,FOODS_1_005,FOODS_1,FOODS,CA_2,CA,d_1911,3,2016-04-22,11612,Friday,7,4,2016,,,,,0,0,0,3.54,0,2,3.0,10.0,3.2857142857142856,3.039423504234849,0,0,3.0475802,3.039423504234849,13.26857188999631,34.60163310825803,3.6570964,HIGH,30.944536722302217,89.43085612602773,CRITICAL,Urgent stock replenishment required
FOODS_1_009_TX_2_validation,FOODS_1_009,FOODS_1,FOODS,TX_2,TX,d_1911,0,2016-04-22,11612,Friday,7,4,2016,,,,,0,0,0,2.24,0,2,0.0,0.0,0.0,0.0,0,0,0.12056109,0.0,0.0,0.8439276218414307,0.14467332,HIGH,0.6992543041706085,82.85714154548606,CRITICAL,Urgent stock replenishment required
FOODS_1_005_WI_2_validation,FOODS_1_005,FOODS_1,FOODS,WI_2,WI,d_1911,3,2016-04-22,11612,Friday,7,4,2016,,,,,0,0,0,3.54,0,2,1.0,1.0,2.0,1.4142135623730925,0,0,1.688835,1.4142135623730925,6.173734688176992,17.995579742803457,2.026602,HIGH,15.968977713003042,88.73833430895237,CRITICAL,Urgent stock replenishment required
FOODS_1_001_CA_3_validation,FOODS_1_001,FOODS_1,FOODS,CA_3,CA,d_1911,0,2016-04-22,11612,Friday,7,4,2016,,,,,0,0,0,2.24,0,2,0.0,1.0,1.8571428571428572,4.913538149119954,0,0,1.95663,4.913538149119954,21.45,35.146410179138186,2.3479562,HIGH,32.79845399856568,93.31949929280066,CRITICAL,Urgent stock replenishment required
FOODS_1_006_CA_1_validation,FOODS_1_006,FOODS_1,FOODS,CA_1,CA,d_1911,3,2016-04-22,11612,Friday,7,4,2016,,,,,0,0,0,2.48,0,2,1.0,3.0,1.4285714285714286,0.9759000729485323,0,0,1.3363765,0.9759000729485323,4.260281680828155,13.614917873149931,1.6036519,HIGH,12.011265991931975,88.22136206652756,CRITICAL,Urgent stock replenishment required
FOODS_1_008_CA_4_validation,FOODS_1_008,FOODS_1,FOODS,CA_4,CA,d_1911,0,2016-04-22,11612,Friday,7,4,2016,,,,,0,0,0,3.54,0,2,1.0,1.0,0.14285714285714285,0.3779644730092273,0,0,0.37676004,0.3779644730092273,1.6500000000000004,4.287320280075074,0.45211205,HIGH,3.835208231210709,89.45467053241826,CRITICAL,Urgent stock replenishment required
FOODS_1_011_TX_2_validation,FOODS_1_011,FOODS_1,FOODS,TX_2,TX,d_1911,1,2016-04-22,11612,Friday,7,4,2016,,,,,0,0,0,2.68,0,2,0.0,4.0,0.2857142857142857,0.48795003647426666,0,0,0.6394896,0.48795003647426666,2.1301408404140796,6.60656791866115,0.76738757,HIGH,5.839180349710497,88.38447468642437,CRITICAL,Urgent stock replenishment required
FOODS_1_009_CA_2_validation,FOODS_1_009,FOODS_1,FOODS,CA_2,CA,d_1911,0,2016-04-22,11612,Friday,7,4,2016,,,,,0,0,0,2.24,0,2,0.0,0.0,0.0,0.0,0,0,0.12056109,0.0,0.0,0.8439276218414307,0.14467332,HIGH,0.6992543041706085,82.85714154548606,CRITICAL,Urgent stock replenishment required
FOODS_1_001_CA_4_validation,FOODS_1_001,FOODS_1,FOODS,CA_4,CA,d_1911,1,2016-04-22,11612,Friday,7,4,2016,,,,,0,0,0,2.24,0,2,0.0,0.0,0.2857142857142857,0.7559289460184545,0,0,0.5125748,0.7559289460184545,3.3,6.8880236625671385,0.6150898,HIGH,6.272933888435364,91.0701559073545,CRITICAL,Urgent stock replenishment required
FOODS_1_008_CA_2_validation,FOODS_1_008,FOODS_1,FOODS,CA_2,CA,d_1911,0,2016-04-22,11612,Friday,7,4,2016,,,,,0,0,0,3.54,0,2,0.0,0.0,0.2857142857142857,0.7559289460184545,0,0,0.40311542,0.7559289460184545,3.3,6.121807861328125,0.4837385,HIGH,5.638069349527359,92.09811018642753,CRITICAL,Urgent stock replenishment required
FOODS_1_010_CA_2_validation,FOODS_1_010,FOODS_1,FOODS,CA_2,CA,d_1911,0,2016-04-22,11612,Friday,7,4,2016,,,,,0,0,0,5.64,0,2,0.0,0.0,0.2857142857142857,0.48795003647426666,0,0,0.37037605,0.48795003647426666,2.1301408404140796,4.7227731341152515,0.44445127,HIGH,4.278321861627611,90.58918860029252,CRITICAL,Urgent stock replenishment required
FOODS_1_001_WI_1_validation,FOODS_1_001,FOODS_1,FOODS,WI_1,WI,d_1911,0,2016-04-22,11612,Friday,7,4,2016,,,,,0,0,0,2.24,0,2,0.0,2.0,0.42857142857142855,0.7867957924694432,0,0,0.7184103,0.7867957924694432,3.434748899119119,8.46362091221116,0.86209244,HIGH,7.601528476851206,89.8141416740896,CRITICAL,Urgent stock replenishment required
FOODS_1_011_CA_3_validation,FOODS_1_011,FOODS_1,FOODS,CA_3,CA,d_1911,0,2016-04-22,11612,Friday,7,4,2016,,,,,0,0,0,2.68,0,2,2.0,1.0,1.4285714285714286,1.3972762620115415,0,0,1.1650649,1.3972762620115415,6.09979507852517,14.255249714145286,1.398078,HIGH,12.857171749362571,90.19253964105994,CRITICAL,Urgent stock replenishment required
FOODS_1_010_WI_2_validation,FOODS_1_010,FOODS_1,FOODS,WI_2,WI,d_1911,0,2016-04-22,11612,Friday,7,4,2016,,,,,0,0,0,6.77,0,2,0.0,1.0,0.0,0.0,0,0,0.2025236,0.0,0.0,1.4176652431488037,0.24302833,HIGH,1.1746369153261185,82.85714282711126,CRITICAL,Urgent stock replenishment required
FOODS_1_009_WI_3_validation,FOODS_1_009,FOODS_1,FOODS,WI_3,WI,d_1911,0,2016-04-22,11612,Friday,7,4,2016,,,,,0,0,0,2.24,0,2,0.0,0.0,0.0,0.0,0,0,0.12056109,0.0,0.0,0.8439276218414307,0.14467332,HIGH,0.6992543041706085,82.85714154548606,CRITICAL,Urgent stock replenishment required
FOODS_1_003_WI_2_validation,FOODS_1_003,FOODS_1,FOODS,WI_2,WI,d_1912,0,2016-04-23,11613,Saturday,1,4,2016,,,,,0,0,0,3.23,1,2,0.0,0.0,0.0,0.0,0,0,0.10745875,0.0,0.0,0.7522112131118774,0.1289505,HIGH,0.6232607066631317,82.85714115915914,CRITICAL,Urgent stock replenishment required
FOODS_1_011_WI_2_validation,FOODS_1_011,FOODS_1,FOODS,WI_2,WI,d_1912,2,2016-04-23,11613,Saturday,1,4,2016,,,,,0,0,0,2.68,1,2,0.0,0.0,0.7142857142857143,1.2535663410560174,0,0,0.72027683,1.2535663410560174,5.4724309040864085,10.514368732150373,0.86433226,HIGH,9.650036473449049,91.77951353314815,CRITICAL,Urgent stock replenishment required
FOODS_1_002_WI_2_validation,FOODS_1_002,FOODS_1,FOODS,WI_2,WI,d_1912,0,2016-04-23,11613,Saturday,1,4,2016,,,,,0,0,0,9.48,1,2,0.0,0.0,0.42857142857142855,0.5345224838248489,0,0,0.45423946,0.5345224838248489,2.3334523779156076,5.51312867224239,0.5450874,HIGH,4.9680412751438485,90.1129208203872,CRITICAL,Urgent stock replenishment required
FOODS_1_006_CA_3_validation,FOODS_1_006,FOODS_1,FOODS,CA_3,CA,d_1912,0,2016-04-23,11613,Saturday,1,4,2016,,,,,0,0,0,2.48,1,2,3.0,2.0,1.2857142857142858,1.3801311186847092,0,0,1.2763022,1.3801311186847092,6.02494813255683,14.959063542407904,1.5315627,HIGH,13.427500856441412,89.76164061590742,CRITICAL,Urgent stock replenishment required
FOODS_1_002_WI_1_validation,FOODS_1_002,FOODS_1,FOODS,WI_1,WI,d_1912,1,2016-04-23,11613,Saturday,1,4,2016,,,,,0,0,0,9.48,1,2,2.0,1.0,1.4285714285714286,0.786795792469444,0,0,0.97196394,0.786795792469444,3.4347488991191226,10.238496553080305,1.1663568,HIGH,9.07213975109361,88.60812428914878,CRITICAL,Urgent stock replenishment required
FOODS_1_006_CA_4_validation,FOODS_1_006,FOODS_1,FOODS,CA_4,CA,d_1912,0,2016-04-23,11613,Saturday,1,4,2016,,,,,0,0,0,2.48,1,2,2.0,5.0,0.7142857142857143,0.9511897312113428,0,0,1.2525867,0.9511897312113428,4.152408939398916,12.920516353644523,1.5031041,HIGH,11.41741226295391,88.36653234631271,CRITICAL,Urgent stock replenishment required
FOODS_1_006_TX_1_validation,FOODS_1_006,FOODS_1,FOODS,TX_1,TX,d_1912,3,2016-04-23,11613,Saturday,1,4,2016,,,,,0,0,0,2.48,1,2,0.0,1.0,0.14285714285714285,0.37796447300922725,0,0,0.44693407,0.37796447300922725,1.65,4.778538608551026,0.5363209,HIGH,4.242217683792115,88.7764655955864,CRITICAL,Urgent stock replenishment required
FOODS_1_002_TX_3_validation,FOODS_1_002,FOODS_1,FOODS,TX_3,TX,d_1912,0,2016-04-23,11613,Saturday,1,4,2016,,,,,0,0,0,9.48,1,2,0.0,0.0,0.42857142857142855,0.7867957924694432,0,0,0.45423946,0.7867957924694432,3.434748899119119,6.614425193445902,0.5450874,HIGH,6.0693377963473605,91.75911162108754,CRITICAL,Urgent stock replenishment required
FOODS_1_006_TX_2_validation,FOODS_1_006,FOODS_1,FOODS,TX_2,TX,d_1912,0,2016-04-23,11613,Saturday,1,4,2016,,,,,0,0,0,2.48,1,2,1.0,1.0,0.5714285714285714,0.7867957924694432,0,0,0.7457123,0.7867957924694432,3.434748899119119,8.654734861033182,0.8948548,HIGH,7.759880077021341,89.6605176428823,CRITICAL,Urgent stock replenishment required
FOODS_1_006_TX_3_validation,FOODS_1_006,FOODS_1,FOODS,TX_3,TX,d_1912,0,2016-04-23,11613,Saturday,1,4,2016,,,,,0,0,0,2.48,1,2,1.0,1.0,0.42857142857142855,0.7867957924694435,0,0,0.6805604,0.7867957924694435,3.434748899119121,8.198671590464336,0.8166725,HIGH,7.3819990865161245,90.03896552097461,CRITICAL,Urgent stock replenishment required
FOODS_1_002_TX_2_validation,FOODS_1_002,FOODS_1,FOODS,TX_2,TX,d_1912,0,2016-04-23,11613,Saturday,1,4,2016,,,,,0,0,0,9.48,1,2,0.0,1.0,0.0,0.0,0,0,0.24241905,0.0,0.0,1.696933388710022,0.29090288,HIGH,1.4060305058956146,82.85714190375225,CRITICAL,Urgent stock replenishment required
FOODS_1_006_WI_1_validation,FOODS_1_006,FOODS_1,FOODS,WI_1,WI,d_1912,1,2016-04-23,11613,Saturday,1,4,2016,,,,,0,0,0,2.48,1,2,0.0,0.0,1.7142857142857142,2.5634797778466236,0,0,1.2631811,2.5634797778466236,11.190844472156694,20.033112462269,1.5158174,HIGH,18.517295058475664,92.43344035207572,CRITICAL,Urgent stock replenishment required
FOODS_1_006_WI_2_validation,FOODS_1_006,FOODS_1,FOODS,WI_2,WI,d_1912,3,2016-04-23,11613,Saturday,1,4,2016,,,,,0,0,0,2.48,1,2,3.0,1.0,1.7142857142857142,2.5634797778466205,0,0,1.3240205,2.5634797778466205,11.190844472156682,20.458988126026313,1.5888246,HIGH,18.870163496242682,92.23409965343079,CRITICAL,Urgent stock replenishment required
FOODS_1_002_TX_1_validation,FOODS_1_002,FOODS_1,FOODS,TX_1,TX,d_1912,0,2016-04-23,11613,Saturday,1,4,2016,,,,,0,0,0,9.48,1,2,1.0,0.0,0.14285714285714285,0.3779644730092273,0,0,0.33905977,0.3779644730092273,1.6500000000000004,4.023418331146241,0.40687174,HIGH,3.6165465950965885,89.88741158482176,CRITICAL,Urgent stock replenishment required
FOODS_1_006_WI_3_validation,FOODS_1_006,FOODS_1,FOODS,WI_3,WI,d_1912,0,2016-04-23,11613,Saturday,1,4,2016,,,,,0,0,0,2.48,1,2,0.0,0.0,0.7142857142857143,1.1126972805283681,0,0,0.7537652,1.1126972805283681,4.8574684764802925,10.133825173562812,0.9045183,HIGH,9.229306867307471,91.07426573121616,CRITICAL,Urgent stock replenishment required
FOODS_1_008_CA_1_validation,FOODS_1_008,FOODS_1,FOODS,CA_1,CA,d_1912,0,2016-04-23,11613,Saturday,1,4,2016,,,,,0,0,0,3.54,1,2,1.0,2.0,0.14285714285714285,0.37796447300922725,0,0,0.4510485,0.37796447300922725,1.65,4.8073395729064945,0.5412582,HIGH,4.266081357002259,88.74100304969733,CRITICAL,Urgent stock replenishment required
FOODS_1_002_CA_4_validation,FOODS_1_002,FOODS_1,FOODS,CA_4,CA,d_1912,0,2016-04-23,11613,Saturday,1,4,2016,,,,,0,0,0,9.48,1,2,0.0,1.0,0.0,0.0,0,0,0.24241905,0.0,0.0,1.696933388710022,0.29090288,HIGH,1.4060305058956146,82.85714190375225,CRITICAL,Urgent stock replenishment required
FOODS_1_008_CA_2_validation,FOODS_1_008,FOODS_1,FOODS,CA_2,CA,d_1912,1,2016-04-23,11613,Saturday,1,4,2016,,,,,0,0,0,3.54,1,2,2.0,0.0,0.2857142857142857,0.7559289460184545,0,0,0.45640025,0.7559289460184545,3.3,6.494801807403564,0.5476803,HIGH,5.947121489048004,91.56740521733477,CRITICAL,Urgent stock replenishment required
FOODS_1_008_CA_4_validation,FOODS_1_008,FOODS_1,FOODS,CA_4,CA,d_1912,0,2016-04-23,11613,Saturday,1,4,2016,,,,,0,0,0,3.54,1,2,0.0,0.0,0.0,0.0,0,0,0.15369608,0.0,0.0,1.075872540473938,0.1844353,HIGH,0.8914372473955154,82.85714281757056,CRITICAL,Urgent stock replenishment required
FOODS_1_008_TX_1_validation,FOODS_1_008,FOODS_1,FOODS,TX_1,TX,d_1912,0,2016-04-23,11613,Saturday,1,4,2016,,,,,0,0,0,3.54,1,2,0.0,0.0,0.0,0.0,0,0,0.15369608,0.0,0.0,1.075872540473938,0.1844353,HIGH,0.8914372473955154,82.85714281757056,CRITICAL,Urgent stock replenishment required
FOODS_1_002_CA_3_validation,FOODS_1_002,FOODS_1,FOODS,CA_3,CA,d_1912,1,2016-04-23,11613,Saturday,1,4,2016,,,,,0,0,0,9.48,1,2,0.0,3.0,0.2857142857142857,0.4879500364742667,0,0,0.58907974,0.4879500364742667,2.1301408404140796,6.253698884847673,0.7068957,HIGH,5.546803175809893,88.69635839438088,CRITICAL,Urgent stock replenishment required
FOODS_1_008_TX_2_validation,FOODS_1_008,FOODS_1,FOODS,TX_2,TX,d_1912,0,2016-04-23,11613,Saturday,1,4,2016,,,,,0,0,0,3.54,1,2,0.0,0.0,0.2857142857142857,0.48795003647426666,0,0,0.4174434,0.48795003647426666,2.1301408404140796,5.052244722250017,0.5009321,HIGH,4.5513126248150195,90.08495975602885,CRITICAL,Urgent stock replenishment required
FOODS_1_008_TX_3_validation,FOODS_1_008,FOODS_1,FOODS,TX_3,TX,d_1912,0,2016-04-23,11613,Saturday,1,4,2016,,,,,0,0,0,3.54,1,2,0.0,0.0,0.5714285714285714,0.7867957924694432,0,0,0.5855705,0.7867957924694432,3.434748899119119,7.533742677347879,0.70268464,HIGH,6.83105803646348,90.67283459259632,CRITICAL,Urgent stock replenishment required
FOODS_1_008_WI_1_validation,FOODS_1_008,FOODS_1,FOODS,WI_1,WI,d_1912,0,2016-04-23,11613,Saturday,1,4,2016,,,,,0,0,0,3.54,1,2,1.0,3.0,0.2857142857142857,0.4879500364742671,0,0,0.6262065,0.4879500364742671,2.1301408404140814,6.513586580160175,0.75144786,HIGH,5.762138723733936,88.46337809164793,CRITICAL,Urgent stock replenishment required
FOODS_1_002_CA_2_validation,FOODS_1_002,FOODS_1,FOODS,CA_2,CA,d_1912,1,2016-04-23,11613,Saturday,1,4,2016,,,,,0,0,0,9.48,1,2,2.0,1.0,0.42857142857142855,0.7867957924694431,0,0,0.5128795,0.7867957924694431,3.4347488991191186,7.0249054542949,0.6154554,HIGH,6.409450065272073,91.23895128515149,CRITICAL,Urgent stock replenishment required
FOODS_1_008_WI_2_validation,FOODS_1_008,FOODS_1,FOODS,WI_2,WI,d_1912,0,2016-04-23,11613,Saturday,1,4,2016,,,,,0,0,0,3.54,1,2,0.0,0.0,0.14285714285714285,0.37796447300922725,0,0,0.34283984,0.37796447300922725,1.65,4.049878978729248,0.41140783,HIGH,3.6384711503982547,89.84147846165806,CRITICAL,Urgent stock replenishment required
FOODS_1_008_WI_3_validation,FOODS_1_008,FOODS_1,FOODS,WI_3,WI,d_1912,0,2016-04-23,11613,Saturday,1,4,2016,,,,,0,0,0,3.54,1,2,1.0,0.0,0.2857142857142857,0.48795003647426666,0,0,0.42076075,0.48795003647426666,2.1301408404140796,5.075466215017351,0.5049129,HIGH,4.5705533021717395,90.05189097010104,CRITICAL,Urgent stock replenishment required
FOODS_1_009_CA_1_validation,FOODS_1_009,FOODS_1,FOODS,CA_1,CA,d_1912,0,2016-04-23,11613,Saturday,1,4,2016,,,,,0,0,0,2.24,1,2,0.0,0.0,0.0,0.0,0,0,0.14763719,0.0,0.0,1.0334603786468506,0.17716463,HIGH,0.8562957495450974,82.85714355748,CRITICAL,Urgent stock replenishment required
FOODS_1_002_CA_1_validation,FOODS_1_002,FOODS_1,FOODS,CA_1,CA,d_1912,0,2016-04-23,11613,Saturday,1,4,2016,,,,,0,0,0,9.48,1,2,3.0,0.0,1.0,1.1547005383792515,0,0,0.71350497,1.1547005383792515,5.0408332644514235,10.035368233781258,0.856206,HIGH,9.17916223393003,91.46811576909506,CRITICAL,Urgent stock replenishment required
FOODS_1_009_CA_2_validation,FOODS_1_009,FOODS_1,FOODS,CA_2,CA,d_1912,0,2016-04-23,11613,Saturday,1,4,2016,,,,,0,0,0,2.24,1,2,0.0,0.0,0.0,0.0,0,0,0.14763719,0.0,0.0,1.0334603786468506,0.17716463,HIGH,0.8562957495450974,82.85714355748,CRITICAL,Urgent stock replenishment required
FOODS_1_009_CA_3_validation,FOODS_1_009,FOODS_1,FOODS,CA_3,CA,d_1912,0,2016-04-23,11613,Saturday,1,4,2016,,,,,0,0,0,2.24,1,2,0.0,0.0,0.0,0.0,0,0,0.14763719,0.0,0.0,1.0334603786468506,0.17716463,HIGH,0.8562957495450974,82.85714355748,CRITICAL,Urgent stock replenishment required
FOODS_1_006_CA_2_validation,FOODS_1_006,FOODS_1,FOODS,CA_2,CA,d_1912,1,2016-04-23,11613,Saturday,1,4,2016,,,,,0,0,0,2.48,1,2,0.0,0.0,0.5714285714285714,1.1338934190276815,0,0,0.64202225,1.1338934190276815,4.949999999999999,9.444155883789062,0.77042675,HIGH,8.673729133605956,91.84229104577206,CRITICAL,Urgent stock replenishment required
FOODS_1_009_CA_4_validation,FOODS_1_009,FOODS_1,FOODS,CA_4,CA,d_1912,0,2016-04-23,11613,Saturday,1,4,2016,,,,,0,0,0,2.24,1,2,0.0,0.0,0.0,0.0,0,0,0.14763719,0.0,0.0,1.0334603786468506,0.17716463,HIGH,0.8562957495450974,82.85714355748,CRITICAL,Urgent stock replenishment required
FOODS_1_006_CA_1_validation,FOODS_1_006,FOODS_1,FOODS,CA_1,CA,d_1912,2,2016-04-23,11613,Saturday,1,4,2016,,,,,0,0,0,2.48,1,2,3.0,0.0,1.7142857142857142,1.112697280528373,0,0,1.4659264,1.112697280528373,4.857468476480314,15.118953576272794,1.7591118,HIGH,13.35984181422598,88.36485770544658,CRITICAL,Urgent stock replenishment required
FOODS_1_005_WI_3_validation,FOODS_1_005,FOODS_1,FOODS,WI_3,WI,d_1912,1,2016-04-23,11613,Saturday,1,4,2016,,,,,0,0,0,3.54,1,2,2.0,2.0,2.0,1.4142135623730963,0,0,1.9115394,1.4142135623730963,6.173734688177009,19.554511093511483,2.2938473,HIGH,17.260663771047493,88.26947239184555,CRITICAL,Urgent stock replenishment required
FOODS_1_003_WI_3_validation,FOODS_1_003,FOODS_1,FOODS,WI_3,WI,d_1912,0,2016-04-23,11613,Saturday,1,4,2016,,,,,0,0,0,3.23,1,2,1.0,0.0,0.14285714285714285,0.37796447300922725,0,0,0.34598064,0.37796447300922725,1.65,4.07186450958252,0.41517678,HIGH,3.6566877305507663,89.80376733914653,CRITICAL,Urgent stock replenishment required
FOODS_1_004_CA_1_validation,FOODS_1_004,FOODS_1,FOODS,CA_1,CA,d_1912,0,2016-04-23,11613,Saturday,1,4,2016,,,,,0,0,0,1.96,1,2,0.0,0.0,0.0,0.0,0,0,0.65725195,0.0,0.0,4.60076379776001,0.78870237,HIGH,3.8120614290237427,82.85714278311211,CRITICAL,Urgent stock replenishment required
FOODS_1_004_CA_2_validation,FOODS_1_004,FOODS_1,FOODS,CA_2,CA,d_1912,0,2016-04-23,11613,Saturday,1,4,2016,,,,,0,0,0,1.96,1,2,0.0,0.0,0.0,0.0,0,0,0.65725195,0.0,0.0,4.60076379776001,0.78870237,HIGH,3.8120614290237427,82.85714278311211,CRITICAL,Urgent stock replenishment required
FOODS_1_003_WI_1_validation,FOODS_1_003,FOODS_1,FOODS,WI_1,WI,d_1912,2,2016-04-23,11613,Saturday,1,4,2016,,,,,0,0,0,3.23,1,2,1.0,2.0,0.5714285714285714,0.7867957924694445,0,0,0.8056106,0.7867957924694445,3.434748899119125,9.074023019449935,0.96673274,HIGH,8.107290279047714,89.34615067285972,CRITICAL,Urgent stock replenishment required
FOODS_1_004_CA_3_validation,FOODS_1_004,FOODS_1,FOODS,CA_3,CA,d_1912,0,2016-04-23,11613,Saturday,1,4,2016,,,,,0,0,0,1.5,1,2,0.0,0.0,0.0,0.0,0,0,0.5827271,0.0,0.0,4.079089641571045,0.6992725,HIGH,3.3798171281814575,82.85714277364433,CRITICAL,Urgent stock replenishment required
FOODS_1_004_CA_4_validation,FOODS_1_004,FOODS_1,FOODS,CA_4,CA,d_1912,0,2016-04-23,11613,Saturday,1,4,2016,,,,,0,0,0,1.96,1,2,0.0,0.0,0.0,0.0,0,0,0.65725195,0.0,0.0,4.60076379776001,0.78870237,HIGH,3.8120614290237427,82.85714278311211,CRITICAL,Urgent stock replenishment required
FOODS_1_004_TX_1_validation,FOODS_1_004,FOODS_1,FOODS,TX_1,TX,d_1912,0,2016-04-23,11613,Saturday,1,4,2016,,,,,0,0,0,1.96,1,2,0.0,0.0,0.0,0.0,0,0,0.65725195,0.0,0.0,4.60076379776001,0.78870237,HIGH,3.8120614290237427,82.85714278311211,CRITICAL,Urgent stock replenishment required
FOODS_1_003_TX_3_validation,FOODS_1_003,FOODS_1,FOODS,TX_3,TX,d_1912,0,2016-04-23,11613,Saturday,1,4,2016,,,,,0,0,0,3.23,1,2,0.0,0.0,0.0,0.0,0,0,0.10745875,0.0,0.0,0.7522112131118774,0.1289505,HIGH,0.6232607066631317,82.85714115915914,CRITICAL,Urgent stock replenishment required
FOODS_1_004_TX_2_validation,FOODS_1_004,FOODS_1,FOODS,TX_2,TX,d_1912,0,2016-04-23,11613,Saturday,1,4,2016,,,,,0,0,0,1.96,1,2,0.0,0.0,0.0,0.0,0,0,0.65725195,0.0,0.0,4.60076379776001,0.78870237,HIGH,3.8120614290237427,82.85714278311211,CRITICAL,Urgent stock replenishment required
FOODS_1_004_TX_3_validation,FOODS_1_004,FOODS_1,FOODS,TX_3,TX,d_1912,0,2016-04-23,11613,Saturday,1,4,2016,,,,,0,0,0,1.96,1,2,0.0,0.0,0.0,0.0,0,0,0.65725195,0.0,0.0,4.60076379776001,0.78870237,HIGH,3.8120614290237427,82.85714278311211,CRITICAL,Urgent stock replenishment required
FOODS_1_004_WI_1_validation,FOODS_1_004,FOODS_1,FOODS,WI_1,WI,d_1912,0,2016-04-23,11613,Saturday,1,4,2016,,,,,0,0,0,1.96,1,2,0.0,0.0,0.0,0.0,0,0,0.65725195,0.0,0.0,4.60076379776001,0.78870237,HIGH,3.8120614290237427,82.85714278311211,CRITICAL,Urgent stock replenishment required
FOODS_1_004_WI_2_validation,FOODS_1_004,FOODS_1,FOODS,WI_2,WI,d_1912,0,2016-04-23,11613,Saturday,1,4,2016,,,,,0,0,0,1.96,1,2,0.0,0.0,0.0,7.389734084383283e-07,0,0,0.6705396,7.389734084383283e-07,3.2259807759590005e-06,4.693780310331362,0.80464756,HIGH,3.8891327454433613,82.85715326051987,CRITICAL,Urgent stock replenishment required
FOODS_1_003_TX_2_validation,FOODS_1_003,FOODS_1,FOODS,TX_2,TX,d_1912,2,2016-04-23,11613,Saturday,1,4,2016,,,,,0,0,0,3.23,1,2,0.0,0.0,0.14285714285714285,0.37796447300922725,0,0,0.3426633,0.37796447300922725,1.65,4.048643016815186,0.41119596,HIGH,3.6374470531940464,89.84361026859311,CRITICAL,Urgent stock replenishment required
FOODS_1_004_WI_3_validation,FOODS_1_004,FOODS_1,FOODS,WI_3,WI,d_1912,0,2016-04-23,11613,Saturday,1,4,2016,,,,,0,0,0,1.96,1,2,0.0,0.0,0.0,4.272243734249905e-07,0,0,0.6308979,4.272243734249905e-07,1.8650435860780626e-06,4.416286903037971,0.7570775,HIGH,3.6592093879126963,82.85714828435444,CRITICAL,Urgent stock replenishment required
FOODS_1_005_CA_1_validation,FOODS_1_005,FOODS_1,FOODS,CA_1,CA,d_1912,4,2016-04-23,11613,Saturday,1,4,2016,,,,,0,0,0,3.54,1,2,1.0,2.0,1.2857142857142858,0.755928946018442,0,0,1.211471,0.755928946018442,3.299999999999945,11.780297088622993,1.4537652,HIGH,10.326531934738105,87.65935066876298,CRITICAL,Urgent stock replenishment required
FOODS_1_003_TX_1_validation,FOODS_1_003,FOODS_1,FOODS,TX_1,TX,d_1912,0,2016-04-23,11613,Saturday,1,4,2016,,,,,0,0,0,3.23,1,2,0.0,2.0,0.14285714285714285,0.37796447300922725,0,0,0.47167137,0.37796447300922725,1.65,4.9516996383667,0.56600565,HIGH,4.385693991184235,88.56946728357782,CRITICAL,Urgent stock replenishment required
FOODS_1_005_CA_2_validation,FOODS_1_005,FOODS_1,FOODS,CA_2,CA,d_1912,9,2016-04-23,11613,Saturday,1,4,2016,,,,,0,0,0,3.54,1,2,2.0,7.0,3.2857142857142856,3.039423504234849,0,0,3.615135,3.039423504234849,13.26857188999631,38.57451633274533,4.338162,HIGH,34.236354387402315,88.7538137667836,CRITICAL,Urgent stock replenishment required
FOODS_1_005_CA_3_validation,FOODS_1_005,FOODS_1,FOODS,CA_3,CA,d_1912,11,2016-04-23,11613,Saturday,1,4,2016,,,,,0,0,0,3.54,1,2,2.0,6.0,1.0,1.1547005383792504,0,0,1.4676336,1.1547005383792504,5.040833264451418,15.314268857102785,1.7611604,HIGH,13.553108483415041,88.49987296082428,CRITICAL,Urgent stock replenishment required
FOODS_1_003_CA_4_validation,FOODS_1_003,FOODS_1,FOODS,CA_4,CA,d_1912,0,2016-04-23,11613,Saturday,1,4,2016,,,,,0,0,0,3.23,1,2,0.0,0.0,0.42857142857142855,0.5345224838248488,0,0,0.52421016,0.5345224838248488,2.333452377915607,6.0029234033825265,0.6290522,HIGH,5.373871181607472,89.52090207546883,CRITICAL,Urgent stock replenishment required
FOODS_1_005_CA_4_validation,FOODS_1_005,FOODS_1,FOODS,CA_4,CA,d_1912,1,2016-04-23,11613,Saturday,1,4,2016,,,,,0,0,0,3.54,1,2,3.0,6.0,1.0,1.1547005383792512,0,0,1.4675647,1.1547005383792512,5.040833264451423,15.313786297898687,1.7610778,HIGH,13.552708536248602,88.50005003732007,CRITICAL,Urgent stock replenishment required
FOODS_1_005_TX_1_validation,FOODS_1_005,FOODS_1,FOODS,TX_1,TX,d_1912,1,2016-04-23,11613,Saturday,1,4,2016,,,,,0,0,0,3.54,1,2,0.0,2.0,0.7142857142857143,1.1126972805283737,0,0,0.9483648,1.1126972805283737,4.857468476480316,11.496022095865083,1.1380378,HIGH,10.357984295076204,90.10059487274114,CRITICAL,Urgent stock replenishment required
FOODS_1_003_CA_3_validation,FOODS_1_003,FOODS_1,FOODS,CA_3,CA,d_1912,4,2016-04-23,11613,Saturday,1,4,2016,,,,,0,0,0,3.23,1,2,1.0,1.0,1.2857142857142858,1.3801311186847083,0,0,1.1899177,1.3801311186847083,6.024948132556826,14.354372036975771,1.4279013,HIGH,12.9264707689704,90.05249923628003,CRITICAL,Urgent stock replenishment required
FOODS_1_005_TX_2_validation,FOODS_1_005,FOODS_1,FOODS,TX_2,TX,d_1912,2,2016-04-23,11613,Saturday,1,4,2016,,,,,0,0,0,3.54,1,2,1.0,4.0,1.1428571428571428,0.690065559342353,0,0,1.3162973,0.690065559342353,3.0124740662784086,12.226554876825283,1.5795568,HIGH,10.646998054048488,87.0809329472626,CRITICAL,Urgent stock replenishment required
FOODS_1_003_CA_2_validation,FOODS_1_003,FOODS_1,FOODS,CA_2,CA,d_1912,2,2016-04-23,11613,Saturday,1,4,2016,,,,,0,0,0,3.23,1,2,0.0,1.0,0.5714285714285714,0.5345224838248498,0,0,0.6835879,0.5345224838248498,2.3334523779156116,7.118567619920006,0.8203055,HIGH,6.298262093663444,88.47653671279195,CRITICAL,Urgent stock replenishment required
FOODS_1_005_TX_3_validation,FOODS_1_005,FOODS_1,FOODS,TX_3,TX,d_1912,0,2016-04-23,11613,Saturday,1,4,2016,,,,,0,0,0,3.54,1,2,1.0,4.0,1.2857142857142858,1.1126972805283735,0,0,1.513611,1.1126972805283735,4.8574684764803155,15.452745309060882,1.8163332,HIGH,13.636412134355377,88.24588680924884,CRITICAL,Urgent stock replenishment required
FOODS_1_005_WI_1_validation,FOODS_1_005,FOODS_1,FOODS,WI_1,WI,d_1912,5,2016-04-23,11613,Saturday,1,4,2016,,,,,0,0,0,3.54,1,2,0.0,8.0,2.857142857142857,2.6095064302514754,0,0,3.1698763,2.6095064302514754,11.39177334746438,33.5809079452427,3.8038518,HIGH,29.77705610236245,88.67257594975443,CRITICAL,Urgent stock replenishment required
FOODS_1_003_CA_1_validation,FOODS_1_003,FOODS_1,FOODS,CA_1,CA,d_1912,1,2016-04-23,11613,Saturday,1,4,2016,,,,,0,0,0,3.23,1,2,0.0,1.0,0.7142857142857143,0.7559289460184548,0,0,0.7761494,0.7559289460184548,3.3000000000000016,8.733045864105225,0.9313793,HIGH,7.801666545867921,89.33500026530855,CRITICAL,Urgent stock replenishment required
FOODS_1_011_WI_3_validation,FOODS_1_011,FOODS_1,FOODS,WI_3,WI,d_1912,0,2016-04-23,11613,Saturday,1,4,2016,,,,,0,0,0,2.68,1,2,0.0,0.0,0.14285714285714285,0.37796447300922725,0,0,0.3846669,0.37796447300922725,1.65,4.342668199539185,0.46160027,HIGH,3.881067925691605,89.37058387521843,CRITICAL,Urgent stock replenishment required
FOODS_1_005_WI_2_validation,FOODS_1_005,FOODS_1,FOODS,WI_2,WI,d_1912,4,2016-04-23,11613,Saturday,1,4,2016,,,,,0,0,0,3.54,1,2,2.0,4.0,2.2857142857142856,1.3801311186847063,0,0,2.4154186,1.3801311186847063,6.024948132556818,22.932878506702327,2.8985023,HIGH,20.03437615684881,87.36093094895871,CRITICAL,Urgent stock replenishment required
FOODS_1_002_WI_3_validation,FOODS_1_002,FOODS_1,FOODS,WI_3,WI,d_1912,0,2016-04-23,11613,Saturday,1,4,2016,,,,,0,0,0,9.48,1,2,1.0,0.0,0.14285714285714285,0.37796447300922725,0,0,0.33905977,0.37796447300922725,1.65,4.023418331146241,0.40687174,HIGH,3.6165465950965885,89.88741158482176,CRITICAL,Urgent stock replenishment required
FOODS_1_009_TX_1_validation,FOODS_1_009,FOODS_1,FOODS,TX_1,TX,d_1912,0,2016-04-23,11613,Saturday,1,4,2016,,,,,0,0,0,2.24,1,2,0.0,0.0,0.0,0.0,0,0,0.14763719,0.0,0.0,1.0334603786468506,0.17716463,HIGH,0.8562957495450974,82.85714355748,CRITICAL,Urgent stock replenishment required
FOODS_1_008_CA_3_validation,FOODS_1_008,FOODS_1,FOODS,CA_3,CA,d_1912,0,2016-04-23,11613,Saturday,1,4,2016,,,,,0,0,0,3.54,1,2,1.0,0.0,0.14285714285714285,0.37796447300922725,0,0,0.3461572,0.37796447300922725,1.65,4.073100471496582,0.41538864,HIGH,3.6577118277549747,89.80165977617092,CRITICAL,Urgent stock replenishment required
FOODS_1_010_WI_3_validation,FOODS_1_010,FOODS_1,FOODS,WI_3,WI,d_1912,0,2016-04-23,11613,Saturday,1,4,2016,,,,,0,0,0,6.77,1,2,0.0,0.0,0.2857142857142857,0.7559289460184542,0,0,0.41515023,0.7559289460184542,3.299999999999999,6.206051635742186,0.4981803,HIGH,5.707871335744857,91.97266911012815,CRITICAL,Urgent stock replenishment required
FOODS_1_010_CA_4_validation,FOODS_1_010,FOODS_1,FOODS,CA_4,CA,d_1912,0,2016-04-23,11613,Saturday,1,4,2016,,,,,0,0,0,5.64,1,2,0.0,0.0,0.14285714285714285,0.37796447300922725,0,0,0.3352837,0.37796447300922725,1.65,3.9969858169555663,0.40234044,HIGH,3.5946453750133514,89.93390368723723,CRITICAL,Urgent stock replenishment required
FOODS_1_001_TX_1_validation,FOODS_1_001,FOODS_1,FOODS,TX_1,TX,d_1912,0,2016-04-23,11613,Saturday,1,4,2016,,,,,0,0,0,2.24,1,2,0.0,0.0,0.0,0.0,0,0,0.14763719,0.0,0.0,1.0334603786468506,0.17716463,HIGH,0.8562957495450974,82.85714355748,CRITICAL,Urgent stock replenishment required
FOODS_1_010_CA_1_validation,FOODS_1_010,FOODS_1,FOODS,CA_1,CA,d_1912,2,2016-04-23,11613,Saturday,1,4,2016,,,,,0,0,0,5.64,1,2,0.0,0.0,0.0,0.0,0,0,0.11806653,0.0,0.0,0.8264656662940979,0.14167984,HIGH,0.6847858279943466,82.85714167231546,CRITICAL,Urgent stock replenishment required
FOODS_1_011_TX_2_validation,FOODS_1_011,FOODS_1,FOODS,TX_2,TX,d_1912,0,2016-04-23,11613,Saturday,1,4,2016,,,,,0,0,0,2.68,1,2,1.0,0.0,0.42857142857142855,0.5345224838248488,0,0,0.58215916,0.5345224838248488,2.333452377915607,6.408566628098713,0.698591,HIGH,5.709975634217487,89.09910695445976,CRITICAL,Urgent stock replenishment required
FOODS_1_011_CA_2_validation,FOODS_1_011,FOODS_1,FOODS,CA_2,CA,d_1912,2,2016-04-23,11613,Saturday,1,4,2016,,,,,0,0,0,2.68,1,2,1.0,1.0,4.0,3.7416573867739413,0,0,2.3038557,3.7416573867739413,16.334166645409248,32.46115601003327,2.764627,HIGH,29.69652903020539,91.48327626109996,CRITICAL,Urgent stock replenishment required
FOODS_1_010_TX_2_validation,FOODS_1_010,FOODS_1,FOODS,TX_2,TX,d_1912,0,2016-04-23,11613,Saturday,1,4,2016,,,,,0,0,0,6.27,1,2,0.0,0.0,0.42857142857142855,0.7867957924694432,0,0,0.4743546,0.7867957924694432,3.434748899119119,6.75523115314744,0.56922555,HIGH,6.186005603449564,91.57355926402816,CRITICAL,Urgent stock replenishment required
FOODS_1_010_CA_2_validation,FOODS_1_010,FOODS_1,FOODS,CA_2,CA,d_1912,0,2016-04-23,11613,Saturday,1,4,2016,,,,,0,0,0,5.64,1,2,0.0,0.0,0.2857142857142857,0.48795003647426666,0,0,0.39154482,0.48795003647426666,2.1301408404140796,4.870954572561296,0.4698538,HIGH,4.401100783947023,90.35396898872719,CRITICAL,Urgent stock replenishment required
FOODS_1_009_WI_3_validation,FOODS_1_009,FOODS_1,FOODS,WI_3,WI,d_1912,0,2016-04-23,11613,Saturday,1,4,2016,,,,,0,0,0,2.24,1,2,0.0,0.0,0.0,0.0,0,0,0.14763719,0.0,0.0,1.0334603786468506,0.17716463,HIGH,0.8562957495450974,82.85714355748,CRITICAL,Urgent stock replenishment required
FOODS_1_011_TX_1_validation,FOODS_1_011,FOODS_1,FOODS,TX_1,TX,d_1912,1,2016-04-23,11613,Saturday,1,4,2016,,,,,0,0,0,2.68,1,2,0.0,1.0,0.8571428571428571,1.2149857925879117,0,0,0.8876133,1.2149857925879117,5.304007918546126,11.51730099410765,1.065136,HIGH,10.452165038297103,90.75186142694821,CRITICAL,Urgent stock replenishment required
FOODS_1_010_TX_1_validation,FOODS_1_010,FOODS_1,FOODS,TX_1,TX,d_1912,0,2016-04-23,11613,Saturday,1,4,2016,,,,,0,0,0,6.27,1,2,1.0,0.0,0.7142857142857143,0.7559289460184544,0,0,0.59923124,0.7559289460184544,3.3,7.494618701934814,0.7190775,HIGH,6.7755411744117735,90.40541545712787,CRITICAL,Urgent stock replenishment required
FOODS_1_010_WI_2_validation,FOODS_1_010,FOODS_1,FOODS,WI_2,WI,d_1912,0,2016-04-23,11613,Saturday,1,4,2016,,,,,0,0,0,6.77,1,2,0.0,0.0,0.0,0.0,0,0,0.12937751,0.0,0.0,0.9056426286697388,0.15525302,HIGH,0.7503896057605743,82.85714276312179,CRITICAL,Urgent stock replenishment required
FOODS_1_001_TX_3_validation,FOODS_1_001,FOODS_1,FOODS,TX_3,TX,d_1912,0,2016-04-23,11613,Saturday,1,4,2016,,,,,0,0,0,2.24,1,2,1.0,0.0,0.7142857142857143,0.7559289460184546,0,0,0.78252345,0.7559289460184546,3.3000000000000007,8.77766399383545,0.9390282,HIGH,7.838635790348054,89.30207166568604,CRITICAL,Urgent stock replenishment required
FOODS_1_001_WI_1_validation,FOODS_1_001,FOODS_1,FOODS,WI_1,WI,d_1912,8,2016-04-23,11613,Saturday,1,4,2016,,,,,0,0,0,2.24,1,2,0.0,0.0,0.42857142857142855,0.7867957924694432,0,0,0.6568677,0.7867957924694432,3.434748899119119,8.032822858469705,0.78824127,HIGH,7.244581591265421,90.18724449558634,CRITICAL,Urgent stock replenishment required
FOODS_1_010_CA_3_validation,FOODS_1_010,FOODS_1,FOODS,CA_3,CA,d_1912,0,2016-04-23,11613,Saturday,1,4,2016,,,,,0,0,0,5.64,1,2,0.0,0.0,0.42857142857142855,0.7867957924694438,0,0,0.47228158,0.7867957924694438,3.4347488991191213,6.740720044749004,0.5667379,HIGH,6.173982154505474,91.59232416594698,CRITICAL,Urgent stock replenishment required
FOODS_1_011_CA_4_validation,FOODS_1_011,FOODS_1,FOODS,CA_4,CA,d_1912,0,2016-04-23,11613,Saturday,1,4,2016,,,,,0,0,0,2.68,1,2,2.0,0.0,1.2857142857142858,1.496026483086191,0,0,1.1284719,1.496026483086191,6.5308881478708525,14.430191107312991,1.3541663,HIGH,13.076024838010623,90.61574265211154,CRITICAL,Urgent stock replenishment required
FOODS_1_001_CA_4_validation,FOODS_1_001,FOODS_1,FOODS,CA_4,CA,d_1912,1,2016-04-23,11613,Saturday,1,4,2016,,,,,0,0,0,2.24,1,2,0.0,1.0,0.42857142857142855,0.7867957924694432,0,0,0.71983194,0.7867957924694432,3.434748899119119,8.47357250370286,0.8637984,HIGH,7.6097741238047885,89.80597168997373,CRITICAL,Urgent stock replenishment required
FOODS_1_001_CA_3_validation,FOODS_1_001,FOODS_1,FOODS,CA_3,CA,d_1912,1,2016-04-23,11613,Saturday,1,4,2016,,,,,0,0,0,2.24,1,2,0.0,12.0,1.8571428571428572,4.913538149119954,0,0,4.5372796,4.913538149119954,21.45,53.21095771789551,5.4447355,HIGH,47.766222190856936,89.76764230423268,CRITICAL,Urgent stock replenishment required
FOODS_1_001_WI_2_validation,FOODS_1_001,FOODS_1,FOODS,WI_2,WI,d_1912,0,2016-04-23,11613,Saturday,1,4,2016,,,,,0,0,0,2.24,1,2,0.0,0.0,0.2857142857142857,0.4879500364742667,0,0,0.5374506,0.4879500364742667,2.1301408404140796,5.892295181158098,0.64494073,HIGH,5.247354447248491,89.05450738496697,CRITICAL,Urgent stock replenishment required
FOODS_1_011_CA_3_validation,FOODS_1_011,FOODS_1,FOODS,CA_3,CA,d_1912,2,2016-04-23,11613,Saturday,1,4,2016,,,,,0,0,0,2.68,1,2,2.0,3.0,1.1428571428571428,1.4638501094227976,0,0,1.3609536,1.4638501094227976,6.390422521242229,15.917097745546428,1.6331444,HIGH,14.283953366884319,89.73968493019363,CRITICAL,Urgent stock replenishment required
FOODS_1_001_TX_2_validation,FOODS_1_001,FOODS_1,FOODS,TX_2,TX,d_1912,1,2016-04-23,11613,Saturday,1,4,2016,,,,,0,0,0,2.24,1,2,0.0,1.0,0.14285714285714285,0.377964473009227,0,0,0.50500727,0.377964473009227,1.6499999999999988,5.185050868988036,0.60600877,HIGH,4.579042100906371,88.31238529006102,CRITICAL,Urgent stock replenishment required
FOODS_1_010_WI_1_validation,FOODS_1_010,FOODS_1,FOODS,WI_1,WI,d_1912,3,2016-04-23,11613,Saturday,1,4,2016,,,,,0,0,0,6.77,1,2,3.0,1.0,2.857142857142857,2.911389784311004,0,0,1.7700189,2.911389784311004,12.709642009120474,25.099774913173206,2.1240227,HIGH,22.975752190928944,91.53768219200443,CRITICAL,Urgent stock replenishment required
FOODS_1_011_CA_1_validation,FOODS_1_011,FOODS_1,FOODS,CA_1,CA,d_1912,0,2016-04-23,11613,Saturday,1,4,2016,,,,,0,0,0,2.68,1,2,2.0,0.0,1.7142857142857142,1.112697280528374,0,0,1.4659264,1.112697280528374,4.857468476480317,15.118953576272798,1.7591118,HIGH,13.359841814225984,88.36485770544658,CRITICAL,Urgent stock replenishment required
FOODS_1_009_WI_1_validation,FOODS_1_009,FOODS_1,FOODS,WI_1,WI,d_1912,0,2016-04-23,11613,Saturday,1,4,2016,,,,,0,0,0,2.24,1,2,0.0,0.0,0.0,0.0,0,0,0.14763719,0.0,0.0,1.0334603786468506,0.17716463,HIGH,0.8562957495450974,82.85714355748,CRITICAL,Urgent stock replenishment required
FOODS_1_009_TX_2_validation,FOODS_1_009,FOODS_1,FOODS,TX_2,TX,d_1912,0,2016-04-23,11613,Saturday,1,4,2016,,,,,0,0,0,2.24,1,2,0.0,0.0,0.0,0.0,0,0,0.14763719,0.0,0.0,1.0334603786468506,0.17716463,HIGH,0.8562957495450974,82.85714355748,CRITICAL,Urgent stock replenishment required
FOODS_1_001_WI_3_validation,FOODS_1_001,FOODS_1,FOODS,WI_3,WI,d_1912,4,2016-04-23,11613,Saturday,1,4,2016,,,,,0,0,0,2.24,1,2,1.0,1.0,0.14285714285714285,0.3779644730092273,0,0,0.5059378,0.3779644730092273,1.6500000000000004,5.191564702987671,0.6071254,HIGH,4.584439301490784,88.30554107998509,CRITICAL,Urgent stock replenishment required
FOODS_1_011_WI_1_validation,FOODS_1_011,FOODS_1,FOODS,WI_1,WI,d_1912,1,2016-04-23,11613,Saturday,1,4,2016,,,,,0,0,0,2.68,1,2,3.0,0.0,1.7142857142857142,1.9760470401187076,0,0,1.4164612,1.9760470401187076,8.626412927746967,18.541641771435934,1.6997535,HIGH,16.84188824856301,90.83277768049938,CRITICAL,Urgent stock replenishment required
FOODS_1_009_WI_2_validation,FOODS_1_009,FOODS_1,FOODS,WI_2,WI,d_1912,0,2016-04-23,11613,Saturday,1,4,2016,,,,,0,0,0,2.24,1,2,0.0,0.0,0.0,0.0,0,0,0.14763719,0.0,0.0,1.0334603786468506,0.17716463,HIGH,0.8562957495450974,82.85714355748,CRITICAL,Urgent stock replenishment required
FOODS_1_011_TX_3_validation,FOODS_1_011,FOODS_1,FOODS,TX_3,TX,d_1912,0,2016-04-23,11613,Saturday,1,4,2016,,,,,0,0,0,2.68,1,2,0.0,0.0,0.42857142857142855,0.7867957924694432,0,0,0.5788418,0.7867957924694432,3.434748899119119,7.486641656534891,0.6946102,HIGH,6.792031478064279,90.72200580263777,CRITICAL,Urgent stock replenishment required
FOODS_1_010_TX_3_validation,FOODS_1_010,FOODS_1,FOODS,TX_3,TX,d_1912,0,2016-04-23,11613,Saturday,1,4,2016,,,,,0,0,0,6.27,1,2,0.0,0.0,0.8571428571428571,0.899735410842438,0,0,0.6739967,0.899735410842438,3.9277856356985703,8.645762205827964,0.80879605,HIGH,7.836966157663596,90.64517356700868,CRITICAL,Urgent stock replenishment required
FOODS_1_001_CA_2_validation,FOODS_1_001,FOODS_1,FOODS,CA_2,CA,d_1912,0,2016-04-23,11613,Saturday,1,4,2016,,,,,0,0,0,2.24,1,2,0.0,2.0,2.857142857142857,5.11300861947808,0,0,1.4785292,5.11300861947808,22.320786276473328,32.67049101890497,1.7742351,HIGH,30.896255889548584,94.56930375386855,CRITICAL,Urgent stock replenishment required
FOODS_1_001_CA_1_validation,FOODS_1_001,FOODS_1,FOODS,CA_1,CA,d_1912,1,2016-04-23,11613,Saturday,1,4,2016,,,,,0,0,0,2.24,1,2,2.0,1.0,1.2857142857142858,1.3801311186847087,0,0,1.1938787,1.3801311186847087,6.024948132556829,14.38209916405097,1.4326544,HIGH,12.94944478325263,90.03862812753123,CRITICAL,Urgent stock replenishment required
FOODS_1_009_TX_3_validation,FOODS_1_009,FOODS_1,FOODS,TX_3,TX,d_1912,0,2016-04-23,11613,Saturday,1,4,2016,,,,,0,0,0,2.0,1,2,0.0,0.0,0.0,0.0,0,0,0.15026142,0.0,0.0,1.0518299341201782,0.1803137,HIGH,0.871516227722168,82.85714253332817,CRITICAL,Urgent stock replenishment required
FOODS_1_005_WI_1_validation,FOODS_1_005,FOODS_1,FOODS,WI_1,WI,d_1913,1,2016-04-24,11613,Sunday,2,4,2016,,,,,0,0,0,3.54,1,2,2.0,2.0,3.5714285714285716,2.3704530408864057,0,0,3.3753958,2.3704530408864057,10.348188247224718,33.97595771743956,4.050475,HIGH,29.92548259689513,88.07840781345992,CRITICAL,Urgent stock replenishment required
FOODS_1_010_WI_3_validation,FOODS_1_010,FOODS_1,FOODS,WI_3,WI,d_1913,3,2016-04-24,11613,Sunday,2,4,2016,,,,,0,0,0,6.77,1,2,0.0,1.0,0.2857142857142857,0.7559289460184542,0,0,0.50029033,0.7559289460184542,3.299999999999999,6.802032279968261,0.6003484,HIGH,6.201683866977691,91.17398465222556,CRITICAL,Urgent stock replenishment required
FOODS_1_001_CA_4_validation,FOODS_1_001,FOODS_1,FOODS,CA_4,CA,d_1913,1,2016-04-24,11613,Sunday,2,4,2016,,,,,0,0,0,2.24,1,2,0.0,0.0,0.5714285714285714,0.7867957924694432,0,0,0.70391405,0.7867957924694432,3.434748899119119,8.362147103922586,0.8446969,HIGH,7.5174502245356845,89.89856470007966,CRITICAL,Urgent stock replenishment required
FOODS_1_003_CA_1_validation,FOODS_1_003,FOODS_1,FOODS,CA_1,CA,d_1913,0,2016-04-24,11613,Sunday,2,4,2016,,,,,0,0,0,3.23,1,2,2.0,1.0,0.8571428571428571,0.6900655593423546,0,0,0.8607899,0.6900655593423546,3.012474066278415,9.038003450891452,1.0329479,HIGH,8.00505555298038,88.57106103661437,CRITICAL,Urgent stock replenishment required
FOODS_1_003_CA_4_validation,FOODS_1_003,FOODS_1,FOODS,CA_4,CA,d_1913,0,2016-04-24,11613,Sunday,2,4,2016,,,,,0,0,0,3.23,1,2,0.0,0.0,0.42857142857142855,0.5345224838248488,0,0,0.52421016,0.5345224838248488,2.333452377915607,6.0029234033825265,0.6290522,HIGH,5.373871181607472,89.52090207546883,CRITICAL,Urgent stock replenishment required
FOODS_1_011_CA_2_validation,FOODS_1_011,FOODS_1,FOODS,CA_2,CA,d_1913,1,2016-04-24,11613,Sunday,2,4,2016,,,,,0,0,0,2.68,1,2,4.0,6.0,4.142857142857143,3.625307868699863,0,0,3.4762301,3.625307868699863,15.826244026931974,40.15985456159994,4.1714764,HIGH,35.9883781974642,89.6128200421213,CRITICAL,Urgent stock replenishment required
FOODS_1_001_TX_1_validation,FOODS_1_001,FOODS_1,FOODS,TX_1,TX,d_1913,0,2016-04-24,11613,Sunday,2,4,2016,,,,,0,0,0,2.24,1,2,0.0,0.0,0.0,0.0,0,0,0.14763719,0.0,0.0,1.0334603786468506,0.17716463,HIGH,0.8562957495450974,82.85714355748,CRITICAL,Urgent stock replenishment required
FOODS_1_005_TX_1_validation,FOODS_1_005,FOODS_1,FOODS,TX_1,TX,d_1913,0,2016-04-24,11613,Sunday,2,4,2016,,,,,0,0,0,3.54,1,2,3.0,5.0,0.8571428571428571,1.0690449676496976,0,0,1.3331869,1.0690449676496976,4.666904755831214,13.999212571382973,1.5998243,HIGH,12.399388262033913,88.5720407402099,CRITICAL,Urgent stock replenishment required
FOODS_1_005_TX_3_validation,FOODS_1_005,FOODS_1,FOODS,TX_3,TX,d_1913,2,2016-04-24,11613,Sunday,2,4,2016,,,,,0,0,0,3.54,1,2,0.0,1.0,1.1428571428571428,1.2149857925879115,0,0,1.1104033,1.2149857925879115,5.304007918546124,13.076831252286357,1.332484,HIGH,11.744347245404644,89.81034486738719,CRITICAL,Urgent stock replenishment required
FOODS_1_003_CA_3_validation,FOODS_1_003,FOODS_1,FOODS,CA_3,CA,d_1913,0,2016-04-24,11613,Sunday,2,4,2016,,,,,0,0,0,3.23,1,2,2.0,1.0,1.7142857142857142,1.7043362064926935,0,0,1.4927789,1.7043362064926935,7.440262092157775,17.889714492365293,1.7913347,HIGH,16.098379744097166,89.98678962130666,CRITICAL,Urgent stock replenishment required
FOODS_1_011_CA_1_validation,FOODS_1_011,FOODS_1,FOODS,CA_1,CA,d_1913,1,2016-04-24,11613,Sunday,2,4,2016,,,,,0,0,0,2.68,1,2,0.0,0.0,1.4285714285714286,1.2724180205607036,0,0,1.2442786,1.2724180205607036,5.554727716099143,14.264677209507347,1.4931343,HIGH,12.771542949329735,89.53264600209498,CRITICAL,Urgent stock replenishment required
FOODS_1_003_CA_2_validation,FOODS_1_003,FOODS_1,FOODS,CA_2,CA,d_1913,3,2016-04-24,11613,Sunday,2,4,2016,,,,,0,0,0,3.23,1,2,1.0,0.0,0.8571428571428571,0.6900655593423548,0,0,0.7420986,0.6900655593423548,3.012474066278416,8.207164293786962,0.89051837,HIGH,7.316645926496465,89.14949993185049,CRITICAL,Urgent stock replenishment required
FOODS_1_005_CA_4_validation,FOODS_1_005,FOODS_1,FOODS,CA_4,CA,d_1913,0,2016-04-24,11613,Sunday,2,4,2016,,,,,0,0,0,3.54,1,2,1.0,0.0,0.7142857142857143,0.7559289460184537,0,0,0.6797592,0.7559289460184537,3.299999999999997,8.058314609527585,0.8157111,HIGH,7.2426035284996,89.87739843188122,CRITICAL,Urgent stock replenishment required
FOODS_1_005_TX_2_validation,FOODS_1_005,FOODS_1,FOODS,TX_2,TX,d_1913,1,2016-04-24,11613,Sunday,2,4,2016,,,,,0,0,0,3.54,1,2,1.0,6.0,1.2857142857142858,0.7559289460184535,0,0,1.5601207,0.7559289460184535,3.299999999999996,14.220845031738277,1.8721449,HIGH,12.348700094223018,86.83520611231626,CRITICAL,Urgent stock replenishment required
FOODS_1_001_WI_3_validation,FOODS_1_001,FOODS_1,FOODS,WI_3,WI,d_1913,0,2016-04-24,11613,Sunday,2,4,2016,,,,,0,0,0,2.24,1,2,0.0,0.0,0.5714285714285714,1.511857892036909,0,0,0.68366957,1.511857892036909,6.6,11.38568696975708,0.8204035,HIGH,10.565283453464508,92.79443112680205,CRITICAL,Urgent stock replenishment required
FOODS_1_005_CA_2_validation,FOODS_1_005,FOODS_1,FOODS,CA_2,CA,d_1913,1,2016-04-24,11613,Sunday,2,4,2016,,,,,0,0,0,3.54,1,2,2.0,1.0,4.285714285714286,3.6384193323605856,0,0,4.337796,3.6384193323605856,15.883481986013024,46.24805641838607,5.2053556,HIGH,41.04270077416,88.74470399980599,CRITICAL,Urgent stock replenishment required
FOODS_1_003_WI_3_validation,FOODS_1_003,FOODS_1,FOODS,WI_3,WI,d_1913,0,2016-04-24,11613,Sunday,2,4,2016,,,,,0,0,0,3.23,1,2,0.0,0.0,0.0,0.0,0,0,0.10745875,0.0,0.0,0.7522112131118774,0.1289505,HIGH,0.6232607066631317,82.85714115915914,CRITICAL,Urgent stock replenishment required
FOODS_1_001_CA_1_validation,FOODS_1_001,FOODS_1,FOODS,CA_1,CA,d_1913,0,2016-04-24,11613,Sunday,2,4,2016,,,,,0,0,0,2.24,1,2,0.0,0.0,1.1428571428571428,1.3451854182690988,0,0,1.0432543,1.3451854182690988,5.872393038617223,13.175172713147251,1.2519052,HIGH,11.92326751028165,90.49799778627306,CRITICAL,Urgent stock replenishment required
FOODS_1_004_CA_1_validation,FOODS_1_004,FOODS_1,FOODS,CA_1,CA,d_1913,0,2016-04-24,11613,Sunday,2,4,2016,,,,,0,0,0,1.96,1,2,0.0,0.0,0.0,0.0,0,0,0.65725195,0.0,0.0,4.60076379776001,0.78870237,HIGH,3.8120614290237427,82.85714278311211,CRITICAL,Urgent stock replenishment required
FOODS_1_011_WI_1_validation,FOODS_1_011,FOODS_1,FOODS,WI_1,WI,d_1913,0,2016-04-24,11613,Sunday,2,4,2016,,,,,0,0,0,2.68,1,2,0.0,0.0,1.4285714285714286,1.9023794624226837,0,0,1.1720103,1.9023794624226837,8.304817878797826,16.50888987739402,1.4064124,HIGH,15.10247751434165,91.4808786447949,CRITICAL,Urgent stock replenishment required
FOODS_1_004_CA_2_validation,FOODS_1_004,FOODS_1,FOODS,CA_2,CA,d_1913,0,2016-04-24,11613,Sunday,2,4,2016,,,,,0,0,0,1.96,1,2,0.0,0.0,0.0,0.0,0,0,0.65725195,0.0,0.0,4.60076379776001,0.78870237,HIGH,3.8120614290237427,82.85714278311211,CRITICAL,Urgent stock replenishment required
FOODS_1_003_WI_1_validation,FOODS_1_003,FOODS_1,FOODS,WI_1,WI,d_1913,2,2016-04-24,11613,Sunday,2,4,2016,,,,,0,0,0,3.23,1,2,0.0,1.0,0.7142857142857143,0.9511897312113428,0,0,0.8357896,0.9511897312113428,4.152408939398916,10.002936225928458,1.0029476,HIGH,8.999988657035026,89.97346832729266,CRITICAL,Urgent stock replenishment required
FOODS_1_011_TX_3_validation,FOODS_1_011,FOODS_1,FOODS,TX_3,TX,d_1913,0,2016-04-24,11613,Sunday,2,4,2016,,,,,0,0,0,2.68,1,2,2.0,0.0,0.42857142857142855,0.7867957924694432,0,0,0.57512563,0.7867957924694432,3.434748899119119,7.460628282206278,0.6901508,HIGH,6.770477484839182,90.74942791328824,CRITICAL,Urgent stock replenishment required
FOODS_1_004_CA_3_validation,FOODS_1_004,FOODS_1,FOODS,CA_3,CA,d_1913,0,2016-04-24,11613,Sunday,2,4,2016,,,,,0,0,0,1.5,1,2,0.0,0.0,0.0,0.0,0,0,0.5827271,0.0,0.0,4.079089641571045,0.6992725,HIGH,3.3798171281814575,82.85714277364433,CRITICAL,Urgent stock replenishment required
FOODS_1_004_CA_4_validation,FOODS_1_004,FOODS_1,FOODS,CA_4,CA,d_1913,0,2016-04-24,11613,Sunday,2,4,2016,,,,,0,0,0,1.96,1,2,0.0,0.0,0.0,0.0,0,0,0.65725195,0.0,0.0,4.60076379776001,0.78870237,HIGH,3.8120614290237427,82.85714278311211,CRITICAL,Urgent stock replenishment required
FOODS_1_004_TX_1_validation,FOODS_1_004,FOODS_1,FOODS,TX_1,TX,d_1913,0,2016-04-24,11613,Sunday,2,4,2016,,,,,0,0,0,1.96,1,2,0.0,0.0,0.0,0.0,0,0,0.65725195,0.0,0.0,4.60076379776001,0.78870237,HIGH,3.8120614290237427,82.85714278311211,CRITICAL,Urgent stock replenishment required
FOODS_1_003_TX_3_validation,FOODS_1_003,FOODS_1,FOODS,TX_3,TX,d_1913,0,2016-04-24,11613,Sunday,2,4,2016,,,,,0,0,0,3.23,1,2,0.0,2.0,0.0,0.0,0,0,0.24025173,0.0,0.0,1.6817620992660522,0.2883021,HIGH,1.3934600055217743,82.85714169262718,CRITICAL,Urgent stock replenishment required
FOODS_1_005_CA_3_validation,FOODS_1_005,FOODS_1,FOODS,CA_3,CA,d_1913,1,2016-04-24,11613,Sunday,2,4,2016,,,,,0,0,0,3.54,1,2,0.0,5.0,2.2857142857142856,3.988077469754305,0,0,2.7816324,3.988077469754305,17.40991097047885,36.881338887959316,3.337959,HIGH,33.543379836827114,90.94946346369777,CRITICAL,Urgent stock replenishment required
FOODS_1_001_CA_2_validation,FOODS_1_001,FOODS_1,FOODS,CA_2,CA,d_1913,4,2016-04-24,11613,Sunday,2,4,2016,,,,,0,0,0,2.24,1,2,14.0,1.0,2.857142857142857,5.11300861947808,0,0,1.5835874,5.11300861947808,22.320786276473328,33.40589789451532,1.9003049,HIGH,31.505592980994507,94.31146883247581,CRITICAL,Urgent stock replenishment required
FOODS_1_004_TX_2_validation,FOODS_1_004,FOODS_1,FOODS,TX_2,TX,d_1913,0,2016-04-24,11613,Sunday,2,4,2016,,,,,0,0,0,1.96,1,2,0.0,0.0,0.0,0.0,0,0,0.65725195,0.0,0.0,4.60076379776001,0.78870237,HIGH,3.8120614290237427,82.85714278311211,CRITICAL,Urgent stock replenishment required
FOODS_1_004_TX_3_validation,FOODS_1_004,FOODS_1,FOODS,TX_3,TX,d_1913,0,2016-04-24,11613,Sunday,2,4,2016,,,,,0,0,0,1.96,1,2,0.0,0.0,0.0,0.0,0,0,0.65725195,0.0,0.0,4.60076379776001,0.78870237,HIGH,3.8120614290237427,82.85714278311211,CRITICAL,Urgent stock replenishment required
FOODS_1_011_TX_1_validation,FOODS_1_011,FOODS_1,FOODS,TX_1,TX,d_1913,2,2016-04-24,11613,Sunday,2,4,2016,,,,,0,0,0,2.68,1,2,0.0,2.0,1.0,1.1547005383792515,0,0,1.1424243,1.1547005383792515,5.0408332644514235,13.037803441148201,1.3709092,HIGH,11.666894227128425,89.48512132271382,CRITICAL,Urgent stock replenishment required
FOODS_1_004_WI_1_validation,FOODS_1_004,FOODS_1,FOODS,WI_1,WI,d_1913,0,2016-04-24,11613,Sunday,2,4,2016,,,,,0,0,0,1.96,1,2,0.0,0.0,0.0,0.0,0,0,0.65725195,0.0,0.0,4.60076379776001,0.78870237,HIGH,3.8120614290237427,82.85714278311211,CRITICAL,Urgent stock replenishment required
FOODS_1_004_WI_2_validation,FOODS_1_004,FOODS_1,FOODS,WI_2,WI,d_1913,0,2016-04-24,11613,Sunday,2,4,2016,,,,,0,0,0,1.96,1,2,0.0,0.0,0.0,7.389734084383283e-07,0,0,0.6705396,7.389734084383283e-07,3.2259807759590005e-06,4.693780310331362,0.80464756,HIGH,3.8891327454433613,82.85715326051987,CRITICAL,Urgent stock replenishment required
FOODS_1_003_TX_2_validation,FOODS_1_003,FOODS_1,FOODS,TX_2,TX,d_1913,0,2016-04-24,11613,Sunday,2,4,2016,,,,,0,0,0,3.23,1,2,0.0,0.0,0.42857142857142855,0.7867957924694432,0,0,0.52421016,0.7867957924694432,3.434748899119119,7.1042199245860385,0.6290522,HIGH,6.4751677028109835,91.14537234977689,CRITICAL,Urgent stock replenishment required
FOODS_1_001_CA_3_validation,FOODS_1_001,FOODS_1,FOODS,CA_3,CA,d_1913,0,2016-04-24,11613,Sunday,2,4,2016,,,,,0,0,0,2.24,1,2,13.0,0.0,2.0,4.864839839775475,0,0,1.1886525,4.864839839775475,21.237408033938603,29.5579761186554,1.426383,HIGH,28.131593100161748,95.17428726253894,CRITICAL,Urgent stock replenishment required
FOODS_1_004_WI_3_validation,FOODS_1_004,FOODS_1,FOODS,WI_3,WI,d_1913,0,2016-04-24,11613,Sunday,2,4,2016,,,,,0,0,0,1.96,1,2,0.0,0.0,0.0,4.272243734249905e-07,0,0,0.6308979,4.272243734249905e-07,1.8650435860780626e-06,4.416286903037971,0.7570775,HIGH,3.6592093879126963,82.85714828435444,CRITICAL,Urgent stock replenishment required
FOODS_1_005_CA_1_validation,FOODS_1_005,FOODS_1,FOODS,CA_1,CA,d_1913,1,2016-04-24,11613,Sunday,2,4,2016,,,,,0,0,0,3.54,1,2,1.0,3.0,1.7142857142857142,1.2535663410560096,0,0,1.7467214,1.2535663410560096,5.472430904086376,17.69948073166206,2.0960658,HIGH,15.603414972003247,88.15747314038866,CRITICAL,Urgent stock replenishment required
FOODS_1_003_TX_1_validation,FOODS_1_003,FOODS_1,FOODS,TX_1,TX,d_1913,0,2016-04-24,11613,Sunday,2,4,2016,,,,,0,0,0,3.23,1,2,0.0,1.0,0.14285714285714285,0.37796447300922725,0,0,0.41369414,0.37796447300922725,1.65,4.545859003067017,0.496433,HIGH,4.049426013231278,89.07944594188241,CRITICAL,Urgent stock replenishment required
FOODS_1_011_CA_3_validation,FOODS_1_011,FOODS_1,FOODS,CA_3,CA,d_1913,2,2016-04-24,11613,Sunday,2,4,2016,,,,,0,0,0,2.68,1,2,4.0,3.0,1.1428571428571428,1.4638501094227976,0,0,1.3592647,1.4638501094227976,6.390422521242229,15.905275998720256,1.6311177,HIGH,14.2741582971898,89.74480102287005,CRITICAL,Urgent stock replenishment required
FOODS_1_011_TX_2_validation,FOODS_1_011,FOODS_1,FOODS,TX_2,TX,d_1913,0,2016-04-24,11613,Sunday,2,4,2016,,,,,0,0,0,2.68,1,2,0.0,0.0,0.2857142857142857,0.48795003647426666,0,0,0.4751285,0.48795003647426666,2.1301408404140796,5.456040441396746,0.57015425,HIGH,4.885886191728624,89.55003622513176,CRITICAL,Urgent stock replenishment required
FOODS_1_011_CA_4_validation,FOODS_1_011,FOODS_1,FOODS,CA_4,CA,d_1913,1,2016-04-24,11613,Sunday,2,4,2016,,,,,0,0,0,2.68,1,2,0.0,0.0,1.0,1.5275252316519465,0,0,0.90300894,1.5275252316519465,6.668395609140178,12.98945817399003,1.0836108,HIGH,11.905847400903482,91.65776771769927,CRITICAL,Urgent stock replenishment required
FOODS_1_006_CA_2_validation,FOODS_1_006,FOODS_1,FOODS,CA_2,CA,d_1913,1,2016-04-24,11613,Sunday,2,4,2016,,,,,0,0,0,2.48,1,2,3.0,0.0,0.7142857142857143,1.1126972805283735,0,0,0.7546495,1.1126972805283735,4.8574684764803155,10.14001499671347,0.90557945,HIGH,9.234435548967193,91.06924942379486,CRITICAL,Urgent stock replenishment required
FOODS_1_005_WI_2_validation,FOODS_1_005,FOODS_1,FOODS,WI_2,WI,d_1913,0,2016-04-24,11613,Sunday,2,4,2016,,,,,0,0,0,3.54,1,2,1.0,2.0,2.5714285714285716,1.5118578920369077,0,0,2.4524324,1.5118578920369077,6.599999999999995,23.767026519775385,2.942919,HIGH,20.824107503890986,87.61763902844245,CRITICAL,Urgent stock replenishment required
FOODS_1_011_WI_2_validation,FOODS_1_011,FOODS_1,FOODS,WI_2,WI,d_1913,0,2016-04-24,11613,Sunday,2,4,2016,,,,,0,0,0,2.68,1,2,3.0,0.0,1.0,1.2909944487358054,0,0,0.9470273,1.2909944487358054,5.635822921277778,12.265014319898384,1.1364329,HIGH,11.128581433774727,90.73435336899735,CRITICAL,Urgent stock replenishment required
FOODS_1_008_CA_3_validation,FOODS_1_008,FOODS_1,FOODS,CA_3,CA,d_1913,0,2016-04-24,11613,Sunday,2,4,2016,,,,,0,0,0,3.54,1,2,0.0,0.0,0.0,0.0,0,0,0.15369608,0.0,0.0,1.075872540473938,0.1844353,HIGH,0.8914372473955154,82.85714281757056,CRITICAL,Urgent stock replenishment required
FOODS_1_003_WI_2_validation,FOODS_1_003,FOODS_1,FOODS,WI_2,WI,d_1913,0,2016-04-24,11613,Sunday,2,4,2016,,,,,0,0,0,3.23,1,2,0.0,0.0,0.0,0.0,0,0,0.10745875,0.0,0.0,0.7522112131118774,0.1289505,HIGH,0.6232607066631317,82.85714115915914,CRITICAL,Urgent stock replenishment required
FOODS_1_008_CA_4_validation,FOODS_1_008,FOODS_1,FOODS,CA_4,CA,d_1913,1,2016-04-24,11613,Sunday,2,4,2016,,,,,0,0,0,3.54,1,2,0.0,0.0,0.0,0.0,0,0,0.15369608,0.0,0.0,1.075872540473938,0.1844353,HIGH,0.8914372473955154,82.85714281757056,CRITICAL,Urgent stock replenishment required
FOODS_1_010_CA_1_validation,FOODS_1_010,FOODS_1,FOODS,CA_1,CA,d_1913,0,2016-04-24,11613,Sunday,2,4,2016,,,,,0,0,0,5.64,1,2,0.0,0.0,0.2857142857142857,0.7559289460184545,0,0,0.4130773,0.7559289460184545,3.3,6.191541004180908,0.49569276,HIGH,5.6958482444286345,91.99403251278557,CRITICAL,Urgent stock replenishment required
FOODS_1_008_TX_1_validation,FOODS_1_008,FOODS_1,FOODS,TX_1,TX,d_1913,0,2016-04-24,11613,Sunday,2,4,2016,,,,,0,0,0,3.54,1,2,0.0,0.0,0.0,0.0,0,0,0.15369608,0.0,0.0,1.075872540473938,0.1844353,HIGH,0.8914372473955154,82.85714281757056,CRITICAL,Urgent stock replenishment required
FOODS_1_002_CA_3_validation,FOODS_1_002,FOODS_1,FOODS,CA_3,CA,d_1913,1,2016-04-24,11613,Sunday,2,4,2016,,,,,0,0,0,9.48,1,2,1.0,1.0,0.42857142857142855,0.5345224838248489,0,0,0.5480672,0.5345224838248489,2.3334523779156076,6.169922981858479,0.6576807,HIGH,5.512242291569935,89.34053646662474,CRITICAL,Urgent stock replenishment required
FOODS_1_009_WI_3_validation,FOODS_1_009,FOODS_1,FOODS,WI_3,WI,d_1913,1,2016-04-24,11613,Sunday,2,4,2016,,,,,0,0,0,2.24,1,2,0.0,0.0,0.0,0.0,0,0,0.14763719,0.0,0.0,1.0334603786468506,0.17716463,HIGH,0.8562957495450974,82.85714355748,CRITICAL,Urgent stock replenishment required
FOODS_1_008_TX_2_validation,FOODS_1_008,FOODS_1,FOODS,TX_2,TX,d_1913,0,2016-04-24,11613,Sunday,2,4,2016,,,,,0,0,0,3.54,1,2,1.0,0.0,0.2857142857142857,0.48795003647426666,0,0,0.42076075,0.48795003647426666,2.1301408404140796,5.075466215017351,0.5049129,HIGH,4.5705533021717395,90.05189097010104,CRITICAL,Urgent stock replenishment required
FOODS_1_008_TX_3_validation,FOODS_1_008,FOODS_1,FOODS,TX_3,TX,d_1913,0,2016-04-24,11613,Sunday,2,4,2016,,,,,0,0,0,3.54,1,2,2.0,0.0,0.5714285714285714,0.7867957924694432,0,0,0.58944625,0.7867957924694432,3.434748899119119,7.560872804301004,0.70733553,HIGH,6.853537272589426,90.64478995984153,CRITICAL,Urgent stock replenishment required
FOODS_1_008_WI_1_validation,FOODS_1_008,FOODS_1,FOODS,WI_1,WI,d_1913,0,2016-04-24,11613,Sunday,2,4,2016,,,,,0,0,0,3.54,1,2,0.0,0.0,0.14285714285714285,0.377964473009228,0,0,0.34283984,0.377964473009228,1.6500000000000032,4.049878978729251,0.41140783,HIGH,3.6384711503982574,89.84147846165806,CRITICAL,Urgent stock replenishment required
FOODS_1_002_CA_2_validation,FOODS_1_002,FOODS_1,FOODS,CA_2,CA,d_1913,0,2016-04-24,11613,Sunday,2,4,2016,,,,,0,0,0,9.48,1,2,0.0,0.0,0.2857142857142857,0.4879500364742665,0,0,0.38147676,0.4879500364742665,2.1301408404140787,4.800478040578874,0.45777214,HIGH,4.3427059048443155,90.46403020980476,CRITICAL,Urgent stock replenishment required
FOODS_1_001_WI_2_validation,FOODS_1_001,FOODS_1,FOODS,WI_2,WI,d_1913,0,2016-04-24,11613,Sunday,2,4,2016,,,,,0,0,0,2.24,1,2,0.0,0.0,0.2857142857142857,0.4879500364742667,0,0,0.5374506,0.4879500364742667,2.1301408404140796,5.892295181158098,0.64494073,HIGH,5.247354447248491,89.05450738496697,CRITICAL,Urgent stock replenishment required
FOODS_1_009_WI_2_validation,FOODS_1_009,FOODS_1,FOODS,WI_2,WI,d_1913,0,2016-04-24,11613,Sunday,2,4,2016,,,,,0,0,0,2.24,1,2,0.0,0.0,0.0,0.0,0,0,0.14763719,0.0,0.0,1.0334603786468506,0.17716463,HIGH,0.8562957495450974,82.85714355748,CRITICAL,Urgent stock replenishment required
FOODS_1_008_WI_2_validation,FOODS_1_008,FOODS_1,FOODS,WI_2,WI,d_1913,1,2016-04-24,11613,Sunday,2,4,2016,,,,,0,0,0,3.54,1,2,0.0,0.0,0.14285714285714285,0.37796447300922725,0,0,0.34283984,0.37796447300922725,1.65,4.049878978729248,0.41140783,HIGH,3.6384711503982547,89.84147846165806,CRITICAL,Urgent stock replenishment required
FOODS_1_008_WI_3_validation,FOODS_1_008,FOODS_1,FOODS,WI_3,WI,d_1913,0,2016-04-24,11613,Sunday,2,4,2016,,,,,0,0,0,3.54,1,2,0.0,0.0,0.14285714285714285,0.3779644730092273,0,0,0.34283984,0.3779644730092273,1.6500000000000004,4.049878978729248,0.41140783,HIGH,3.6384711503982547,89.84147846165806,CRITICAL,Urgent stock replenishment required
FOODS_1_009_WI_1_validation,FOODS_1_009,FOODS_1,FOODS,WI_1,WI,d_1913,0,2016-04-24,11613,Sunday,2,4,2016,,,,,0,0,0,2.24,1,2,0.0,0.0,0.0,0.0,0,0,0.14763719,0.0,0.0,1.0334603786468506,0.17716463,HIGH,0.8562957495450974,82.85714355748,CRITICAL,Urgent stock replenishment required
FOODS_1_009_CA_1_validation,FOODS_1_009,FOODS_1,FOODS,CA_1,CA,d_1913,0,2016-04-24,11613,Sunday,2,4,2016,,,,,0,0,0,2.24,1,2,0.0,0.0,0.0,0.0,0,0,0.14763719,0.0,0.0,1.0334603786468506,0.17716463,HIGH,0.8562957495450974,82.85714355748,CRITICAL,Urgent stock replenishment required
FOODS_1_002_CA_1_validation,FOODS_1_002,FOODS_1,FOODS,CA_1,CA,d_1913,0,2016-04-24,11613,Sunday,2,4,2016,,,,,0,0,0,9.48,1,2,1.0,0.0,0.5714285714285714,0.7867957924694431,0,0,0.5016261,0.7867957924694431,3.4347488991191186,6.946131478922585,0.6019513,HIGH,6.3441801778247155,91.33400651968023,CRITICAL,Urgent stock replenishment required
FOODS_1_009_TX_3_validation,FOODS_1_009,FOODS_1,FOODS,TX_3,TX,d_1913,0,2016-04-24,11613,Sunday,2,4,2016,,,,,0,0,0,2.0,1,2,0.0,0.0,0.0,0.0,0,0,0.15026142,0.0,0.0,1.0518299341201782,0.1803137,HIGH,0.871516227722168,82.85714253332817,CRITICAL,Urgent stock replenishment required
FOODS_1_009_CA_2_validation,FOODS_1_009,FOODS_1,FOODS,CA_2,CA,d_1913,0,2016-04-24,11613,Sunday,2,4,2016,,,,,0,0,0,2.24,1,2,0.0,0.0,0.0,0.0,0,0,0.14763719,0.0,0.0,1.0334603786468506,0.17716463,HIGH,0.8562957495450974,82.85714355748,CRITICAL,Urgent stock replenishment required
FOODS_1_009_CA_3_validation,FOODS_1_009,FOODS_1,FOODS,CA_3,CA,d_1913,0,2016-04-24,11613,Sunday,2,4,2016,,,,,0,0,0,2.24,1,2,0.0,0.0,0.0,0.0,0,0,0.14763719,0.0,0.0,1.0334603786468506,0.17716463,HIGH,0.8562957495450974,82.85714355748,CRITICAL,Urgent stock replenishment required
FOODS_1_009_TX_2_validation,FOODS_1_009,FOODS_1,FOODS,TX_2,TX,d_1913,0,2016-04-24,11613,Sunday,2,4,2016,,,,,0,0,0,2.24,1,2,0.0,0.0,0.0,0.0,0,0,0.14763719,0.0,0.0,1.0334603786468506,0.17716463,HIGH,0.8562957495450974,82.85714355748,CRITICAL,Urgent stock replenishment required
FOODS_1_009_CA_4_validation,FOODS_1_009,FOODS_1,FOODS,CA_4,CA,d_1913,0,2016-04-24,11613,Sunday,2,4,2016,,,,,0,0,0,2.24,1,2,0.0,0.0,0.0,0.0,0,0,0.14763719,0.0,0.0,1.0334603786468506,0.17716463,HIGH,0.8562957495450974,82.85714355748,CRITICAL,Urgent stock replenishment required
FOODS_1_009_TX_1_validation,FOODS_1_009,FOODS_1,FOODS,TX_1,TX,d_1913,0,2016-04-24,11613,Sunday,2,4,2016,,,,,0,0,0,2.24,1,2,0.0,0.0,0.0,0.0,0,0,0.14763719,0.0,0.0,1.0334603786468506,0.17716463,HIGH,0.8562957495450974,82.85714355748,CRITICAL,Urgent stock replenishment required
FOODS_1_008_CA_2_validation,FOODS_1_008,FOODS_1,FOODS,CA_2,CA,d_1913,2,2016-04-24,11613,Sunday,2,4,2016,,,,,0,0,0,3.54,1,2,0.0,2.0,0.14285714285714285,0.37796447300922725,0,0,0.4510485,0.37796447300922725,1.65,4.8073395729064945,0.5412582,HIGH,4.266081357002259,88.74100304969733,CRITICAL,Urgent stock replenishment required
FOODS_1_010_WI_2_validation,FOODS_1_010,FOODS_1,FOODS,WI_2,WI,d_1913,0,2016-04-24,11613,Sunday,2,4,2016,,,,,0,0,0,6.77,1,2,0.0,0.0,0.0,0.0,0,0,0.12937751,0.0,0.0,0.9056426286697388,0.15525302,HIGH,0.7503896057605743,82.85714276312179,CRITICAL,Urgent stock replenishment required
FOODS_1_010_CA_2_validation,FOODS_1_010,FOODS_1,FOODS,CA_2,CA,d_1913,0,2016-04-24,11613,Sunday,2,4,2016,,,,,0,0,0,5.64,1,2,1.0,0.0,0.2857142857142857,0.48795003647426666,0,0,0.39154482,0.48795003647426666,2.1301408404140796,4.870954572561296,0.4698538,HIGH,4.401100783947023,90.35396898872719,CRITICAL,Urgent stock replenishment required
FOODS_1_002_CA_4_validation,FOODS_1_002,FOODS_1,FOODS,CA_4,CA,d_1913,0,2016-04-24,11613,Sunday,2,4,2016,,,,,0,0,0,9.48,1,2,0.0,0.0,0.0,0.0,0,0,0.12937751,0.0,0.0,0.9056426286697388,0.15525302,HIGH,0.7503896057605743,82.85714276312179,CRITICAL,Urgent stock replenishment required
FOODS_1_005_WI_3_validation,FOODS_1_005,FOODS_1,FOODS,WI_3,WI,d_1913,2,2016-04-24,11613,Sunday,2,4,2016,,,,,0,0,0,3.54,1,2,3.0,2.0,1.8571428571428572,1.463850109422801,0,0,1.7375007,1.463850109422801,6.390422521242242,18.552926717409235,2.085001,HIGH,16.467925725587946,88.76187555969368,CRITICAL,Urgent stock replenishment required
FOODS_1_002_WI_3_validation,FOODS_1_002,FOODS_1,FOODS,WI_3,WI,d_1913,0,2016-04-24,11613,Sunday,2,4,2016,,,,,0,0,0,9.48,1,2,0.0,1.0,0.0,0.0,0,0,0.24241905,0.0,0.0,1.696933388710022,0.29090288,HIGH,1.4060305058956146,82.85714190375225,CRITICAL,Urgent stock replenishment required
FOODS_1_010_WI_1_validation,FOODS_1_010,FOODS_1,FOODS,WI_1,WI,d_1913,2,2016-04-24,11613,Sunday,2,4,2016,,,,,0,0,0,6.77,1,2,9.0,1.0,2.857142857142857,2.911389784311004,0,0,1.8891184,2.911389784311004,12.709642009120474,25.93347127852965,2.2669423,HIGH,23.666529015880116,91.25862389071555,CRITICAL,Urgent stock replenishment required
FOODS_1_006_CA_1_validation,FOODS_1_006,FOODS_1,FOODS,CA_1,CA,d_1913,2,2016-04-24,11613,Sunday,2,4,2016,,,,,0,0,0,2.48,1,2,1.0,1.0,1.5714285714285714,0.9759000729485324,0,0,1.3861367,0.9759000729485324,4.260281680828156,13.963237880474152,1.663364,HIGH,12.29987382770163,88.08754769480416,CRITICAL,Urgent stock replenishment required
FOODS_1_010_TX_3_validation,FOODS_1_010,FOODS_1,FOODS,TX_3,TX,d_1913,0,2016-04-24,11613,Sunday,2,4,2016,,,,,0,0,0,6.27,1,2,2.0,2.0,0.8571428571428571,0.899735410842438,0,0,0.87672096,0.899735410842438,3.9277856356985703,10.064832449663413,1.0520653,HIGH,9.012767196405662,89.54711607451613,CRITICAL,Urgent stock replenishment required
FOODS_1_002_WI_2_validation,FOODS_1_002,FOODS_1,FOODS,WI_2,WI,d_1913,0,2016-04-24,11613,Sunday,2,4,2016,,,,,0,0,0,9.48,1,2,1.0,0.0,0.42857142857142855,0.5345224838248489,0,0,0.45423946,0.5345224838248489,2.3334523779156076,5.51312867224239,0.5450874,HIGH,4.9680412751438485,90.1129208203872,CRITICAL,Urgent stock replenishment required
FOODS_1_006_CA_3_validation,FOODS_1_006,FOODS_1,FOODS,CA_3,CA,d_1913,0,2016-04-24,11613,Sunday,2,4,2016,,,,,0,0,0,2.48,1,2,2.0,4.0,0.8571428571428571,1.2149857925879124,0,0,1.1691949,1.2149857925879124,5.3040079185461275,13.488372237393783,1.403034,HIGH,12.085338265607284,89.59819652739957,CRITICAL,Urgent stock replenishment required
FOODS_1_002_WI_1_validation,FOODS_1_002,FOODS_1,FOODS,WI_1,WI,d_1913,0,2016-04-24,11613,Sunday,2,4,2016,,,,,0,0,0,9.48,1,2,1.0,2.0,1.2857142857142858,0.7559289460184555,0,0,0.97675115,0.7559289460184555,3.3000000000000047,10.137257862091069,1.1721014,HIGH,8.965156483650212,88.43768803766937,CRITICAL,Urgent stock replenishment required
FOODS_1_001_TX_2_validation,FOODS_1_001,FOODS_1,FOODS,TX_2,TX,d_1913,0,2016-04-24,11613,Sunday,2,4,2016,,,,,0,0,0,2.24,1,2,1.0,0.0,0.2857142857142857,0.4879500364742664,0,0,0.54076797,0.4879500364742664,2.1301408404140783,5.915516673925431,0.6489216,HIGH,5.2665950650005655,89.03017868607826,CRITICAL,Urgent stock replenishment required
FOODS_1_010_TX_2_validation,FOODS_1_010,FOODS_1,FOODS,TX_2,TX,d_1913,1,2016-04-24,11613,Sunday,2,4,2016,,,,,0,0,0,6.27,1,2,0.0,0.0,0.42857142857142855,0.7867957924694432,0,0,0.4743546,0.7867957924694432,3.434748899119119,6.75523115314744,0.56922555,HIGH,6.186005603449564,91.57355926402816,CRITICAL,Urgent stock replenishment required
FOODS_1_006_CA_4_validation,FOODS_1_006,FOODS_1,FOODS,CA_4,CA,d_1913,1,2016-04-24,11613,Sunday,2,4,2016,,,,,0,0,0,2.48,1,2,2.0,0.0,0.42857142857142855,0.7867957924694442,0,0,0.5953597,0.7867957924694442,3.434748899119124,7.602266561167464,0.71443164,HIGH,6.887834917681441,90.60238630495601,CRITICAL,Urgent stock replenishment required
FOODS_1_006_TX_1_validation,FOODS_1_006,FOODS_1,FOODS,TX_1,TX,d_1913,0,2016-04-24,11613,Sunday,2,4,2016,,,,,0,0,0,2.48,1,2,0.0,2.0,0.5714285714285714,1.1338934190276817,0,0,0.88278854,1.1338934190276817,4.95,11.129519653320312,1.0593463,HIGH,10.070173335075378,90.48165283639267,CRITICAL,Urgent stock replenishment required
FOODS_1_002_TX_3_validation,FOODS_1_002,FOODS_1,FOODS,TX_3,TX,d_1913,0,2016-04-24,11613,Sunday,2,4,2016,,,,,0,0,0,9.48,1,2,0.0,0.0,0.42857142857142855,0.7867957924694432,0,0,0.45423946,0.7867957924694432,3.434748899119119,6.614425193445902,0.5450874,HIGH,6.0693377963473605,91.75911162108754,CRITICAL,Urgent stock replenishment required
FOODS_1_010_TX_1_validation,FOODS_1_010,FOODS_1,FOODS,TX_1,TX,d_1913,0,2016-04-24,11613,Sunday,2,4,2016,,,,,0,0,0,6.27,1,2,0.0,2.0,0.5714285714285714,0.7867957924694432,0,0,0.7319035,0.7867957924694432,3.434748899119119,8.558073293345194,0.8782842,HIGH,7.67978907741807,89.73736043356764,CRITICAL,Urgent stock replenishment required
FOODS_1_006_TX_2_validation,FOODS_1_006,FOODS_1,FOODS,TX_2,TX,d_1913,0,2016-04-24,11613,Sunday,2,4,2016,,,,,0,0,0,2.48,1,2,0.0,3.0,0.42857142857142855,0.7867957924694431,0,0,0.83273274,0.7867957924694431,3.4347488991191186,9.263878118174294,0.9992793,HIGH,8.264598797934273,89.21316421165355,CRITICAL,Urgent stock replenishment required
FOODS_1_006_TX_3_validation,FOODS_1_006,FOODS_1,FOODS,TX_3,TX,d_1913,2,2016-04-24,11613,Sunday,2,4,2016,,,,,0,0,0,2.48,1,2,0.0,0.0,0.2857142857142857,0.7559289460184548,0,0,0.53127486,0.7559289460184548,3.3000000000000016,7.018924045562746,0.63752985,HIGH,6.381394195556642,90.91698605273923,CRITICAL,Urgent stock replenishment required
FOODS_1_002_TX_2_validation,FOODS_1_002,FOODS_1,FOODS,TX_2,TX,d_1913,0,2016-04-24,11613,Sunday,2,4,2016,,,,,0,0,0,9.48,1,2,0.0,0.0,0.0,0.0,0,0,0.12937751,0.0,0.0,0.9056426286697388,0.15525302,HIGH,0.7503896057605743,82.85714276312179,CRITICAL,Urgent stock replenishment required
FOODS_1_001_TX_3_validation,FOODS_1_001,FOODS_1,FOODS,TX_3,TX,d_1913,0,2016-04-24,11613,Sunday,2,4,2016,,,,,0,0,0,2.24,1,2,1.0,1.0,0.5714285714285714,0.7867957924694433,0,0,0.7795957,0.7867957924694433,3.4347488991191195,8.891918431894998,0.93551487,HIGH,7.956403564589243,89.47904353294452,CRITICAL,Urgent stock replenishment required
FOODS_1_010_CA_4_validation,FOODS_1_010,FOODS_1,FOODS,CA_4,CA,d_1913,1,2016-04-24,11613,Sunday,2,4,2016,,,,,0,0,0,5.64,1,2,0.0,0.0,0.14285714285714285,0.37796447300922725,0,0,0.3352837,0.37796447300922725,1.65,3.9969858169555663,0.40234044,HIGH,3.5946453750133514,89.93390368723723,CRITICAL,Urgent stock replenishment required
FOODS_1_006_WI_1_validation,FOODS_1_006,FOODS_1,FOODS,WI_1,WI,d_1913,1,2016-04-24,11613,Sunday,2,4,2016,,,,,0,0,0,2.48,1,2,0.0,0.0,1.8571428571428572,2.478478796128211,0,0,1.3704362,2.478478796128211,10.819773565098304,20.412827382847325,1.6445235,HIGH,18.768303881451146,91.9436760496096,CRITICAL,Urgent stock replenishment required
FOODS_1_006_WI_2_validation,FOODS_1_006,FOODS_1,FOODS,WI_2,WI,d_1913,0,2016-04-24,11613,Sunday,2,4,2016,,,,,0,0,0,2.48,1,2,0.0,0.0,1.7142857142857142,2.5634797778466205,0,0,1.2631811,2.5634797778466205,11.190844472156682,20.03311246226899,1.5158174,HIGH,18.517295058475653,92.43344035207572,CRITICAL,Urgent stock replenishment required
FOODS_1_002_TX_1_validation,FOODS_1_002,FOODS_1,FOODS,TX_1,TX,d_1913,0,2016-04-24,11613,Sunday,2,4,2016,,,,,0,0,0,9.48,1,2,0.0,0.0,0.0,0.0,0,0,0.12937751,0.0,0.0,0.9056426286697388,0.15525302,HIGH,0.7503896057605743,82.85714276312179,CRITICAL,Urgent stock replenishment required
FOODS_1_010_CA_3_validation,FOODS_1_010,FOODS_1,FOODS,CA_3,CA,d_1913,2,2016-04-24,11613,Sunday,2,4,2016,,,,,0,0,0,5.64,1,2,0.0,1.0,0.42857142857142855,0.7867957924694438,0,0,0.5683611,0.7867957924694438,3.4347488991191213,7.4132766834666555,0.68203336,HIGH,6.73124332346223,90.79983940805124,CRITICAL,Urgent stock replenishment required
FOODS_1_006_WI_3_validation,FOODS_1_006,FOODS_1,FOODS,WI_3,WI,d_1913,0,2016-04-24,11613,Sunday,2,4,2016,,,,,0,0,0,2.48,1,2,0.0,2.0,0.7142857142857143,1.1126972805283681,0,0,0.9738164,1.1126972805283681,4.8574684764802925,11.67418324012165,1.1685797,HIGH,10.505603542512702,89.99005177858788,CRITICAL,Urgent stock replenishment required
FOODS_1_008_CA_1_validation,FOODS_1_008,FOODS_1,FOODS,CA_1,CA,d_1913,0,2016-04-24,11613,Sunday,2,4,2016,,,,,0,0,0,3.54,1,2,0.0,0.0,0.0,0.0,0,0,0.15369608,0.0,0.0,1.075872540473938,0.1844353,HIGH,0.8914372473955154,82.85714281757056,CRITICAL,Urgent stock replenishment required
FOODS_1_001_WI_1_validation,FOODS_1_001,FOODS_1,FOODS,WI_1,WI,d_1913,1,2016-04-24,11613,Sunday,2,4,2016,,,,,0,0,0,2.24,1,2,1.0,2.0,1.5714285714285714,2.9358214555806383,0,0,1.1851974,2.9358214555806383,12.816298217504148,21.11267921420825,1.4222369,HIGH,19.690442294805173,93.26358864749884,CRITICAL,Urgent stock replenishment required
FOODS_1_011_WI_3_validation,FOODS_1_011,FOODS_1,FOODS,WI_3,WI,d_1913,0,2016-04-24,11613,Sunday,2,4,2016,,,,,0,0,0,2.68,1,2,0.0,0.0,0.14285714285714285,0.37796447300922725,0,0,0.3846669,0.37796447300922725,1.65,4.342668199539185,0.46160027,HIGH,3.881067925691605,89.37058387521843,CRITICAL,Urgent stock replenishment required
